[
  {
    "pk": 1,
    "model": "contenttypes.contenttype",
    "fields": {
      "model": "logentry",
      "name": "log entry",
      "app_label": "admin"
    }
  },
  {
    "pk": 2,
    "model": "contenttypes.contenttype",
    "fields": {
      "model": "permission",
      "name": "permission",
      "app_label": "auth"
    }
  },
  {
    "pk": 3,
    "model": "contenttypes.contenttype",
    "fields": {
      "model": "group",
      "name": "group",
      "app_label": "auth"
    }
  },
  {
    "pk": 4,
    "model": "contenttypes.contenttype",
    "fields": {
      "model": "user",
      "name": "user",
      "app_label": "auth"
    }
  },
  {
    "pk": 5,
    "model": "contenttypes.contenttype",
    "fields": {
      "model": "contenttype",
      "name": "content type",
      "app_label": "contenttypes"
    }
  },
  {
    "pk": 6,
    "model": "contenttypes.contenttype",
    "fields": {
      "model": "session",
      "name": "session",
      "app_label": "sessions"
    }
  },
  {
    "pk": 7,
    "model": "contenttypes.contenttype",
    "fields": {
      "model": "migrationhistory",
      "name": "migration history",
      "app_label": "south"
    }
  },
  {
    "pk": 8,
    "model": "contenttypes.contenttype",
    "fields": {
      "model": "article",
      "name": "article",
      "app_label": "ed_news"
    }
  },
  {
    "pk": 9,
    "model": "contenttypes.contenttype",
    "fields": {
      "model": "userprofile",
      "name": "user profile",
      "app_label": "ed_news"
    }
  },
  {
    "pk": 10,
    "model": "contenttypes.contenttype",
    "fields": {
      "model": "comment",
      "name": "comment",
      "app_label": "ed_news"
    }
  },
  {
    "pk": "42hafyzg12l6by6dkb2i6ob8p2wsj8qb",
    "model": "sessions.session",
    "fields": {
      "expire_date": "2014-02-18T16:22:20.765Z",
      "session_data": "MDhiNTVmNjM4NjliOWY5MWZmMDI0OWI1MzIxOGM4NWI5MDBlY2Y2Nzp7Il9hdXRoX3VzZXJfYmFja2VuZCI6ImRqYW5nby5jb250cmliLmF1dGguYmFja2VuZHMuTW9kZWxCYWNrZW5kIiwiX2F1dGhfdXNlcl9pZCI6Mn0="
    }
  },
  {
    "pk": "9c2w9flalv5078ozvn78dgj92g82m40m",
    "model": "sessions.session",
    "fields": {
      "expire_date": "2014-02-11T15:01:19.823Z",
      "session_data": "MDhiNTVmNjM4NjliOWY5MWZmMDI0OWI1MzIxOGM4NWI5MDBlY2Y2Nzp7Il9hdXRoX3VzZXJfYmFja2VuZCI6ImRqYW5nby5jb250cmliLmF1dGguYmFja2VuZHMuTW9kZWxCYWNrZW5kIiwiX2F1dGhfdXNlcl9pZCI6Mn0="
    }
  },
  {
    "pk": "9rvhswmahlnh5rlsl7d9jba9p7auj1uo",
    "model": "sessions.session",
    "fields": {
      "expire_date": "2014-02-17T16:16:19.319Z",
      "session_data": "OTMwMmYwNTEzZTUwYTEyNDRkMTg5MWI5NjNjNGY3N2MwMGQ4ZDQ3Mjp7Il9hdXRoX3VzZXJfYmFja2VuZCI6ImRqYW5nby5jb250cmliLmF1dGguYmFja2VuZHMuTW9kZWxCYWNrZW5kIiwiX2F1dGhfdXNlcl9pZCI6NH0="
    }
  },
  {
    "pk": "e03dglxy1ltxykbd0c4vjaoukr5flr5n",
    "model": "sessions.session",
    "fields": {
      "expire_date": "2014-02-17T16:16:38.860Z",
      "session_data": "MTQ4NDM2NDFiNTYxYTkyMjRhNjA4NTVkZWM0YjBlMTc4MmU1ZWFiZDp7Il9hdXRoX3VzZXJfYmFja2VuZCI6ImRqYW5nby5jb250cmliLmF1dGguYmFja2VuZHMuTW9kZWxCYWNrZW5kIiwiX2F1dGhfdXNlcl9pZCI6M30="
    }
  },
  {
    "pk": 1,
    "model": "south.migrationhistory",
    "fields": {
      "applied": "2014-01-28T14:58:15.663Z",
      "app_name": "ed_news",
      "migration": "0001_initial"
    }
  },
  {
    "pk": 2,
    "model": "south.migrationhistory",
    "fields": {
      "applied": "2014-01-29T00:50:03.397Z",
      "app_name": "ed_news",
      "migration": "0002_auto__chg_field_comment_comment_text"
    }
  },
  {
    "pk": 3,
    "model": "south.migrationhistory",
    "fields": {
      "applied": "2014-01-29T16:23:35.848Z",
      "app_name": "ed_news",
      "migration": "0003_auto__chg_field_comment_parent_comment"
    }
  },
  {
    "pk": 4,
    "model": "south.migrationhistory",
    "fields": {
      "applied": "2014-01-29T16:40:53.510Z",
      "app_name": "ed_news",
      "migration": "0004_auto__add_field_comment_ranking_points__add_field_comment_submission_t"
    }
  },
  {
    "pk": 5,
    "model": "south.migrationhistory",
    "fields": {
      "applied": "2014-01-31T16:24:07.025Z",
      "app_name": "ed_news",
      "migration": "0005_rename_author_submitter"
    }
  },
  {
    "pk": 6,
    "model": "south.migrationhistory",
    "fields": {
      "applied": "2014-01-31T16:37:16.580Z",
      "app_name": "ed_news",
      "migration": "0006_auto__add_field_userprofile_karma"
    }
  },
  {
    "pk": 1,
    "model": "auth.permission",
    "fields": {
      "codename": "add_logentry",
      "name": "Can add log entry",
      "content_type": 1
    }
  },
  {
    "pk": 2,
    "model": "auth.permission",
    "fields": {
      "codename": "change_logentry",
      "name": "Can change log entry",
      "content_type": 1
    }
  },
  {
    "pk": 3,
    "model": "auth.permission",
    "fields": {
      "codename": "delete_logentry",
      "name": "Can delete log entry",
      "content_type": 1
    }
  },
  {
    "pk": 4,
    "model": "auth.permission",
    "fields": {
      "codename": "add_permission",
      "name": "Can add permission",
      "content_type": 2
    }
  },
  {
    "pk": 5,
    "model": "auth.permission",
    "fields": {
      "codename": "change_permission",
      "name": "Can change permission",
      "content_type": 2
    }
  },
  {
    "pk": 6,
    "model": "auth.permission",
    "fields": {
      "codename": "delete_permission",
      "name": "Can delete permission",
      "content_type": 2
    }
  },
  {
    "pk": 7,
    "model": "auth.permission",
    "fields": {
      "codename": "add_group",
      "name": "Can add group",
      "content_type": 3
    }
  },
  {
    "pk": 8,
    "model": "auth.permission",
    "fields": {
      "codename": "change_group",
      "name": "Can change group",
      "content_type": 3
    }
  },
  {
    "pk": 9,
    "model": "auth.permission",
    "fields": {
      "codename": "delete_group",
      "name": "Can delete group",
      "content_type": 3
    }
  },
  {
    "pk": 10,
    "model": "auth.permission",
    "fields": {
      "codename": "add_user",
      "name": "Can add user",
      "content_type": 4
    }
  },
  {
    "pk": 11,
    "model": "auth.permission",
    "fields": {
      "codename": "change_user",
      "name": "Can change user",
      "content_type": 4
    }
  },
  {
    "pk": 12,
    "model": "auth.permission",
    "fields": {
      "codename": "delete_user",
      "name": "Can delete user",
      "content_type": 4
    }
  },
  {
    "pk": 13,
    "model": "auth.permission",
    "fields": {
      "codename": "add_contenttype",
      "name": "Can add content type",
      "content_type": 5
    }
  },
  {
    "pk": 14,
    "model": "auth.permission",
    "fields": {
      "codename": "change_contenttype",
      "name": "Can change content type",
      "content_type": 5
    }
  },
  {
    "pk": 15,
    "model": "auth.permission",
    "fields": {
      "codename": "delete_contenttype",
      "name": "Can delete content type",
      "content_type": 5
    }
  },
  {
    "pk": 16,
    "model": "auth.permission",
    "fields": {
      "codename": "add_session",
      "name": "Can add session",
      "content_type": 6
    }
  },
  {
    "pk": 17,
    "model": "auth.permission",
    "fields": {
      "codename": "change_session",
      "name": "Can change session",
      "content_type": 6
    }
  },
  {
    "pk": 18,
    "model": "auth.permission",
    "fields": {
      "codename": "delete_session",
      "name": "Can delete session",
      "content_type": 6
    }
  },
  {
    "pk": 19,
    "model": "auth.permission",
    "fields": {
      "codename": "add_migrationhistory",
      "name": "Can add migration history",
      "content_type": 7
    }
  },
  {
    "pk": 20,
    "model": "auth.permission",
    "fields": {
      "codename": "change_migrationhistory",
      "name": "Can change migration history",
      "content_type": 7
    }
  },
  {
    "pk": 21,
    "model": "auth.permission",
    "fields": {
      "codename": "delete_migrationhistory",
      "name": "Can delete migration history",
      "content_type": 7
    }
  },
  {
    "pk": 22,
    "model": "auth.permission",
    "fields": {
      "codename": "add_article",
      "name": "Can add article",
      "content_type": 8
    }
  },
  {
    "pk": 23,
    "model": "auth.permission",
    "fields": {
      "codename": "change_article",
      "name": "Can change article",
      "content_type": 8
    }
  },
  {
    "pk": 24,
    "model": "auth.permission",
    "fields": {
      "codename": "delete_article",
      "name": "Can delete article",
      "content_type": 8
    }
  },
  {
    "pk": 25,
    "model": "auth.permission",
    "fields": {
      "codename": "add_userprofile",
      "name": "Can add user profile",
      "content_type": 9
    }
  },
  {
    "pk": 26,
    "model": "auth.permission",
    "fields": {
      "codename": "change_userprofile",
      "name": "Can change user profile",
      "content_type": 9
    }
  },
  {
    "pk": 27,
    "model": "auth.permission",
    "fields": {
      "codename": "delete_userprofile",
      "name": "Can delete user profile",
      "content_type": 9
    }
  },
  {
    "pk": 28,
    "model": "auth.permission",
    "fields": {
      "codename": "add_comment",
      "name": "Can add comment",
      "content_type": 10
    }
  },
  {
    "pk": 29,
    "model": "auth.permission",
    "fields": {
      "codename": "change_comment",
      "name": "Can change comment",
      "content_type": 10
    }
  },
  {
    "pk": 30,
    "model": "auth.permission",
    "fields": {
      "codename": "delete_comment",
      "name": "Can delete comment",
      "content_type": 10
    }
  },
  {
    "pk": 33,
    "model": "auth.permission",
    "fields": {
      "codename": "can_downvote_comment",
      "name": "Can downvote comments",
      "content_type": 10
    }
  },
  {
    "pk": 8,
    "model": "auth.group",
    "fields": {
      "name": "Moderators",
      "permissions": [
        33
      ]
    }
  },
  {
    "pk": 1,
    "model": "auth.user",
    "fields": {
      "username": "ednews_su",
      "first_name": "",
      "last_name": "",
      "is_active": true,
      "is_superuser": true,
      "is_staff": true,
      "last_login": "2014-02-03T16:17:27.834Z",
      "groups": [],
      "user_permissions": [],
      "password": "pbkdf2_sha256$12000$XtwK3A5JsDkG$8l6RVlc8/9VjIiZ9PQBVWZ9y+rfvrIPwK+dESpuJn0U=",
      "email": "ehm@gm.com",
      "date_joined": "2014-01-28T14:58:02.281Z"
    }
  },
  {
    "pk": 2,
    "model": "auth.user",
    "fields": {
      "username": "ehmatthes",
      "first_name": "",
      "last_name": "",
      "is_active": true,
      "is_superuser": true,
      "is_staff": true,
      "last_login": "2014-02-04T16:22:20.758Z",
      "groups": [],
      "user_permissions": [],
      "password": "pbkdf2_sha256$12000$51iZyn5hyXyy$2R2s9ZFM7NNgb/aW3Y1Uzy5yPisbFKiPqWJEY7DVAVY=",
      "email": "",
      "date_joined": "2014-01-28T15:00:27Z"
    }
  },
  {
    "pk": 3,
    "model": "auth.user",
    "fields": {
      "username": "erinm",
      "first_name": "",
      "last_name": "",
      "is_active": true,
      "is_superuser": false,
      "is_staff": false,
      "last_login": "2014-02-03T16:16:38.854Z",
      "groups": [],
      "user_permissions": [],
      "password": "pbkdf2_sha256$12000$sDNYfLC4xCpY$zuHogocVITq5nfWcO1C0uuGw9l/ij42VsfBY44+1ktA=",
      "email": "",
      "date_joined": "2014-02-03T07:21:15.454Z"
    }
  },
  {
    "pk": 4,
    "model": "auth.user",
    "fields": {
      "username": "matthese",
      "first_name": "",
      "last_name": "",
      "is_active": true,
      "is_superuser": false,
      "is_staff": false,
      "last_login": "2014-02-03T16:16:19.312Z",
      "groups": [
        8
      ],
      "user_permissions": [],
      "password": "pbkdf2_sha256$12000$wil9hRpVgzqW$1QojXxQ6sNVPbrIo4yqesEOKjeyYsYbNxu3US8JZSmg=",
      "email": "",
      "date_joined": "2014-02-03T07:23:21.502Z"
    }
  },
  {
    "pk": 1,
    "model": "ed_news.article",
    "fields": {
      "ranking_points": 49,
      "title": "Gittip is about people, not projects",
      "url": "http://peak5390.wordpress.com/2013/06/13/gittip-is-about-people-not-products/",
      "submission_time": "2014-01-28T15:01:40.477Z",
      "submitter": 2,
      "upvotes": 2
    }
  },
  {
    "pk": 2,
    "model": "ed_news.article",
    "fields": {
      "ranking_points": 69,
      "title": "Github streak: What I've learned",
      "url": "http://peak5390.wordpress.com/2013/11/08/github-streak-days-31-60-what-ive-learned/",
      "submission_time": "2014-01-28T15:02:02.249Z",
      "submitter": 2,
      "upvotes": 2
    }
  },
  {
    "pk": 3,
    "model": "ed_news.article",
    "fields": {
      "ranking_points": 74,
      "title": "Postgres console commands",
      "url": "http://acsenthil.wordpress.com/2011/06/13/postgresql-console-commands/",
      "submission_time": "2014-01-28T15:02:30.328Z",
      "submitter": 2,
      "upvotes": 2
    }
  },
  {
    "pk": 4,
    "model": "ed_news.article",
    "fields": {
      "ranking_points": 49,
      "title": "Unofficial HN FAQ",
      "url": "http://jacquesmattheij.com/The+Unofficial+HN+FAQ",
      "submission_time": "2014-01-28T15:02:48.162Z",
      "submitter": 2,
      "upvotes": 2
    }
  },
  {
    "pk": 5,
    "model": "ed_news.article",
    "fields": {
      "ranking_points": 40,
      "title": "Art Therapy: A Proposal for Inclusion in School Settings",
      "url": "http://education.jhu.edu/PD/newhorizons/strategies/topics/Arts%20in%20Education/jarboe.htm",
      "submission_time": "2014-01-29T16:05:45.301Z",
      "submitter": 1,
      "upvotes": 2
    }
  },
  {
    "pk": 6,
    "model": "ed_news.article",
    "fields": {
      "ranking_points": 31,
      "title": "Online JSON editor",
      "url": "http://www.jsoneditoronline.org/",
      "submission_time": "2014-01-31T16:31:06.009Z",
      "submitter": 2,
      "upvotes": 3
    }
  },
  {
    "pk": 7,
    "model": "ed_news.article",
    "fields": {
      "ranking_points": 11,
      "title": "Django model field reference",
      "url": "https://docs.djangoproject.com/en/1.6/ref/models/fields",
      "submission_time": "2014-01-31T16:42:23.879Z",
      "submitter": 2,
      "upvotes": 1
    }
  },
  {
    "pk": 8,
    "model": "ed_news.article",
    "fields": {
      "ranking_points": 21,
      "title": "Tango with Django",
      "url": "http://www.tangowithdjango.com/book/index.html",
      "submission_time": "2014-02-01T00:41:00.786Z",
      "submitter": 1,
      "upvotes": 1
    }
  },
  {
    "pk": 9,
    "model": "ed_news.article",
    "fields": {
      "ranking_points": 38,
      "title": "Introduction to Python",
      "url": "http://introtopython.org/",
      "submission_time": "2014-02-01T06:26:00.887Z",
      "submitter": 1,
      "upvotes": 2
    }
  },
  {
    "pk": 1,
    "model": "ed_news.userprofile",
    "fields": {
      "articles": [
        3,
        1,
        4,
        8,
        6,
        9,
        5,
        2
      ],
      "email_public": false,
      "user": 1,
      "karma": 2
    }
  },
  {
    "pk": 2,
    "model": "ed_news.userprofile",
    "fields": {
      "articles": [
        3,
        1,
        4,
        6,
        9,
        7,
        5,
        2
      ],
      "email_public": false,
      "user": 2,
      "karma": 8
    }
  },
  {
    "pk": 3,
    "model": "ed_news.userprofile",
    "fields": {
      "articles": [],
      "email_public": false,
      "user": 3,
      "karma": 1
    }
  },
  {
    "pk": 4,
    "model": "ed_news.userprofile",
    "fields": {
      "articles": [],
      "email_public": false,
      "user": 4,
      "karma": 0
    }
  },
  {
    "pk": 3,
    "model": "ed_news.comment",
    "fields": {
      "ranking_points": 15,
      "comment_text": "These are really helpful, thank you for sharing them.",
      "parent_article": 3,
      "author": 1,
      "downvotes": [],
      "parent_comment": null,
      "flags": [],
      "submission_time": "2014-01-29T00:00:00Z",
      "upvotes": [
        1
      ]
    }
  },
  {
    "pk": 4,
    "model": "ed_news.comment",
    "fields": {
      "ranking_points": 17,
      "comment_text": "I keep this taped to my monitor.\r\n\r\nI'll try to post my handwritten additions when I get to my workspace.",
      "parent_article": 3,
      "author": 2,
      "downvotes": [],
      "parent_comment": null,
      "flags": [],
      "submission_time": "2014-01-30T01:19:22.898Z",
      "upvotes": [
        1
      ]
    }
  },
  {
    "pk": 5,
    "model": "ed_news.comment",
    "fields": {
      "ranking_points": 11,
      "comment_text": "Streaks are good, as long as they keep you having fun. They should not become a burden, though. When they do, it's pretty liberating to let them end. You can learn as much in the first few days after a streak ends as you did throughout the streak, from the newly-liberated perspective of feeling no obligation to make a commit for a little while.",
      "parent_article": 2,
      "author": 2,
      "downvotes": [],
      "parent_comment": null,
      "flags": [],
      "submission_time": "2014-01-30T17:13:31.516Z",
      "upvotes": [
        3,
        1
      ]
    }
  },
  {
    "pk": 6,
    "model": "ed_news.comment",
    "fields": {
      "ranking_points": 1,
      "comment_text": "Art therapy is more than making art; it is making art with a particular therapeutic goal in mind.",
      "parent_article": 5,
      "author": 2,
      "downvotes": [],
      "parent_comment": null,
      "flags": [],
      "submission_time": "2014-01-30T17:14:05.805Z",
      "upvotes": []
    }
  },
  {
    "pk": 7,
    "model": "ed_news.comment",
    "fields": {
      "ranking_points": 21,
      "comment_text": "I also find that starting a new streak is really refreshing after a long streak has just been ended. It's a fresh start using everything you learned in the first streak.",
      "parent_article": 2,
      "author": 2,
      "downvotes": [],
      "parent_comment": null,
      "flags": [],
      "submission_time": "2014-01-31T00:42:42.800Z",
      "upvotes": [
        3,
        1
      ]
    }
  },
  {
    "pk": 8,
    "model": "ed_news.comment",
    "fields": {
      "ranking_points": 21,
      "comment_text": "I'm tired of these streaks. After a while they lead to staleness and just doing things out of habit.",
      "parent_article": 2,
      "author": 2,
      "downvotes": [],
      "parent_comment": null,
      "flags": [],
      "submission_time": "2014-01-31T00:46:34.094Z",
      "upvotes": [
        3,
        1
      ]
    }
  },
  {
    "pk": 9,
    "model": "ed_news.comment",
    "fields": {
      "ranking_points": 26,
      "comment_text": "I'm not sure about these streaks, I just commit whenever I have something important to contribute.",
      "parent_article": 2,
      "author": 1,
      "downvotes": [],
      "parent_comment": null,
      "flags": [],
      "submission_time": "2014-02-01T08:49:01.849Z",
      "upvotes": [
        3
      ]
    }
  },
  {
    "pk": 10,
    "model": "ed_news.comment",
    "fields": {
      "ranking_points": 21,
      "comment_text": "Yes, I find myself referring to these days after this article first appeared.",
      "parent_article": 3,
      "author": 2,
      "downvotes": [],
      "parent_comment": null,
      "flags": [],
      "submission_time": "2014-02-01T08:52:47.052Z",
      "upvotes": []
    }
  },
  {
    "pk": 11,
    "model": "ed_news.comment",
    "fields": {
      "ranking_points": 0,
      "comment_text": "I wish my students had the opportunity to engage in counseling that didn't feel like just talking to another adult.",
      "parent_article": 5,
      "author": 1,
      "downvotes": [],
      "parent_comment": null,
      "flags": [],
      "submission_time": "2014-02-01T16:09:25.673Z",
      "upvotes": []
    }
  },
  {
    "pk": 12,
    "model": "ed_news.comment",
    "fields": {
      "ranking_points": 20,
      "comment_text": "I wish that more people were trained as art therapists.",
      "parent_article": 5,
      "author": 2,
      "downvotes": [],
      "parent_comment": null,
      "flags": [],
      "submission_time": "2014-02-02T08:15:13.005Z",
      "upvotes": []
    }
  },
  {
    "pk": 13,
    "model": "ed_news.comment",
    "fields": {
      "ranking_points": 20,
      "comment_text": "I am learning from art therapy.",
      "parent_article": 5,
      "author": 2,
      "downvotes": [
        1
      ],
      "parent_comment": null,
      "flags": [],
      "submission_time": "2014-02-02T08:18:17.171Z",
      "upvotes": [
        3
      ]
    }
  },
  {
    "pk": 14,
    "model": "ed_news.comment",
    "fields": {
      "ranking_points": 1,
      "comment_text": "I would love to learn how to use these commands!",
      "parent_article": 3,
      "author": 3,
      "downvotes": [],
      "parent_comment": null,
      "flags": [],
      "submission_time": "2014-02-04T16:24:49.716Z",
      "upvotes": []
    }
  },
  {
    "pk": 15,
    "model": "ed_news.comment",
    "fields": {
      "ranking_points": 16,
      "comment_text": "Lorem ipsum dolor sit amet, aliquam accusata usu cu, pri novum meliore sensibus ad. Ad sea prima zril, diam facer feugiat ne sed. At eos veritus dolores. Vel eu diceret postulant hendrerit. Pri ei mucius explicari adolescens.\r\n\r\nDuo te volumus consetetur, ne scripta qualisque sadipscing per. Detraxit incorrupte ut mel, porro possit deserunt ei pri. His ea congue nostrud, rebum putent semper ad vix. Usu ne graeci fastidii, mel habeo tacimates ex. Sea ut persius omittam, invidunt constituto at cum, duo ad homero delectus luptatum.",
      "parent_article": 3,
      "author": 3,
      "downvotes": [],
      "parent_comment": null,
      "flags": [],
      "submission_time": "2014-02-05T00:28:46.503Z",
      "upvotes": [
        2
      ]
    }
  },
  {
    "pk": 16,
    "model": "ed_news.comment",
    "fields": {
      "ranking_points": 21,
      "comment_text": "I just can't agree with you here. Lorem ipsum dolor is the oldest argment in the books, and it says absolutely nothing relevant.",
      "parent_article": null,
      "author": 2,
      "downvotes": [],
      "parent_comment": 15,
      "flags": [],
      "submission_time": "2014-02-05T00:37:14.454Z",
      "upvotes": []
    }
  },
  {
    "pk": 17,
    "model": "ed_news.comment",
    "fields": {
      "ranking_points": 30,
      "comment_text": "Yes, I appreciate when people share concise writeups of commonly used commands.",
      "parent_article": null,
      "author": 2,
      "downvotes": [],
      "parent_comment": 3,
      "flags": [],
      "submission_time": "2014-02-05T07:32:11.077Z",
      "upvotes": []
    }
  },
  {
    "pk": 18,
    "model": "ed_news.comment",
    "fields": {
      "ranking_points": 0,
      "comment_text": "Can you post those, I was really curious.",
      "parent_article": null,
      "author": 2,
      "downvotes": [],
      "parent_comment": 4,
      "flags": [],
      "submission_time": "2014-02-05T07:48:15.580Z",
      "upvotes": []
    }
  },
  {
    "pk": 19,
    "model": "ed_news.comment",
    "fields": {
      "ranking_points": 0,
      "comment_text": "I wouldn't do that. Handwritten notes are unreliable.",
      "parent_article": null,
      "author": 2,
      "downvotes": [],
      "parent_comment": 4,
      "flags": [],
      "submission_time": "2014-02-05T08:07:39.389Z",
      "upvotes": []
    }
  },
  {
    "pk": 20,
    "model": "ed_news.comment",
    "fields": {
      "ranking_points": 0,
      "comment_text": "That sounds like a pretty anti-luddite response.",
      "parent_article": null,
      "author": 3,
      "downvotes": [],
      "parent_comment": 19,
      "flags": [],
      "submission_time": "2014-02-06T15:32:27.670Z",
      "upvotes": []
    }
  },
  {
    "pk": 21,
    "model": "ed_news.comment",
    "fields": {
      "ranking_points": 0,
      "comment_text": "I'm just curious, what is the longest streak you've ended up with from this style of committing?",
      "parent_article": null,
      "author": 2,
      "downvotes": [],
      "parent_comment": 9,
      "flags": [],
      "submission_time": "2014-02-06T15:39:06.516Z",
      "upvotes": []
    }
  },
  {
    "pk": 23,
    "model": "ed_news.comment",
    "fields": {
      "ranking_points": 0,
      "comment_text": "Has your school ever considered partnering with a local mental health agency? I think these partnerships are becoming more common.",
      "parent_article": null,
      "author": 2,
      "downvotes": [],
      "parent_comment": 11,
      "flags": [],
      "submission_time": "2014-02-06T15:40:54.203Z",
      "upvotes": []
    }
  },
  {
    "pk": 1,
    "model": "admin.logentry",
    "fields": {
      "action_flag": 1,
      "action_time": "2014-01-28T14:59:52.004Z",
      "object_repr": "ednews_su",
      "object_id": "1",
      "change_message": "",
      "user": 1,
      "content_type": 9
    }
  },
  {
    "pk": 2,
    "model": "admin.logentry",
    "fields": {
      "action_flag": 1,
      "action_time": "2014-01-28T15:00:27.641Z",
      "object_repr": "ehmatthes",
      "object_id": "2",
      "change_message": "",
      "user": 1,
      "content_type": 4
    }
  },
  {
    "pk": 3,
    "model": "admin.logentry",
    "fields": {
      "action_flag": 2,
      "action_time": "2014-01-28T15:00:44.690Z",
      "object_repr": "ehmatthes",
      "object_id": "2",
      "change_message": "Changed is_staff and is_superuser.",
      "user": 1,
      "content_type": 4
    }
  },
  {
    "pk": 4,
    "model": "admin.logentry",
    "fields": {
      "action_flag": 1,
      "action_time": "2014-01-28T15:01:11.048Z",
      "object_repr": "ehmatthes",
      "object_id": "2",
      "change_message": "",
      "user": 1,
      "content_type": 9
    }
  },
  {
    "pk": 5,
    "model": "admin.logentry",
    "fields": {
      "action_flag": 3,
      "action_time": "2014-02-03T06:45:39.449Z",
      "object_repr": "Moderators",
      "object_id": "1",
      "change_message": "",
      "user": 2,
      "content_type": 3
    }
  },
  {
    "pk": 6,
    "model": "admin.logentry",
    "fields": {
      "action_flag": 3,
      "action_time": "2014-02-03T07:33:27.098Z",
      "object_repr": "Moderators",
      "object_id": "3",
      "change_message": "",
      "user": 2,
      "content_type": 3
    }
  },
  {
    "pk": 7,
    "model": "admin.logentry",
    "fields": {
      "action_flag": 3,
      "action_time": "2014-02-03T07:36:06.980Z",
      "object_repr": "Moderators",
      "object_id": "4",
      "change_message": "",
      "user": 2,
      "content_type": 3
    }
  },
  {
    "pk": 8,
    "model": "admin.logentry",
    "fields": {
      "action_flag": 3,
      "action_time": "2014-02-03T07:43:10.320Z",
      "object_repr": "Moderators",
      "object_id": "6",
      "change_message": "",
      "user": 2,
      "content_type": 3
    }
  },
  {
    "pk": 9,
    "model": "admin.logentry",
    "fields": {
      "action_flag": 3,
      "action_time": "2014-02-03T07:53:44.349Z",
      "object_repr": "Moderators",
      "object_id": "7",
      "change_message": "",
      "user": 2,
      "content_type": 3
    }
  },
  {
    "pk": 10,
    "model": "admin.logentry",
    "fields": {
      "action_flag": 2,
      "action_time": "2014-02-03T15:57:56.225Z",
      "object_repr": "I wish my students had the opportunity to engage i...",
      "object_id": "11",
      "change_message": "Changed downvotes.",
      "user": 2,
      "content_type": 10
    }
  },
  {
    "pk": 11,
    "model": "admin.logentry",
    "fields": {
      "action_flag": 2,
      "action_time": "2014-02-03T16:02:58.236Z",
      "object_repr": "I wish my students had the opportunity to engage i...",
      "object_id": "11",
      "change_message": "Changed upvotes and downvotes.",
      "user": 2,
      "content_type": 10
    }
  },
  {
    "pk": 12,
    "model": "admin.logentry",
    "fields": {
      "action_flag": 2,
      "action_time": "2014-02-03T16:03:16.697Z",
      "object_repr": "I wish my students had the opportunity to engage i...",
      "object_id": "11",
      "change_message": "Changed upvotes.",
      "user": 2,
      "content_type": 10
    }
  },
  {
    "pk": 13,
    "model": "admin.logentry",
    "fields": {
      "action_flag": 2,
      "action_time": "2014-02-03T16:06:07.084Z",
      "object_repr": "I wish my students had the opportunity to engage i...",
      "object_id": "11",
      "change_message": "Changed upvotes and downvotes.",
      "user": 2,
      "content_type": 10
    }
  },
  {
    "pk": 14,
    "model": "admin.logentry",
    "fields": {
      "action_flag": 2,
      "action_time": "2014-02-05T07:39:49.621Z",
      "object_repr": "I just can't agree with you here. Lorem ipsum dolo...",
      "object_id": "16",
      "change_message": "Changed parent_article.",
      "user": 2,
      "content_type": 10
    }
  },
  {
    "pk": 15,
    "model": "admin.logentry",
    "fields": {
      "action_flag": 2,
      "action_time": "2014-02-05T07:39:56.763Z",
      "object_repr": "Yes, I appreciate when people share concise writeu...",
      "object_id": "17",
      "change_message": "Changed parent_article.",
      "user": 2,
      "content_type": 10
    }
  },
  {
    "pk": 16,
    "model": "admin.logentry",
    "fields": {
      "action_flag": 3,
      "action_time": "2014-02-06T15:40:03.241Z",
      "object_repr": "I'm just curious, what is the longest streak you'v...",
      "object_id": "22",
      "change_message": "",
      "user": 2,
      "content_type": 10
    }
  }
]
