[{"pk": 1, "model": "contenttypes.contenttype", "fields": {"model": "logentry", "name": "log entry", "app_label": "admin"}}, {"pk": 2, "model": "contenttypes.contenttype", "fields": {"model": "permission", "name": "permission", "app_label": "auth"}}, {"pk": 3, "model": "contenttypes.contenttype", "fields": {"model": "group", "name": "group", "app_label": "auth"}}, {"pk": 4, "model": "contenttypes.contenttype", "fields": {"model": "user", "name": "user", "app_label": "auth"}}, {"pk": 5, "model": "contenttypes.contenttype", "fields": {"model": "contenttype", "name": "content type", "app_label": "contenttypes"}}, {"pk": 6, "model": "contenttypes.contenttype", "fields": {"model": "session", "name": "session", "app_label": "sessions"}}, {"pk": 7, "model": "contenttypes.contenttype", "fields": {"model": "migrationhistory", "name": "migration history", "app_label": "south"}}, {"pk": 8, "model": "contenttypes.contenttype", "fields": {"model": "submission", "name": "submission", "app_label": "ed_news"}}, {"pk": 9, "model": "contenttypes.contenttype", "fields": {"model": "article", "name": "article", "app_label": "ed_news"}}, {"pk": 10, "model": "contenttypes.contenttype", "fields": {"model": "textpost", "name": "text post", "app_label": "ed_news"}}, {"pk": 11, "model": "contenttypes.contenttype", "fields": {"model": "userprofile", "name": "user profile", "app_label": "ed_news"}}, {"pk": 12, "model": "contenttypes.contenttype", "fields": {"model": "comment", "name": "comment", "app_label": "ed_news"}}, {"pk": "6gb3tk4a2cjdog7vuztpb8ovbfeprg7r", "model": "sessions.session", "fields": {"expire_date": "2014-04-04T16:31:06.358Z", "session_data": "MTM2MzBhMDRkOGIzYjNmOWI3MjAzNTc4ZTljZTA2NmFjNTc0MmJjNjp7Il9hdXRoX3VzZXJfYmFja2VuZCI6ImRqYW5nby5jb250cmliLmF1dGguYmFja2VuZHMuTW9kZWxCYWNrZW5kIiwiX2F1dGhfdXNlcl9pZCI6M30="}}, {"pk": 1, "model": "south.migrationhistory", "fields": {"applied": "2014-03-21T16:31:05.898Z", "app_name": "ed_news", "migration": "0001_initial"}}, {"pk": 2, "model": "south.migrationhistory", "fields": {"applied": "2014-03-21T16:31:05.935Z", "app_name": "ed_news", "migration": "0002_auto__add_field_textpost_url"}}, {"pk": 3, "model": "south.migrationhistory", "fields": {"applied": "2014-03-21T16:31:05.976Z", "app_name": "ed_news", "migration": "0003_auto__del_field_article_url__del_field_textpost_url__add_field_submiss"}}, {"pk": 1, "model": "auth.permission", "fields": {"codename": "add_logentry", "name": "Can add log entry", "content_type": 1}}, {"pk": 2, "model": "auth.permission", "fields": {"codename": "change_logentry", "name": "Can change log entry", "content_type": 1}}, {"pk": 3, "model": "auth.permission", "fields": {"codename": "delete_logentry", "name": "Can delete log entry", "content_type": 1}}, {"pk": 4, "model": "auth.permission", "fields": {"codename": "add_permission", "name": "Can add permission", "content_type": 2}}, {"pk": 5, "model": "auth.permission", "fields": {"codename": "change_permission", "name": "Can change permission", "content_type": 2}}, {"pk": 6, "model": "auth.permission", "fields": {"codename": "delete_permission", "name": "Can delete permission", "content_type": 2}}, {"pk": 7, "model": "auth.permission", "fields": {"codename": "add_group", "name": "Can add group", "content_type": 3}}, {"pk": 8, "model": "auth.permission", "fields": {"codename": "change_group", "name": "Can change group", "content_type": 3}}, {"pk": 9, "model": "auth.permission", "fields": {"codename": "delete_group", "name": "Can delete group", "content_type": 3}}, {"pk": 10, "model": "auth.permission", "fields": {"codename": "add_user", "name": "Can add user", "content_type": 4}}, {"pk": 11, "model": "auth.permission", "fields": {"codename": "change_user", "name": "Can change user", "content_type": 4}}, {"pk": 12, "model": "auth.permission", "fields": {"codename": "delete_user", "name": "Can delete user", "content_type": 4}}, {"pk": 13, "model": "auth.permission", "fields": {"codename": "add_contenttype", "name": "Can add content type", "content_type": 5}}, {"pk": 14, "model": "auth.permission", "fields": {"codename": "change_contenttype", "name": "Can change content type", "content_type": 5}}, {"pk": 15, "model": "auth.permission", "fields": {"codename": "delete_contenttype", "name": "Can delete content type", "content_type": 5}}, {"pk": 16, "model": "auth.permission", "fields": {"codename": "add_session", "name": "Can add session", "content_type": 6}}, {"pk": 17, "model": "auth.permission", "fields": {"codename": "change_session", "name": "Can change session", "content_type": 6}}, {"pk": 18, "model": "auth.permission", "fields": {"codename": "delete_session", "name": "Can delete session", "content_type": 6}}, {"pk": 19, "model": "auth.permission", "fields": {"codename": "add_migrationhistory", "name": "Can add migration history", "content_type": 7}}, {"pk": 20, "model": "auth.permission", "fields": {"codename": "change_migrationhistory", "name": "Can change migration history", "content_type": 7}}, {"pk": 21, "model": "auth.permission", "fields": {"codename": "delete_migrationhistory", "name": "Can delete migration history", "content_type": 7}}, {"pk": 22, "model": "auth.permission", "fields": {"codename": "add_submission", "name": "Can add submission", "content_type": 8}}, {"pk": 23, "model": "auth.permission", "fields": {"codename": "change_submission", "name": "Can change submission", "content_type": 8}}, {"pk": 24, "model": "auth.permission", "fields": {"codename": "delete_submission", "name": "Can delete submission", "content_type": 8}}, {"pk": 25, "model": "auth.permission", "fields": {"codename": "add_article", "name": "Can add article", "content_type": 9}}, {"pk": 26, "model": "auth.permission", "fields": {"codename": "change_article", "name": "Can change article", "content_type": 9}}, {"pk": 27, "model": "auth.permission", "fields": {"codename": "delete_article", "name": "Can delete article", "content_type": 9}}, {"pk": 28, "model": "auth.permission", "fields": {"codename": "add_textpost", "name": "Can add text post", "content_type": 10}}, {"pk": 29, "model": "auth.permission", "fields": {"codename": "change_textpost", "name": "Can change text post", "content_type": 10}}, {"pk": 30, "model": "auth.permission", "fields": {"codename": "delete_textpost", "name": "Can delete text post", "content_type": 10}}, {"pk": 31, "model": "auth.permission", "fields": {"codename": "add_userprofile", "name": "Can add user profile", "content_type": 11}}, {"pk": 32, "model": "auth.permission", "fields": {"codename": "change_userprofile", "name": "Can change user profile", "content_type": 11}}, {"pk": 33, "model": "auth.permission", "fields": {"codename": "delete_userprofile", "name": "Can delete user profile", "content_type": 11}}, {"pk": 34, "model": "auth.permission", "fields": {"codename": "add_comment", "name": "Can add comment", "content_type": 12}}, {"pk": 35, "model": "auth.permission", "fields": {"codename": "change_comment", "name": "Can change comment", "content_type": 12}}, {"pk": 36, "model": "auth.permission", "fields": {"codename": "delete_comment", "name": "Can delete comment", "content_type": 12}}, {"pk": 37, "model": "auth.permission", "fields": {"codename": "can_downvote_comment", "name": "Can downvote comments", "content_type": 12}}, {"pk": 38, "model": "auth.permission", "fields": {"codename": "can_flag_comment", "name": "Can flag comments", "content_type": 12}}, {"pk": 39, "model": "auth.permission", "fields": {"codename": "can_flag_submission", "name": "Can flag submissions", "content_type": 8}}, {"pk": 1, "model": "auth.group", "fields": {"name": "Active Members", "permissions": [37, 38, 39]}}, {"pk": 1, "model": "auth.user", "fields": {"username": "user_0", "first_name": "", "last_name": "", "is_active": true, "is_superuser": false, "is_staff": false, "last_login": "2014-03-21T16:31:06.221Z", "groups": [], "user_permissions": [], "password": "pbkdf2_sha256$12000$8Aes1kN9ccnn$brk+y7lIvj2raT1dLZ60mrVrjXQF7YCiRv8RxRAWBZQ=", "email": "", "date_joined": "2014-03-21T16:31:06.028Z"}}, {"pk": 2, "model": "auth.user", "fields": {"username": "user_1", "first_name": "", "last_name": "", "is_active": true, "is_superuser": false, "is_staff": false, "last_login": "2014-03-21T16:31:06.286Z", "groups": [], "user_permissions": [], "password": "pbkdf2_sha256$12000$Na1BiewYljVA$EUULWrx05SjYPwi1yIjnJHtQqlKaP7qi45scTU1WDr8=", "email": "", "date_joined": "2014-03-21T16:31:06.084Z"}}, {"pk": 3, "model": "auth.user", "fields": {"username": "user_2", "first_name": "", "last_name": "", "is_active": true, "is_superuser": false, "is_staff": false, "last_login": "2014-03-21T16:31:06.357Z", "groups": [], "user_permissions": [], "password": "pbkdf2_sha256$12000$sDbdZqvL8YHZ$jfaAe4IUi9prmJVPAxOiuGPnxfo474roW+CBN/OReVI=", "email": "", "date_joined": "2014-03-21T16:31:06.127Z"}}, {"pk": 1, "model": "ed_news.submission", "fields": {"ranking_points": 83, "title": "I googled my username: user_0-0", "url": "http://google.com/#q=user_0-0", "visible": true, "flags": [], "submission_time": "2014-03-21T10:26:59.228Z", "submitter": 1, "upvotes": [1, 2]}}, {"pk": 2, "model": "ed_news.submission", "fields": {"ranking_points": 45, "title": "I googled my username: user_0-1", "url": "http://google.com/#q=user_0-1", "visible": true, "flags": [], "submission_time": "2014-03-21T06:54:20.232Z", "submitter": 1, "upvotes": []}}, {"pk": 3, "model": "ed_news.submission", "fields": {"ranking_points": 85, "title": "I googled my username: user_1-0", "url": "http://google.com/#q=user_1-0", "visible": true, "flags": [], "submission_time": "2014-03-21T07:33:15.291Z", "submitter": 2, "upvotes": [2]}}, {"pk": 4, "model": "ed_news.submission", "fields": {"ranking_points": 64, "title": "I googled my username: user_1-1", "url": "http://google.com/#q=user_1-1", "visible": true, "flags": [], "submission_time": "2014-03-21T03:51:57.297Z", "submitter": 2, "upvotes": [1, 3]}}, {"pk": 5, "model": "ed_news.submission", "fields": {"ranking_points": 81, "title": "I googled my username: user_2-0", "url": "http://google.com/#q=user_2-0", "visible": true, "flags": [], "submission_time": "2014-03-20T19:27:34.363Z", "submitter": 3, "upvotes": []}}, {"pk": 6, "model": "ed_news.submission", "fields": {"ranking_points": 39, "title": "I googled my username: user_2-1", "url": "http://google.com/#q=user_2-1", "visible": true, "flags": [], "submission_time": "2014-03-21T04:19:43.368Z", "submitter": 3, "upvotes": []}}, {"pk": 1, "model": "ed_news.article", "fields": {"upvotes": [1, 2], "flags": []}}, {"pk": 2, "model": "ed_news.article", "fields": {"upvotes": [], "flags": []}}, {"pk": 3, "model": "ed_news.article", "fields": {"upvotes": [2], "flags": []}}, {"pk": 4, "model": "ed_news.article", "fields": {"upvotes": [1, 3], "flags": []}}, {"pk": 5, "model": "ed_news.article", "fields": {"upvotes": [], "flags": []}}, {"pk": 6, "model": "ed_news.article", "fields": {"upvotes": [], "flags": []}}, {"pk": 1, "model": "ed_news.userprofile", "fields": {"email_public": false, "user": 1, "show_invisible": false, "karma": 1}}, {"pk": 2, "model": "ed_news.userprofile", "fields": {"email_public": false, "user": 2, "show_invisible": false, "karma": 2}}, {"pk": 3, "model": "ed_news.userprofile", "fields": {"email_public": false, "user": 3, "show_invisible": false, "karma": 0}}, {"pk": 1, "model": "ed_news.comment", "fields": {"ranking_points": 0, "comment_text": "I just don't think you'll ever make a magnetic monopole.", "author": 1, "parent_submission": 1, "parent_comment": null, "visible": true, "flags": [], "submission_time": "2014-03-21T16:31:06.374Z", "upvotes": [], "downvotes": []}}, {"pk": 2, "model": "ed_news.comment", "fields": {"ranking_points": 0, "comment_text": "I just don't think you'll ever make a magnetic monopole.", "author": 3, "parent_submission": 1, "parent_comment": null, "visible": true, "flags": [], "submission_time": "2014-03-21T16:31:06.376Z", "upvotes": [], "downvotes": []}}, {"pk": 3, "model": "ed_news.comment", "fields": {"ranking_points": 0, "comment_text": "I just don't think you'll ever make a magnetic monopole.", "author": 1, "parent_submission": 1, "parent_comment": null, "visible": true, "flags": [], "submission_time": "2014-03-21T16:31:06.378Z", "upvotes": [], "downvotes": []}}, {"pk": 4, "model": "ed_news.comment", "fields": {"ranking_points": 0, "comment_text": "I just don't think you'll ever make a magnetic monopole.", "author": 2, "parent_submission": 2, "parent_comment": null, "visible": true, "flags": [], "submission_time": "2014-03-21T16:31:06.379Z", "upvotes": [], "downvotes": []}}, {"pk": 5, "model": "ed_news.comment", "fields": {"ranking_points": 0, "comment_text": "I just don't think you'll ever make a magnetic monopole.", "author": 2, "parent_submission": 2, "parent_comment": null, "visible": true, "flags": [], "submission_time": "2014-03-21T16:31:06.380Z", "upvotes": [], "downvotes": []}}, {"pk": 6, "model": "ed_news.comment", "fields": {"ranking_points": 0, "comment_text": "I just don't think you'll ever make a magnetic monopole.", "author": 1, "parent_submission": 2, "parent_comment": null, "visible": true, "flags": [], "submission_time": "2014-03-21T16:31:06.381Z", "upvotes": [], "downvotes": []}}, {"pk": 7, "model": "ed_news.comment", "fields": {"ranking_points": 0, "comment_text": "I just don't think you'll ever make a magnetic monopole.", "author": 2, "parent_submission": 3, "parent_comment": null, "visible": true, "flags": [], "submission_time": "2014-03-21T16:31:06.382Z", "upvotes": [], "downvotes": []}}, {"pk": 8, "model": "ed_news.comment", "fields": {"ranking_points": 0, "comment_text": "I just don't think you'll ever make a magnetic monopole.", "author": 2, "parent_submission": 3, "parent_comment": null, "visible": true, "flags": [], "submission_time": "2014-03-21T16:31:06.384Z", "upvotes": [], "downvotes": []}}, {"pk": 9, "model": "ed_news.comment", "fields": {"ranking_points": 0, "comment_text": "I just don't think you'll ever make a magnetic monopole.", "author": 3, "parent_submission": 3, "parent_comment": null, "visible": true, "flags": [], "submission_time": "2014-03-21T16:31:06.385Z", "upvotes": [], "downvotes": []}}, {"pk": 10, "model": "ed_news.comment", "fields": {"ranking_points": 0, "comment_text": "I just don't think you'll ever make a magnetic monopole.", "author": 2, "parent_submission": 4, "parent_comment": null, "visible": true, "flags": [], "submission_time": "2014-03-21T16:31:06.386Z", "upvotes": [], "downvotes": []}}, {"pk": 11, "model": "ed_news.comment", "fields": {"ranking_points": 0, "comment_text": "I just don't think you'll ever make a magnetic monopole.", "author": 3, "parent_submission": 4, "parent_comment": null, "visible": true, "flags": [], "submission_time": "2014-03-21T16:31:06.387Z", "upvotes": [], "downvotes": []}}, {"pk": 12, "model": "ed_news.comment", "fields": {"ranking_points": 0, "comment_text": "I just don't think you'll ever make a magnetic monopole.", "author": 3, "parent_submission": 4, "parent_comment": null, "visible": true, "flags": [], "submission_time": "2014-03-21T16:31:06.389Z", "upvotes": [], "downvotes": []}}, {"pk": 13, "model": "ed_news.comment", "fields": {"ranking_points": 0, "comment_text": "I just don't think you'll ever make a magnetic monopole.", "author": 1, "parent_submission": 5, "parent_comment": null, "visible": true, "flags": [], "submission_time": "2014-03-21T16:31:06.390Z", "upvotes": [], "downvotes": []}}, {"pk": 14, "model": "ed_news.comment", "fields": {"ranking_points": 0, "comment_text": "I just don't think you'll ever make a magnetic monopole.", "author": 2, "parent_submission": 5, "parent_comment": null, "visible": true, "flags": [], "submission_time": "2014-03-21T16:31:06.391Z", "upvotes": [], "downvotes": []}}, {"pk": 15, "model": "ed_news.comment", "fields": {"ranking_points": 0, "comment_text": "I just don't think you'll ever make a magnetic monopole.", "author": 2, "parent_submission": 5, "parent_comment": null, "visible": true, "flags": [], "submission_time": "2014-03-21T16:31:06.392Z", "upvotes": [], "downvotes": []}}, {"pk": 16, "model": "ed_news.comment", "fields": {"ranking_points": 0, "comment_text": "I just don't think you'll ever make a magnetic monopole.", "author": 1, "parent_submission": 6, "parent_comment": null, "visible": true, "flags": [], "submission_time": "2014-03-21T16:31:06.393Z", "upvotes": [], "downvotes": []}}, {"pk": 17, "model": "ed_news.comment", "fields": {"ranking_points": 0, "comment_text": "I just don't think you'll ever make a magnetic monopole.", "author": 2, "parent_submission": 6, "parent_comment": null, "visible": true, "flags": [], "submission_time": "2014-03-21T16:31:06.395Z", "upvotes": [], "downvotes": []}}, {"pk": 18, "model": "ed_news.comment", "fields": {"ranking_points": 0, "comment_text": "I just don't think you'll ever make a magnetic monopole.", "author": 1, "parent_submission": 6, "parent_comment": null, "visible": true, "flags": [], "submission_time": "2014-03-21T16:31:06.396Z", "upvotes": [], "downvotes": []}}, {"pk": 19, "model": "ed_news.comment", "fields": {"ranking_points": 0, "comment_text": "Yeah, I was kind of thinking that.", "author": 1, "parent_submission": 3, "parent_comment": 7, "visible": true, "flags": [], "submission_time": "2014-03-21T16:31:06.401Z", "upvotes": [], "downvotes": []}}, {"pk": 20, "model": "ed_news.comment", "fields": {"ranking_points": 0, "comment_text": "Yeah, I was kind of thinking that.", "author": 1, "parent_submission": 3, "parent_comment": 19, "visible": true, "flags": [], "submission_time": "2014-03-21T16:31:06.404Z", "upvotes": [], "downvotes": []}}, {"pk": 21, "model": "ed_news.comment", "fields": {"ranking_points": 0, "comment_text": "Yeah, I was kind of thinking that.", "author": 1, "parent_submission": 5, "parent_comment": 14, "visible": true, "flags": [], "submission_time": "2014-03-21T16:31:06.407Z", "upvotes": [], "downvotes": []}}, {"pk": 22, "model": "ed_news.comment", "fields": {"ranking_points": 0, "comment_text": "Yeah, I was kind of thinking that.", "author": 1, "parent_submission": 5, "parent_comment": 21, "visible": true, "flags": [], "submission_time": "2014-03-21T16:31:06.412Z", "upvotes": [], "downvotes": []}}, {"pk": 23, "model": "ed_news.comment", "fields": {"ranking_points": 0, "comment_text": "Yeah, I was kind of thinking that.", "author": 1, "parent_submission": 3, "parent_comment": 20, "visible": true, "flags": [], "submission_time": "2014-03-21T16:31:06.415Z", "upvotes": [], "downvotes": []}}, {"pk": 24, "model": "ed_news.comment", "fields": {"ranking_points": 0, "comment_text": "Yeah, I was kind of thinking that.", "author": 1, "parent_submission": 5, "parent_comment": 14, "visible": true, "flags": [], "submission_time": "2014-03-21T16:31:06.420Z", "upvotes": [], "downvotes": []}}, {"pk": 25, "model": "ed_news.comment", "fields": {"ranking_points": 0, "comment_text": "Yeah, I was kind of thinking that.", "author": 1, "parent_submission": 5, "parent_comment": 21, "visible": true, "flags": [], "submission_time": "2014-03-21T16:31:06.424Z", "upvotes": [], "downvotes": []}}, {"pk": 26, "model": "ed_news.comment", "fields": {"ranking_points": 0, "comment_text": "Yeah, I was kind of thinking that.", "author": 1, "parent_submission": 6, "parent_comment": 17, "visible": true, "flags": [], "submission_time": "2014-03-21T16:31:06.429Z", "upvotes": [], "downvotes": []}}, {"pk": 27, "model": "ed_news.comment", "fields": {"ranking_points": 0, "comment_text": "Yeah, I was kind of thinking that.", "author": 1, "parent_submission": 4, "parent_comment": 11, "visible": true, "flags": [], "submission_time": "2014-03-21T16:31:06.433Z", "upvotes": [], "downvotes": []}}, {"pk": 28, "model": "ed_news.comment", "fields": {"ranking_points": 0, "comment_text": "Yeah, I was kind of thinking that.", "author": 1, "parent_submission": 6, "parent_comment": 16, "visible": true, "flags": [], "submission_time": "2014-03-21T16:31:06.437Z", "upvotes": [], "downvotes": []}}, {"pk": 29, "model": "ed_news.comment", "fields": {"ranking_points": 0, "comment_text": "Yeah, I was kind of thinking that.", "author": 2, "parent_submission": 5, "parent_comment": 22, "visible": true, "flags": [], "submission_time": "2014-03-21T16:31:06.440Z", "upvotes": [], "downvotes": []}}, {"pk": 30, "model": "ed_news.comment", "fields": {"ranking_points": 0, "comment_text": "Yeah, I was kind of thinking that.", "author": 2, "parent_submission": 5, "parent_comment": 21, "visible": true, "flags": [], "submission_time": "2014-03-21T16:31:06.442Z", "upvotes": [], "downvotes": []}}, {"pk": 31, "model": "ed_news.comment", "fields": {"ranking_points": 0, "comment_text": "Yeah, I was kind of thinking that.", "author": 2, "parent_submission": 4, "parent_comment": 11, "visible": true, "flags": [], "submission_time": "2014-03-21T16:31:06.444Z", "upvotes": [], "downvotes": []}}, {"pk": 32, "model": "ed_news.comment", "fields": {"ranking_points": 0, "comment_text": "Yeah, I was kind of thinking that.", "author": 2, "parent_submission": 6, "parent_comment": 28, "visible": true, "flags": [], "submission_time": "2014-03-21T16:31:06.447Z", "upvotes": [], "downvotes": []}}, {"pk": 33, "model": "ed_news.comment", "fields": {"ranking_points": 0, "comment_text": "Yeah, I was kind of thinking that.", "author": 2, "parent_submission": 5, "parent_comment": 15, "visible": true, "flags": [], "submission_time": "2014-03-21T16:31:06.450Z", "upvotes": [], "downvotes": []}}, {"pk": 34, "model": "ed_news.comment", "fields": {"ranking_points": 0, "comment_text": "Yeah, I was kind of thinking that.", "author": 2, "parent_submission": 5, "parent_comment": 25, "visible": true, "flags": [], "submission_time": "2014-03-21T16:31:06.453Z", "upvotes": [], "downvotes": []}}, {"pk": 35, "model": "ed_news.comment", "fields": {"ranking_points": 0, "comment_text": "Yeah, I was kind of thinking that.", "author": 2, "parent_submission": 3, "parent_comment": 7, "visible": true, "flags": [], "submission_time": "2014-03-21T16:31:06.456Z", "upvotes": [], "downvotes": []}}, {"pk": 36, "model": "ed_news.comment", "fields": {"ranking_points": 0, "comment_text": "Yeah, I was kind of thinking that.", "author": 2, "parent_submission": 2, "parent_comment": 6, "visible": true, "flags": [], "submission_time": "2014-03-21T16:31:06.460Z", "upvotes": [], "downvotes": []}}, {"pk": 37, "model": "ed_news.comment", "fields": {"ranking_points": 0, "comment_text": "Yeah, I was kind of thinking that.", "author": 2, "parent_submission": 5, "parent_comment": 14, "visible": true, "flags": [], "submission_time": "2014-03-21T16:31:06.464Z", "upvotes": [], "downvotes": []}}, {"pk": 38, "model": "ed_news.comment", "fields": {"ranking_points": 0, "comment_text": "Yeah, I was kind of thinking that.", "author": 2, "parent_submission": 5, "parent_comment": 15, "visible": true, "flags": [], "submission_time": "2014-03-21T16:31:06.469Z", "upvotes": [], "downvotes": []}}, {"pk": 39, "model": "ed_news.comment", "fields": {"ranking_points": 0, "comment_text": "Yeah, I was kind of thinking that.", "author": 3, "parent_submission": 4, "parent_comment": 11, "visible": true, "flags": [], "submission_time": "2014-03-21T16:31:06.473Z", "upvotes": [], "downvotes": []}}, {"pk": 40, "model": "ed_news.comment", "fields": {"ranking_points": 0, "comment_text": "Yeah, I was kind of thinking that.", "author": 3, "parent_submission": 3, "parent_comment": 23, "visible": true, "flags": [], "submission_time": "2014-03-21T16:31:06.478Z", "upvotes": [], "downvotes": []}}, {"pk": 41, "model": "ed_news.comment", "fields": {"ranking_points": 0, "comment_text": "Yeah, I was kind of thinking that.", "author": 3, "parent_submission": 5, "parent_comment": 13, "visible": true, "flags": [], "submission_time": "2014-03-21T16:31:06.482Z", "upvotes": [], "downvotes": []}}, {"pk": 42, "model": "ed_news.comment", "fields": {"ranking_points": 0, "comment_text": "Yeah, I was kind of thinking that.", "author": 3, "parent_submission": 2, "parent_comment": 5, "visible": true, "flags": [], "submission_time": "2014-03-21T16:31:06.487Z", "upvotes": [], "downvotes": []}}, {"pk": 43, "model": "ed_news.comment", "fields": {"ranking_points": 0, "comment_text": "Yeah, I was kind of thinking that.", "author": 3, "parent_submission": 2, "parent_comment": 4, "visible": true, "flags": [], "submission_time": "2014-03-21T16:31:06.491Z", "upvotes": [], "downvotes": []}}, {"pk": 44, "model": "ed_news.comment", "fields": {"ranking_points": 0, "comment_text": "Yeah, I was kind of thinking that.", "author": 3, "parent_submission": 1, "parent_comment": 1, "visible": true, "flags": [], "submission_time": "2014-03-21T16:31:06.495Z", "upvotes": [], "downvotes": []}}, {"pk": 45, "model": "ed_news.comment", "fields": {"ranking_points": 0, "comment_text": "Yeah, I was kind of thinking that.", "author": 3, "parent_submission": 1, "parent_comment": 3, "visible": true, "flags": [], "submission_time": "2014-03-21T16:31:06.498Z", "upvotes": [], "downvotes": []}}, {"pk": 46, "model": "ed_news.comment", "fields": {"ranking_points": 0, "comment_text": "Yeah, I was kind of thinking that.", "author": 3, "parent_submission": 5, "parent_comment": 13, "visible": true, "flags": [], "submission_time": "2014-03-21T16:31:06.501Z", "upvotes": [], "downvotes": []}}, {"pk": 47, "model": "ed_news.comment", "fields": {"ranking_points": 0, "comment_text": "Yeah, I was kind of thinking that.", "author": 3, "parent_submission": 3, "parent_comment": 19, "visible": true, "flags": [], "submission_time": "2014-03-21T16:31:06.504Z", "upvotes": [], "downvotes": []}}, {"pk": 48, "model": "ed_news.comment", "fields": {"ranking_points": 0, "comment_text": "Yeah, I was kind of thinking that.", "author": 3, "parent_submission": 5, "parent_comment": 13, "visible": true, "flags": [], "submission_time": "2014-03-21T16:31:06.507Z", "upvotes": [], "downvotes": []}}]