[{"pk": 1, "model": "contenttypes.contenttype", "fields": {"model": "logentry", "name": "log entry", "app_label": "admin"}}, {"pk": 2, "model": "contenttypes.contenttype", "fields": {"model": "permission", "name": "permission", "app_label": "auth"}}, {"pk": 3, "model": "contenttypes.contenttype", "fields": {"model": "group", "name": "group", "app_label": "auth"}}, {"pk": 4, "model": "contenttypes.contenttype", "fields": {"model": "user", "name": "user", "app_label": "auth"}}, {"pk": 5, "model": "contenttypes.contenttype", "fields": {"model": "contenttype", "name": "content type", "app_label": "contenttypes"}}, {"pk": 6, "model": "contenttypes.contenttype", "fields": {"model": "session", "name": "session", "app_label": "sessions"}}, {"pk": 7, "model": "contenttypes.contenttype", "fields": {"model": "migrationhistory", "name": "migration history", "app_label": "south"}}, {"pk": 8, "model": "contenttypes.contenttype", "fields": {"model": "submission", "name": "submission", "app_label": "ed_news"}}, {"pk": 9, "model": "contenttypes.contenttype", "fields": {"model": "article", "name": "article", "app_label": "ed_news"}}, {"pk": 10, "model": "contenttypes.contenttype", "fields": {"model": "textpost", "name": "text post", "app_label": "ed_news"}}, {"pk": 11, "model": "contenttypes.contenttype", "fields": {"model": "userprofile", "name": "user profile", "app_label": "ed_news"}}, {"pk": 12, "model": "contenttypes.contenttype", "fields": {"model": "comment", "name": "comment", "app_label": "ed_news"}}, {"pk": "mtyo3y6p1abp3sz6msgu7fy00p8ypxxw", "model": "sessions.session", "fields": {"expire_date": "2014-04-08T13:48:39.916Z", "session_data": "MTM2MzBhMDRkOGIzYjNmOWI3MjAzNTc4ZTljZTA2NmFjNTc0MmJjNjp7Il9hdXRoX3VzZXJfYmFja2VuZCI6ImRqYW5nby5jb250cmliLmF1dGguYmFja2VuZHMuTW9kZWxCYWNrZW5kIiwiX2F1dGhfdXNlcl9pZCI6M30="}}, {"pk": 1, "model": "south.migrationhistory", "fields": {"applied": "2014-03-25T13:48:39.455Z", "app_name": "ed_news", "migration": "0001_initial"}}, {"pk": 2, "model": "south.migrationhistory", "fields": {"applied": "2014-03-25T13:48:39.485Z", "app_name": "ed_news", "migration": "0002_auto__add_field_textpost_url"}}, {"pk": 3, "model": "south.migrationhistory", "fields": {"applied": "2014-03-25T13:48:39.544Z", "app_name": "ed_news", "migration": "0003_auto__del_field_article_url__del_field_textpost_url__add_field_submiss"}}, {"pk": 1, "model": "auth.permission", "fields": {"codename": "add_logentry", "name": "Can add log entry", "content_type": 1}}, {"pk": 2, "model": "auth.permission", "fields": {"codename": "change_logentry", "name": "Can change log entry", "content_type": 1}}, {"pk": 3, "model": "auth.permission", "fields": {"codename": "delete_logentry", "name": "Can delete log entry", "content_type": 1}}, {"pk": 4, "model": "auth.permission", "fields": {"codename": "add_permission", "name": "Can add permission", "content_type": 2}}, {"pk": 5, "model": "auth.permission", "fields": {"codename": "change_permission", "name": "Can change permission", "content_type": 2}}, {"pk": 6, "model": "auth.permission", "fields": {"codename": "delete_permission", "name": "Can delete permission", "content_type": 2}}, {"pk": 7, "model": "auth.permission", "fields": {"codename": "add_group", "name": "Can add group", "content_type": 3}}, {"pk": 8, "model": "auth.permission", "fields": {"codename": "change_group", "name": "Can change group", "content_type": 3}}, {"pk": 9, "model": "auth.permission", "fields": {"codename": "delete_group", "name": "Can delete group", "content_type": 3}}, {"pk": 10, "model": "auth.permission", "fields": {"codename": "add_user", "name": "Can add user", "content_type": 4}}, {"pk": 11, "model": "auth.permission", "fields": {"codename": "change_user", "name": "Can change user", "content_type": 4}}, {"pk": 12, "model": "auth.permission", "fields": {"codename": "delete_user", "name": "Can delete user", "content_type": 4}}, {"pk": 13, "model": "auth.permission", "fields": {"codename": "add_contenttype", "name": "Can add content type", "content_type": 5}}, {"pk": 14, "model": "auth.permission", "fields": {"codename": "change_contenttype", "name": "Can change content type", "content_type": 5}}, {"pk": 15, "model": "auth.permission", "fields": {"codename": "delete_contenttype", "name": "Can delete content type", "content_type": 5}}, {"pk": 16, "model": "auth.permission", "fields": {"codename": "add_session", "name": "Can add session", "content_type": 6}}, {"pk": 17, "model": "auth.permission", "fields": {"codename": "change_session", "name": "Can change session", "content_type": 6}}, {"pk": 18, "model": "auth.permission", "fields": {"codename": "delete_session", "name": "Can delete session", "content_type": 6}}, {"pk": 19, "model": "auth.permission", "fields": {"codename": "add_migrationhistory", "name": "Can add migration history", "content_type": 7}}, {"pk": 20, "model": "auth.permission", "fields": {"codename": "change_migrationhistory", "name": "Can change migration history", "content_type": 7}}, {"pk": 21, "model": "auth.permission", "fields": {"codename": "delete_migrationhistory", "name": "Can delete migration history", "content_type": 7}}, {"pk": 22, "model": "auth.permission", "fields": {"codename": "add_submission", "name": "Can add submission", "content_type": 8}}, {"pk": 23, "model": "auth.permission", "fields": {"codename": "change_submission", "name": "Can change submission", "content_type": 8}}, {"pk": 24, "model": "auth.permission", "fields": {"codename": "delete_submission", "name": "Can delete submission", "content_type": 8}}, {"pk": 25, "model": "auth.permission", "fields": {"codename": "add_article", "name": "Can add article", "content_type": 9}}, {"pk": 26, "model": "auth.permission", "fields": {"codename": "change_article", "name": "Can change article", "content_type": 9}}, {"pk": 27, "model": "auth.permission", "fields": {"codename": "delete_article", "name": "Can delete article", "content_type": 9}}, {"pk": 28, "model": "auth.permission", "fields": {"codename": "add_textpost", "name": "Can add text post", "content_type": 10}}, {"pk": 29, "model": "auth.permission", "fields": {"codename": "change_textpost", "name": "Can change text post", "content_type": 10}}, {"pk": 30, "model": "auth.permission", "fields": {"codename": "delete_textpost", "name": "Can delete text post", "content_type": 10}}, {"pk": 31, "model": "auth.permission", "fields": {"codename": "add_userprofile", "name": "Can add user profile", "content_type": 11}}, {"pk": 32, "model": "auth.permission", "fields": {"codename": "change_userprofile", "name": "Can change user profile", "content_type": 11}}, {"pk": 33, "model": "auth.permission", "fields": {"codename": "delete_userprofile", "name": "Can delete user profile", "content_type": 11}}, {"pk": 34, "model": "auth.permission", "fields": {"codename": "add_comment", "name": "Can add comment", "content_type": 12}}, {"pk": 35, "model": "auth.permission", "fields": {"codename": "change_comment", "name": "Can change comment", "content_type": 12}}, {"pk": 36, "model": "auth.permission", "fields": {"codename": "delete_comment", "name": "Can delete comment", "content_type": 12}}, {"pk": 37, "model": "auth.permission", "fields": {"codename": "can_downvote_comment", "name": "Can downvote comments", "content_type": 12}}, {"pk": 38, "model": "auth.permission", "fields": {"codename": "can_flag_comment", "name": "Can flag comments", "content_type": 12}}, {"pk": 39, "model": "auth.permission", "fields": {"codename": "can_flag_submission", "name": "Can flag submissions", "content_type": 8}}, {"pk": 1, "model": "auth.group", "fields": {"name": "Active Members", "permissions": [37, 38, 39]}}, {"pk": 1, "model": "auth.user", "fields": {"username": "user_0", "first_name": "", "last_name": "", "is_active": true, "is_superuser": false, "is_staff": false, "last_login": "2014-03-25T13:48:39.793Z", "groups": [], "user_permissions": [], "password": "pbkdf2_sha256$12000$J5qNL1hIKtRx$fgxIwm7mfqgmjQ9mfRLSx98KxlAxITBkNp31sHK5PWw=", "email": "", "date_joined": "2014-03-25T13:48:39.613Z"}}, {"pk": 2, "model": "auth.user", "fields": {"username": "user_1", "first_name": "", "last_name": "", "is_active": true, "is_superuser": false, "is_staff": false, "last_login": "2014-03-25T13:48:39.855Z", "groups": [], "user_permissions": [], "password": "pbkdf2_sha256$12000$b395Hd5YJ09e$YNX85O5hIkBTCte/WtJ7dsb6J9Wb2KYBrw/rUJ2acuQ=", "email": "", "date_joined": "2014-03-25T13:48:39.660Z"}}, {"pk": 3, "model": "auth.user", "fields": {"username": "user_2", "first_name": "", "last_name": "", "is_active": true, "is_superuser": false, "is_staff": false, "last_login": "2014-03-25T13:48:39.915Z", "groups": [], "user_permissions": [], "password": "pbkdf2_sha256$12000$tRNBAns2egMP$fuI5W2zt67EdW3Aj14kKPPCplc2d+h1X0gVEEB9i0mQ=", "email": "", "date_joined": "2014-03-25T13:48:39.707Z"}}, {"pk": 1, "model": "ed_news.submission", "fields": {"ranking_points": 65, "title": "I googled my username: user_0-0", "url": "http://google.com/#q=user_0-0", "visible": true, "flags": [], "submission_time": "2014-03-24T10:52:07.801Z", "submitter": 1, "upvotes": [3]}}, {"pk": 2, "model": "ed_news.submission", "fields": {"ranking_points": 55, "title": "I googled my username: user_0-1", "url": "http://google.com/#q=user_0-1", "visible": true, "flags": [], "submission_time": "2014-03-25T12:44:22.808Z", "submitter": 1, "upvotes": []}}, {"pk": 3, "model": "ed_news.submission", "fields": {"ranking_points": 33, "title": "I googled my username: user_1-0", "url": "http://google.com/#q=user_1-0", "visible": true, "flags": [], "submission_time": "2014-03-24T20:53:30.860Z", "submitter": 2, "upvotes": [3]}}, {"pk": 4, "model": "ed_news.submission", "fields": {"ranking_points": 128, "title": "I googled my username: user_1-1", "url": "http://google.com/#q=user_1-1", "visible": true, "flags": [], "submission_time": "2014-03-25T11:59:37.865Z", "submitter": 2, "upvotes": [2]}}, {"pk": 5, "model": "ed_news.submission", "fields": {"ranking_points": 25, "title": "I googled my username: user_2-0", "url": "http://google.com/#q=user_2-0", "visible": true, "flags": [], "submission_time": "2014-03-24T04:47:50.923Z", "submitter": 3, "upvotes": [1]}}, {"pk": 6, "model": "ed_news.submission", "fields": {"ranking_points": 136, "title": "I googled my username: user_2-1", "url": "http://google.com/#q=user_2-1", "visible": true, "flags": [], "submission_time": "2014-03-25T09:27:31.929Z", "submitter": 3, "upvotes": [1, 2]}}, {"pk": 1, "model": "ed_news.article", "fields": {"upvotes": [3], "flags": []}}, {"pk": 2, "model": "ed_news.article", "fields": {"upvotes": [], "flags": []}}, {"pk": 3, "model": "ed_news.article", "fields": {"upvotes": [3], "flags": []}}, {"pk": 4, "model": "ed_news.article", "fields": {"upvotes": [2], "flags": []}}, {"pk": 5, "model": "ed_news.article", "fields": {"upvotes": [1], "flags": []}}, {"pk": 6, "model": "ed_news.article", "fields": {"upvotes": [1, 2], "flags": []}}, {"pk": 1, "model": "ed_news.userprofile", "fields": {"email_public": false, "user": 1, "show_invisible": false, "karma": 1}}, {"pk": 2, "model": "ed_news.userprofile", "fields": {"email_public": false, "user": 2, "show_invisible": false, "karma": 1}}, {"pk": 3, "model": "ed_news.userprofile", "fields": {"email_public": false, "user": 3, "show_invisible": false, "karma": 2}}, {"pk": 1, "model": "ed_news.comment", "fields": {"ranking_points": 0, "comment_text": "I just don't think you'll ever make a magnetic monopole. 0", "author": 3, "parent_submission": 1, "parent_comment": null, "visible": true, "flags": [], "submission_time": "2014-03-25T10:57:34.936Z", "upvotes": [], "downvotes": []}}, {"pk": 2, "model": "ed_news.comment", "fields": {"ranking_points": 0, "comment_text": "I just don't think you'll ever make a magnetic monopole. 1", "author": 2, "parent_submission": 1, "parent_comment": null, "visible": true, "flags": [], "submission_time": "2014-03-25T11:32:54.939Z", "upvotes": [], "downvotes": []}}, {"pk": 3, "model": "ed_news.comment", "fields": {"ranking_points": 0, "comment_text": "I just don't think you'll ever make a magnetic monopole. 2", "author": 2, "parent_submission": 1, "parent_comment": null, "visible": true, "flags": [], "submission_time": "2014-03-25T03:04:43.941Z", "upvotes": [], "downvotes": []}}, {"pk": 4, "model": "ed_news.comment", "fields": {"ranking_points": 0, "comment_text": "I just don't think you'll ever make a magnetic monopole. 3", "author": 2, "parent_submission": 2, "parent_comment": null, "visible": true, "flags": [], "submission_time": "2014-03-25T13:47:27.944Z", "upvotes": [], "downvotes": []}}, {"pk": 5, "model": "ed_news.comment", "fields": {"ranking_points": 0, "comment_text": "I just don't think you'll ever make a magnetic monopole. 4", "author": 3, "parent_submission": 2, "parent_comment": null, "visible": true, "flags": [], "submission_time": "2014-03-25T12:58:14.947Z", "upvotes": [], "downvotes": []}}, {"pk": 6, "model": "ed_news.comment", "fields": {"ranking_points": 0, "comment_text": "I just don't think you'll ever make a magnetic monopole. 5", "author": 3, "parent_submission": 2, "parent_comment": null, "visible": true, "flags": [], "submission_time": "2014-03-25T13:42:05.949Z", "upvotes": [], "downvotes": []}}, {"pk": 7, "model": "ed_news.comment", "fields": {"ranking_points": 0, "comment_text": "I just don't think you'll ever make a magnetic monopole. 6", "author": 3, "parent_submission": 3, "parent_comment": null, "visible": true, "flags": [], "submission_time": "2014-03-25T05:13:27.952Z", "upvotes": [], "downvotes": []}}, {"pk": 8, "model": "ed_news.comment", "fields": {"ranking_points": 0, "comment_text": "I just don't think you'll ever make a magnetic monopole. 7", "author": 1, "parent_submission": 3, "parent_comment": null, "visible": true, "flags": [], "submission_time": "2014-03-25T01:02:46.955Z", "upvotes": [], "downvotes": []}}, {"pk": 9, "model": "ed_news.comment", "fields": {"ranking_points": 0, "comment_text": "I just don't think you'll ever make a magnetic monopole. 8", "author": 3, "parent_submission": 3, "parent_comment": null, "visible": true, "flags": [], "submission_time": "2014-03-25T00:36:01.958Z", "upvotes": [], "downvotes": []}}, {"pk": 10, "model": "ed_news.comment", "fields": {"ranking_points": 0, "comment_text": "I just don't think you'll ever make a magnetic monopole. 9", "author": 1, "parent_submission": 4, "parent_comment": null, "visible": true, "flags": [], "submission_time": "2014-03-25T12:33:00.960Z", "upvotes": [], "downvotes": []}}, {"pk": 11, "model": "ed_news.comment", "fields": {"ranking_points": 0, "comment_text": "I just don't think you'll ever make a magnetic monopole. 10", "author": 1, "parent_submission": 4, "parent_comment": null, "visible": true, "flags": [], "submission_time": "2014-03-25T13:15:18.962Z", "upvotes": [], "downvotes": []}}, {"pk": 12, "model": "ed_news.comment", "fields": {"ranking_points": 0, "comment_text": "I just don't think you'll ever make a magnetic monopole. 11", "author": 3, "parent_submission": 4, "parent_comment": null, "visible": true, "flags": [], "submission_time": "2014-03-25T12:24:12.964Z", "upvotes": [], "downvotes": []}}, {"pk": 13, "model": "ed_news.comment", "fields": {"ranking_points": 0, "comment_text": "I just don't think you'll ever make a magnetic monopole. 12", "author": 2, "parent_submission": 5, "parent_comment": null, "visible": true, "flags": [], "submission_time": "2014-03-25T06:42:38.965Z", "upvotes": [], "downvotes": []}}, {"pk": 14, "model": "ed_news.comment", "fields": {"ranking_points": 0, "comment_text": "I just don't think you'll ever make a magnetic monopole. 13", "author": 1, "parent_submission": 5, "parent_comment": null, "visible": true, "flags": [], "submission_time": "2014-03-25T01:39:42.967Z", "upvotes": [], "downvotes": []}}, {"pk": 15, "model": "ed_news.comment", "fields": {"ranking_points": 0, "comment_text": "I just don't think you'll ever make a magnetic monopole. 14", "author": 3, "parent_submission": 5, "parent_comment": null, "visible": true, "flags": [], "submission_time": "2014-03-24T17:25:53.969Z", "upvotes": [], "downvotes": []}}, {"pk": 16, "model": "ed_news.comment", "fields": {"ranking_points": 0, "comment_text": "I just don't think you'll ever make a magnetic monopole. 15", "author": 1, "parent_submission": 6, "parent_comment": null, "visible": true, "flags": [], "submission_time": "2014-03-25T13:21:23.970Z", "upvotes": [], "downvotes": []}}, {"pk": 17, "model": "ed_news.comment", "fields": {"ranking_points": 0, "comment_text": "I just don't think you'll ever make a magnetic monopole. 16", "author": 3, "parent_submission": 6, "parent_comment": null, "visible": true, "flags": [], "submission_time": "2014-03-25T13:12:46.971Z", "upvotes": [], "downvotes": []}}, {"pk": 18, "model": "ed_news.comment", "fields": {"ranking_points": 0, "comment_text": "I just don't think you'll ever make a magnetic monopole. 17", "author": 1, "parent_submission": 6, "parent_comment": null, "visible": true, "flags": [], "submission_time": "2014-03-25T11:32:29.974Z", "upvotes": [], "downvotes": []}}, {"pk": 19, "model": "ed_news.comment", "fields": {"ranking_points": 0, "comment_text": "Yeah, I was kind of thinking that. 18", "author": 1, "parent_submission": 1, "parent_comment": 3, "visible": true, "flags": [], "submission_time": "2014-03-25T06:11:24.982Z", "upvotes": [], "downvotes": []}}, {"pk": 20, "model": "ed_news.comment", "fields": {"ranking_points": 0, "comment_text": "Yeah, I was kind of thinking that. 19", "author": 1, "parent_submission": 1, "parent_comment": 1, "visible": true, "flags": [], "submission_time": "2014-03-25T12:02:19.988Z", "upvotes": [], "downvotes": []}}, {"pk": 21, "model": "ed_news.comment", "fields": {"ranking_points": 0, "comment_text": "Yeah, I was kind of thinking that. 20", "author": 1, "parent_submission": 3, "parent_comment": 7, "visible": true, "flags": [], "submission_time": "2014-03-25T10:27:06.993Z", "upvotes": [], "downvotes": []}}, {"pk": 22, "model": "ed_news.comment", "fields": {"ranking_points": 0, "comment_text": "Yeah, I was kind of thinking that. 21", "author": 1, "parent_submission": 2, "parent_comment": 6, "visible": true, "flags": [], "submission_time": "2014-03-25T13:47:09.000Z", "upvotes": [], "downvotes": []}}, {"pk": 23, "model": "ed_news.comment", "fields": {"ranking_points": 0, "comment_text": "Yeah, I was kind of thinking that. 22", "author": 1, "parent_submission": 6, "parent_comment": 16, "visible": true, "flags": [], "submission_time": "2014-03-25T13:46:00.005Z", "upvotes": [], "downvotes": []}}, {"pk": 24, "model": "ed_news.comment", "fields": {"ranking_points": 0, "comment_text": "Yeah, I was kind of thinking that. 23", "author": 1, "parent_submission": 4, "parent_comment": 11, "visible": true, "flags": [], "submission_time": "2014-03-25T13:46:08.012Z", "upvotes": [], "downvotes": []}}, {"pk": 25, "model": "ed_news.comment", "fields": {"ranking_points": 0, "comment_text": "Yeah, I was kind of thinking that. 24", "author": 1, "parent_submission": 6, "parent_comment": 23, "visible": true, "flags": [], "submission_time": "2014-03-25T13:48:10.019Z", "upvotes": [], "downvotes": []}}, {"pk": 26, "model": "ed_news.comment", "fields": {"ranking_points": 0, "comment_text": "Yeah, I was kind of thinking that. 25", "author": 2, "parent_submission": 1, "parent_comment": 19, "visible": true, "flags": [], "submission_time": "2014-03-25T12:33:04.024Z", "upvotes": [], "downvotes": []}}, {"pk": 27, "model": "ed_news.comment", "fields": {"ranking_points": 0, "comment_text": "Yeah, I was kind of thinking that. 26", "author": 2, "parent_submission": 1, "parent_comment": 3, "visible": true, "flags": [], "submission_time": "2014-03-25T06:27:19.031Z", "upvotes": [], "downvotes": []}}, {"pk": 28, "model": "ed_news.comment", "fields": {"ranking_points": 0, "comment_text": "Yeah, I was kind of thinking that. 27", "author": 2, "parent_submission": 6, "parent_comment": 25, "visible": true, "flags": [], "submission_time": "2014-03-25T13:48:23.037Z", "upvotes": [], "downvotes": []}}, {"pk": 29, "model": "ed_news.comment", "fields": {"ranking_points": 0, "comment_text": "Yeah, I was kind of thinking that. 28", "author": 2, "parent_submission": 4, "parent_comment": 12, "visible": true, "flags": [], "submission_time": "2014-03-25T13:10:37.043Z", "upvotes": [], "downvotes": []}}, {"pk": 30, "model": "ed_news.comment", "fields": {"ranking_points": 0, "comment_text": "Yeah, I was kind of thinking that. 29", "author": 2, "parent_submission": 6, "parent_comment": 28, "visible": true, "flags": [], "submission_time": "2014-03-25T13:48:31.049Z", "upvotes": [], "downvotes": []}}, {"pk": 31, "model": "ed_news.comment", "fields": {"ranking_points": 0, "comment_text": "Yeah, I was kind of thinking that. 30", "author": 2, "parent_submission": 6, "parent_comment": 30, "visible": true, "flags": [], "submission_time": "2014-03-25T13:48:38.055Z", "upvotes": [], "downvotes": []}}, {"pk": 32, "model": "ed_news.comment", "fields": {"ranking_points": 0, "comment_text": "Yeah, I was kind of thinking that. 31", "author": 2, "parent_submission": 1, "parent_comment": 3, "visible": true, "flags": [], "submission_time": "2014-03-25T12:47:58.060Z", "upvotes": [], "downvotes": []}}, {"pk": 33, "model": "ed_news.comment", "fields": {"ranking_points": 0, "comment_text": "Yeah, I was kind of thinking that. 32", "author": 3, "parent_submission": 4, "parent_comment": 24, "visible": true, "flags": [], "submission_time": "2014-03-25T13:48:39.066Z", "upvotes": [], "downvotes": []}}, {"pk": 34, "model": "ed_news.comment", "fields": {"ranking_points": 0, "comment_text": "Yeah, I was kind of thinking that. 33", "author": 3, "parent_submission": 1, "parent_comment": 1, "visible": true, "flags": [], "submission_time": "2014-03-25T13:35:20.069Z", "upvotes": [], "downvotes": []}}, {"pk": 35, "model": "ed_news.comment", "fields": {"ranking_points": 0, "comment_text": "Yeah, I was kind of thinking that. 34", "author": 3, "parent_submission": 6, "parent_comment": 30, "visible": true, "flags": [], "submission_time": "2014-03-25T13:48:34.072Z", "upvotes": [], "downvotes": []}}, {"pk": 36, "model": "ed_news.comment", "fields": {"ranking_points": 0, "comment_text": "Yeah, I was kind of thinking that. 35", "author": 3, "parent_submission": 4, "parent_comment": 11, "visible": true, "flags": [], "submission_time": "2014-03-25T13:43:53.076Z", "upvotes": [], "downvotes": []}}, {"pk": 37, "model": "ed_news.comment", "fields": {"ranking_points": 0, "comment_text": "Yeah, I was kind of thinking that. 36", "author": 3, "parent_submission": 1, "parent_comment": 2, "visible": true, "flags": [], "submission_time": "2014-03-25T12:30:39.080Z", "upvotes": [], "downvotes": []}}, {"pk": 38, "model": "ed_news.comment", "fields": {"ranking_points": 0, "comment_text": "Yeah, I was kind of thinking that. 37", "author": 3, "parent_submission": 1, "parent_comment": 37, "visible": true, "flags": [], "submission_time": "2014-03-25T12:35:38.083Z", "upvotes": [], "downvotes": []}}, {"pk": 39, "model": "ed_news.comment", "fields": {"ranking_points": 0, "comment_text": "Yeah, I was kind of thinking that. 38", "author": 3, "parent_submission": 4, "parent_comment": 24, "visible": true, "flags": [], "submission_time": "2014-03-25T13:47:37.086Z", "upvotes": [], "downvotes": []}}]