[{"pk": 1, "model": "contenttypes.contenttype", "fields": {"model": "logentry", "name": "log entry", "app_label": "admin"}}, {"pk": 2, "model": "contenttypes.contenttype", "fields": {"model": "permission", "name": "permission", "app_label": "auth"}}, {"pk": 3, "model": "contenttypes.contenttype", "fields": {"model": "group", "name": "group", "app_label": "auth"}}, {"pk": 4, "model": "contenttypes.contenttype", "fields": {"model": "user", "name": "user", "app_label": "auth"}}, {"pk": 5, "model": "contenttypes.contenttype", "fields": {"model": "contenttype", "name": "content type", "app_label": "contenttypes"}}, {"pk": 6, "model": "contenttypes.contenttype", "fields": {"model": "session", "name": "session", "app_label": "sessions"}}, {"pk": 7, "model": "contenttypes.contenttype", "fields": {"model": "migrationhistory", "name": "migration history", "app_label": "south"}}, {"pk": 8, "model": "contenttypes.contenttype", "fields": {"model": "submission", "name": "submission", "app_label": "ed_news"}}, {"pk": 9, "model": "contenttypes.contenttype", "fields": {"model": "article", "name": "article", "app_label": "ed_news"}}, {"pk": 10, "model": "contenttypes.contenttype", "fields": {"model": "textpost", "name": "text post", "app_label": "ed_news"}}, {"pk": 11, "model": "contenttypes.contenttype", "fields": {"model": "userprofile", "name": "user profile", "app_label": "ed_news"}}, {"pk": 12, "model": "contenttypes.contenttype", "fields": {"model": "comment", "name": "comment", "app_label": "ed_news"}}, {"pk": "xh3nxq6k4abdmpwwa69wkeciaif5n4s2", "model": "sessions.session", "fields": {"expire_date": "2014-03-30T18:09:51.910Z", "session_data": "MDI5ZjNmMDYxNmU2NDgzN2NlN2MwYTA1Yzc0MzAyYjU4NzQxMjkyOTp7Il9hdXRoX3VzZXJfYmFja2VuZCI6ImRqYW5nby5jb250cmliLmF1dGguYmFja2VuZHMuTW9kZWxCYWNrZW5kIiwiX2F1dGhfdXNlcl9pZCI6OH0="}}, {"pk": 1, "model": "south.migrationhistory", "fields": {"applied": "2014-03-16T18:09:50.848Z", "app_name": "ed_news", "migration": "0001_initial"}}, {"pk": 2, "model": "south.migrationhistory", "fields": {"applied": "2014-03-16T18:09:50.901Z", "app_name": "ed_news", "migration": "0002_auto__add_field_textpost_url"}}, {"pk": 3, "model": "south.migrationhistory", "fields": {"applied": "2014-03-16T18:09:50.960Z", "app_name": "ed_news", "migration": "0003_auto__del_field_article_url__del_field_textpost_url__add_field_submiss"}}, {"pk": 1, "model": "auth.permission", "fields": {"codename": "add_logentry", "name": "Can add log entry", "content_type": 1}}, {"pk": 2, "model": "auth.permission", "fields": {"codename": "change_logentry", "name": "Can change log entry", "content_type": 1}}, {"pk": 3, "model": "auth.permission", "fields": {"codename": "delete_logentry", "name": "Can delete log entry", "content_type": 1}}, {"pk": 4, "model": "auth.permission", "fields": {"codename": "add_permission", "name": "Can add permission", "content_type": 2}}, {"pk": 5, "model": "auth.permission", "fields": {"codename": "change_permission", "name": "Can change permission", "content_type": 2}}, {"pk": 6, "model": "auth.permission", "fields": {"codename": "delete_permission", "name": "Can delete permission", "content_type": 2}}, {"pk": 7, "model": "auth.permission", "fields": {"codename": "add_group", "name": "Can add group", "content_type": 3}}, {"pk": 8, "model": "auth.permission", "fields": {"codename": "change_group", "name": "Can change group", "content_type": 3}}, {"pk": 9, "model": "auth.permission", "fields": {"codename": "delete_group", "name": "Can delete group", "content_type": 3}}, {"pk": 10, "model": "auth.permission", "fields": {"codename": "add_user", "name": "Can add user", "content_type": 4}}, {"pk": 11, "model": "auth.permission", "fields": {"codename": "change_user", "name": "Can change user", "content_type": 4}}, {"pk": 12, "model": "auth.permission", "fields": {"codename": "delete_user", "name": "Can delete user", "content_type": 4}}, {"pk": 13, "model": "auth.permission", "fields": {"codename": "add_contenttype", "name": "Can add content type", "content_type": 5}}, {"pk": 14, "model": "auth.permission", "fields": {"codename": "change_contenttype", "name": "Can change content type", "content_type": 5}}, {"pk": 15, "model": "auth.permission", "fields": {"codename": "delete_contenttype", "name": "Can delete content type", "content_type": 5}}, {"pk": 16, "model": "auth.permission", "fields": {"codename": "add_session", "name": "Can add session", "content_type": 6}}, {"pk": 17, "model": "auth.permission", "fields": {"codename": "change_session", "name": "Can change session", "content_type": 6}}, {"pk": 18, "model": "auth.permission", "fields": {"codename": "delete_session", "name": "Can delete session", "content_type": 6}}, {"pk": 19, "model": "auth.permission", "fields": {"codename": "add_migrationhistory", "name": "Can add migration history", "content_type": 7}}, {"pk": 20, "model": "auth.permission", "fields": {"codename": "change_migrationhistory", "name": "Can change migration history", "content_type": 7}}, {"pk": 21, "model": "auth.permission", "fields": {"codename": "delete_migrationhistory", "name": "Can delete migration history", "content_type": 7}}, {"pk": 22, "model": "auth.permission", "fields": {"codename": "add_submission", "name": "Can add submission", "content_type": 8}}, {"pk": 23, "model": "auth.permission", "fields": {"codename": "change_submission", "name": "Can change submission", "content_type": 8}}, {"pk": 24, "model": "auth.permission", "fields": {"codename": "delete_submission", "name": "Can delete submission", "content_type": 8}}, {"pk": 25, "model": "auth.permission", "fields": {"codename": "add_article", "name": "Can add article", "content_type": 9}}, {"pk": 26, "model": "auth.permission", "fields": {"codename": "change_article", "name": "Can change article", "content_type": 9}}, {"pk": 27, "model": "auth.permission", "fields": {"codename": "delete_article", "name": "Can delete article", "content_type": 9}}, {"pk": 28, "model": "auth.permission", "fields": {"codename": "add_textpost", "name": "Can add text post", "content_type": 10}}, {"pk": 29, "model": "auth.permission", "fields": {"codename": "change_textpost", "name": "Can change text post", "content_type": 10}}, {"pk": 30, "model": "auth.permission", "fields": {"codename": "delete_textpost", "name": "Can delete text post", "content_type": 10}}, {"pk": 31, "model": "auth.permission", "fields": {"codename": "add_userprofile", "name": "Can add user profile", "content_type": 11}}, {"pk": 32, "model": "auth.permission", "fields": {"codename": "change_userprofile", "name": "Can change user profile", "content_type": 11}}, {"pk": 33, "model": "auth.permission", "fields": {"codename": "delete_userprofile", "name": "Can delete user profile", "content_type": 11}}, {"pk": 34, "model": "auth.permission", "fields": {"codename": "add_comment", "name": "Can add comment", "content_type": 12}}, {"pk": 35, "model": "auth.permission", "fields": {"codename": "change_comment", "name": "Can change comment", "content_type": 12}}, {"pk": 36, "model": "auth.permission", "fields": {"codename": "delete_comment", "name": "Can delete comment", "content_type": 12}}, {"pk": 37, "model": "auth.permission", "fields": {"codename": "can_downvote_comment", "name": "Can downvote comments", "content_type": 12}}, {"pk": 38, "model": "auth.permission", "fields": {"codename": "can_flag_comment", "name": "Can flag comments", "content_type": 12}}, {"pk": 39, "model": "auth.permission", "fields": {"codename": "can_flag_submission", "name": "Can flag submissions", "content_type": 8}}, {"pk": 2, "model": "auth.group", "fields": {"name": "Active Members", "permissions": [37, 38, 39]}}, {"pk": 2, "model": "auth.user", "fields": {"username": "user_0", "first_name": "", "last_name": "", "is_active": true, "is_superuser": false, "is_staff": false, "last_login": "2014-03-16T18:09:51.479Z", "groups": [], "user_permissions": [], "password": "pbkdf2_sha256$12000$n2SgqzrY7DSb$Y9WbdgRwj3is0fIR3gk8kPNLwdJojhuucI7I5Z9psa0=", "email": "", "date_joined": "2014-03-16T18:09:51.115Z"}}, {"pk": 3, "model": "auth.user", "fields": {"username": "user_1", "first_name": "", "last_name": "", "is_active": true, "is_superuser": false, "is_staff": false, "last_login": "2014-03-16T18:09:51.560Z", "groups": [], "user_permissions": [], "password": "pbkdf2_sha256$12000$6lfKY2uzpWJ7$QQTMKxsbAiVK7iYA6sORRCJkItAazlDpZyFu0C865EU=", "email": "", "date_joined": "2014-03-16T18:09:51.162Z"}}, {"pk": 4, "model": "auth.user", "fields": {"username": "user_2", "first_name": "", "last_name": "", "is_active": true, "is_superuser": false, "is_staff": false, "last_login": "2014-03-16T18:09:51.621Z", "groups": [], "user_permissions": [], "password": "pbkdf2_sha256$12000$yDEmEaFxZzhR$ZdnpGug4841LfUK1ANdwn0uN50w9jCDtjkufySAv7JA=", "email": "", "date_joined": "2014-03-16T18:09:51.204Z"}}, {"pk": 5, "model": "auth.user", "fields": {"username": "user_3", "first_name": "", "last_name": "", "is_active": true, "is_superuser": false, "is_staff": false, "last_login": "2014-03-16T18:09:51.684Z", "groups": [], "user_permissions": [], "password": "pbkdf2_sha256$12000$bL780vC21bQh$/70U7XuqRH7FJH7cin+kjiECPGxz0o1qSkhnB/0kax4=", "email": "", "date_joined": "2014-03-16T18:09:51.245Z"}}, {"pk": 6, "model": "auth.user", "fields": {"username": "user_4", "first_name": "", "last_name": "", "is_active": true, "is_superuser": false, "is_staff": false, "last_login": "2014-03-16T18:09:51.761Z", "groups": [], "user_permissions": [], "password": "pbkdf2_sha256$12000$gmMtRfucccf1$/n+1eLYSuG8QLm+jfJ2bQDw2XQM/yESNfcqiTi3lssY=", "email": "", "date_joined": "2014-03-16T18:09:51.287Z"}}, {"pk": 7, "model": "auth.user", "fields": {"username": "user_5", "first_name": "", "last_name": "", "is_active": true, "is_superuser": false, "is_staff": false, "last_login": "2014-03-16T18:09:51.824Z", "groups": [], "user_permissions": [], "password": "pbkdf2_sha256$12000$4xd0BSZ9QgIg$7YYS+OL0+heU60xsbi4ZUr/C3RfWCTY5R6IwwkPdPbY=", "email": "", "date_joined": "2014-03-16T18:09:51.337Z"}}, {"pk": 8, "model": "auth.user", "fields": {"username": "user_6", "first_name": "", "last_name": "", "is_active": true, "is_superuser": false, "is_staff": false, "last_login": "2014-03-16T18:09:51.909Z", "groups": [], "user_permissions": [], "password": "pbkdf2_sha256$12000$0RNQ2F27WR8u$xTiDJTShw9uIg6RucqLTyKp5YMpMauMo6CCxE3jRbOo=", "email": "", "date_joined": "2014-03-16T18:09:51.386Z"}}, {"pk": 1, "model": "ed_news.submission", "fields": {"ranking_points": 90, "title": "I googled my username: user_0-0", "url": "http://google.com/#q=user_0-0", "visible": true, "flags": [], "submission_time": "2014-03-16T10:13:40.490Z", "submitter": 2, "upvotes": [8]}}, {"pk": 2, "model": "ed_news.submission", "fields": {"ranking_points": 261, "title": "I googled my username: user_0-1", "url": "http://google.com/#q=user_0-1", "visible": true, "flags": [], "submission_time": "2014-03-16T17:47:16.498Z", "submitter": 2, "upvotes": [3, 6, 7]}}, {"pk": 3, "model": "ed_news.submission", "fields": {"ranking_points": 82, "title": "I googled my username: user_0-2", "url": "http://google.com/#q=user_0-2", "visible": true, "flags": [], "submission_time": "2014-03-16T05:13:53.506Z", "submitter": 2, "upvotes": [3]}}, {"pk": 4, "model": "ed_news.submission", "fields": {"ranking_points": 40, "title": "I googled my username: user_1-0", "url": "http://google.com/#q=user_1-0", "visible": true, "flags": [], "submission_time": "2014-03-15T18:54:21.563Z", "submitter": 3, "upvotes": []}}, {"pk": 5, "model": "ed_news.submission", "fields": {"ranking_points": 60, "title": "I googled my username: user_1-1", "url": "http://google.com/#q=user_1-1", "visible": true, "flags": [], "submission_time": "2014-03-15T18:35:39.568Z", "submitter": 3, "upvotes": []}}, {"pk": 6, "model": "ed_news.submission", "fields": {"ranking_points": 69, "title": "I googled my username: user_1-2", "url": "http://google.com/#q=user_1-2", "visible": true, "flags": [], "submission_time": "2014-03-16T07:07:13.572Z", "submitter": 3, "upvotes": []}}, {"pk": 7, "model": "ed_news.submission", "fields": {"ranking_points": 153, "title": "I googled my username: user_2-0", "url": "http://google.com/#q=user_2-0", "visible": true, "flags": [], "submission_time": "2014-03-16T16:19:49.625Z", "submitter": 4, "upvotes": [2]}}, {"pk": 8, "model": "ed_news.submission", "fields": {"ranking_points": 60, "title": "I googled my username: user_2-1", "url": "http://google.com/#q=user_2-1", "visible": true, "flags": [], "submission_time": "2014-03-15T19:25:20.629Z", "submitter": 4, "upvotes": []}}, {"pk": 9, "model": "ed_news.submission", "fields": {"ranking_points": 115, "title": "I googled my username: user_2-2", "url": "http://google.com/#q=user_2-2", "visible": true, "flags": [], "submission_time": "2014-03-16T12:38:33.633Z", "submitter": 4, "upvotes": [3, 4]}}, {"pk": 10, "model": "ed_news.submission", "fields": {"ranking_points": 75, "title": "I googled my username: user_3-0", "url": "http://google.com/#q=user_3-0", "visible": true, "flags": [], "submission_time": "2014-03-16T00:19:02.688Z", "submitter": 5, "upvotes": [2, 5, 7]}}, {"pk": 11, "model": "ed_news.submission", "fields": {"ranking_points": 70, "title": "I googled my username: user_3-1", "url": "http://google.com/#q=user_3-1", "visible": true, "flags": [], "submission_time": "2014-03-15T20:00:16.693Z", "submitter": 5, "upvotes": [5, 6, 8]}}, {"pk": 12, "model": "ed_news.submission", "fields": {"ranking_points": 40, "title": "I googled my username: user_3-2", "url": "http://google.com/#q=user_3-2", "visible": true, "flags": [], "submission_time": "2014-03-15T19:33:45.700Z", "submitter": 5, "upvotes": []}}, {"pk": 13, "model": "ed_news.submission", "fields": {"ranking_points": 82, "title": "I googled my username: user_4-0", "url": "http://google.com/#q=user_4-0", "visible": true, "flags": [], "submission_time": "2014-03-16T08:34:34.767Z", "submitter": 6, "upvotes": []}}, {"pk": 14, "model": "ed_news.submission", "fields": {"ranking_points": 64, "title": "I googled my username: user_4-1", "url": "http://google.com/#q=user_4-1", "visible": true, "flags": [], "submission_time": "2014-03-16T02:58:35.771Z", "submitter": 6, "upvotes": []}}, {"pk": 15, "model": "ed_news.submission", "fields": {"ranking_points": 85, "title": "I googled my username: user_4-2", "url": "http://google.com/#q=user_4-2", "visible": true, "flags": [], "submission_time": "2014-03-16T06:05:31.775Z", "submitter": 6, "upvotes": [2, 7]}}, {"pk": 16, "model": "ed_news.submission", "fields": {"ranking_points": 72, "title": "I googled my username: user_5-0", "url": "http://google.com/#q=user_5-0", "visible": true, "flags": [], "submission_time": "2014-03-15T21:37:43.832Z", "submitter": 7, "upvotes": []}}, {"pk": 17, "model": "ed_news.submission", "fields": {"ranking_points": 64, "title": "I googled my username: user_5-1", "url": "http://google.com/#q=user_5-1", "visible": true, "flags": [], "submission_time": "2014-03-15T23:47:42.839Z", "submitter": 7, "upvotes": [5]}}, {"pk": 18, "model": "ed_news.submission", "fields": {"ranking_points": 66, "title": "I googled my username: user_5-2", "url": "http://google.com/#q=user_5-2", "visible": true, "flags": [], "submission_time": "2014-03-16T01:00:59.846Z", "submitter": 7, "upvotes": [4]}}, {"pk": 19, "model": "ed_news.submission", "fields": {"ranking_points": 92, "title": "I googled my username: user_6-0", "url": "http://google.com/#q=user_6-0", "visible": true, "flags": [], "submission_time": "2014-03-16T10:39:14.913Z", "submitter": 8, "upvotes": [6, 8]}}, {"pk": 20, "model": "ed_news.submission", "fields": {"ranking_points": 85, "title": "I googled my username: user_6-1", "url": "http://google.com/#q=user_6-1", "visible": true, "flags": [], "submission_time": "2014-03-16T07:35:15.917Z", "submitter": 8, "upvotes": []}}, {"pk": 21, "model": "ed_news.submission", "fields": {"ranking_points": 117, "title": "I googled my username: user_6-2", "url": "http://google.com/#q=user_6-2", "visible": true, "flags": [], "submission_time": "2014-03-16T12:54:56.921Z", "submitter": 8, "upvotes": [4]}}, {"pk": 1, "model": "ed_news.article", "fields": {"upvotes": [8], "flags": []}}, {"pk": 2, "model": "ed_news.article", "fields": {"upvotes": [3, 6, 7], "flags": []}}, {"pk": 3, "model": "ed_news.article", "fields": {"upvotes": [3], "flags": []}}, {"pk": 4, "model": "ed_news.article", "fields": {"upvotes": [], "flags": []}}, {"pk": 5, "model": "ed_news.article", "fields": {"upvotes": [], "flags": []}}, {"pk": 6, "model": "ed_news.article", "fields": {"upvotes": [], "flags": []}}, {"pk": 7, "model": "ed_news.article", "fields": {"upvotes": [2], "flags": []}}, {"pk": 8, "model": "ed_news.article", "fields": {"upvotes": [], "flags": []}}, {"pk": 9, "model": "ed_news.article", "fields": {"upvotes": [3, 4], "flags": []}}, {"pk": 10, "model": "ed_news.article", "fields": {"upvotes": [2, 5, 7], "flags": []}}, {"pk": 11, "model": "ed_news.article", "fields": {"upvotes": [5, 6, 8], "flags": []}}, {"pk": 12, "model": "ed_news.article", "fields": {"upvotes": [], "flags": []}}, {"pk": 13, "model": "ed_news.article", "fields": {"upvotes": [], "flags": []}}, {"pk": 14, "model": "ed_news.article", "fields": {"upvotes": [], "flags": []}}, {"pk": 15, "model": "ed_news.article", "fields": {"upvotes": [2, 7], "flags": []}}, {"pk": 16, "model": "ed_news.article", "fields": {"upvotes": [], "flags": []}}, {"pk": 17, "model": "ed_news.article", "fields": {"upvotes": [5], "flags": []}}, {"pk": 18, "model": "ed_news.article", "fields": {"upvotes": [4], "flags": []}}, {"pk": 19, "model": "ed_news.article", "fields": {"upvotes": [6, 8], "flags": []}}, {"pk": 20, "model": "ed_news.article", "fields": {"upvotes": [], "flags": []}}, {"pk": 21, "model": "ed_news.article", "fields": {"upvotes": [4], "flags": []}}, {"pk": 2, "model": "ed_news.userprofile", "fields": {"email_public": false, "user": 2, "show_invisible": false, "karma": 4}}, {"pk": 3, "model": "ed_news.userprofile", "fields": {"email_public": false, "user": 3, "show_invisible": false, "karma": 0}}, {"pk": 4, "model": "ed_news.userprofile", "fields": {"email_public": false, "user": 4, "show_invisible": false, "karma": 2}}, {"pk": 5, "model": "ed_news.userprofile", "fields": {"email_public": false, "user": 5, "show_invisible": false, "karma": 3}}, {"pk": 6, "model": "ed_news.userprofile", "fields": {"email_public": false, "user": 6, "show_invisible": false, "karma": 2}}, {"pk": 7, "model": "ed_news.userprofile", "fields": {"email_public": false, "user": 7, "show_invisible": false, "karma": 2}}, {"pk": 8, "model": "ed_news.userprofile", "fields": {"email_public": false, "user": 8, "show_invisible": false, "karma": 2}}, {"pk": 1, "model": "ed_news.comment", "fields": {"ranking_points": 0, "comment_text": "I just don't think you'll ever make a magnetic monopole.", "author": 3, "parent_submission": 1, "parent_comment": null, "visible": true, "flags": [], "submission_time": "2014-03-16T18:09:51.925Z", "upvotes": [], "downvotes": []}}, {"pk": 2, "model": "ed_news.comment", "fields": {"ranking_points": 0, "comment_text": "I just don't think you'll ever make a magnetic monopole.", "author": 8, "parent_submission": 1, "parent_comment": null, "visible": true, "flags": [], "submission_time": "2014-03-16T18:09:51.927Z", "upvotes": [], "downvotes": []}}, {"pk": 3, "model": "ed_news.comment", "fields": {"ranking_points": 0, "comment_text": "I just don't think you'll ever make a magnetic monopole.", "author": 2, "parent_submission": 1, "parent_comment": null, "visible": true, "flags": [], "submission_time": "2014-03-16T18:09:51.928Z", "upvotes": [], "downvotes": []}}, {"pk": 4, "model": "ed_news.comment", "fields": {"ranking_points": 0, "comment_text": "I just don't think you'll ever make a magnetic monopole.", "author": 6, "parent_submission": 1, "parent_comment": null, "visible": true, "flags": [], "submission_time": "2014-03-16T18:09:51.929Z", "upvotes": [], "downvotes": []}}, {"pk": 5, "model": "ed_news.comment", "fields": {"ranking_points": 0, "comment_text": "I just don't think you'll ever make a magnetic monopole.", "author": 2, "parent_submission": 1, "parent_comment": null, "visible": true, "flags": [], "submission_time": "2014-03-16T18:09:51.930Z", "upvotes": [], "downvotes": []}}, {"pk": 6, "model": "ed_news.comment", "fields": {"ranking_points": 0, "comment_text": "I just don't think you'll ever make a magnetic monopole.", "author": 5, "parent_submission": 2, "parent_comment": null, "visible": true, "flags": [], "submission_time": "2014-03-16T18:09:51.932Z", "upvotes": [], "downvotes": []}}, {"pk": 7, "model": "ed_news.comment", "fields": {"ranking_points": 0, "comment_text": "I just don't think you'll ever make a magnetic monopole.", "author": 6, "parent_submission": 2, "parent_comment": null, "visible": true, "flags": [], "submission_time": "2014-03-16T18:09:51.933Z", "upvotes": [], "downvotes": []}}, {"pk": 8, "model": "ed_news.comment", "fields": {"ranking_points": 0, "comment_text": "I just don't think you'll ever make a magnetic monopole.", "author": 6, "parent_submission": 2, "parent_comment": null, "visible": true, "flags": [], "submission_time": "2014-03-16T18:09:51.934Z", "upvotes": [], "downvotes": []}}, {"pk": 9, "model": "ed_news.comment", "fields": {"ranking_points": 0, "comment_text": "I just don't think you'll ever make a magnetic monopole.", "author": 2, "parent_submission": 2, "parent_comment": null, "visible": true, "flags": [], "submission_time": "2014-03-16T18:09:51.935Z", "upvotes": [], "downvotes": []}}, {"pk": 10, "model": "ed_news.comment", "fields": {"ranking_points": 0, "comment_text": "I just don't think you'll ever make a magnetic monopole.", "author": 4, "parent_submission": 2, "parent_comment": null, "visible": true, "flags": [], "submission_time": "2014-03-16T18:09:51.936Z", "upvotes": [], "downvotes": []}}, {"pk": 11, "model": "ed_news.comment", "fields": {"ranking_points": 0, "comment_text": "I just don't think you'll ever make a magnetic monopole.", "author": 3, "parent_submission": 3, "parent_comment": null, "visible": true, "flags": [], "submission_time": "2014-03-16T18:09:51.937Z", "upvotes": [], "downvotes": []}}, {"pk": 12, "model": "ed_news.comment", "fields": {"ranking_points": 0, "comment_text": "I just don't think you'll ever make a magnetic monopole.", "author": 4, "parent_submission": 3, "parent_comment": null, "visible": true, "flags": [], "submission_time": "2014-03-16T18:09:51.938Z", "upvotes": [], "downvotes": []}}, {"pk": 13, "model": "ed_news.comment", "fields": {"ranking_points": 0, "comment_text": "I just don't think you'll ever make a magnetic monopole.", "author": 3, "parent_submission": 3, "parent_comment": null, "visible": true, "flags": [], "submission_time": "2014-03-16T18:09:51.939Z", "upvotes": [], "downvotes": []}}, {"pk": 14, "model": "ed_news.comment", "fields": {"ranking_points": 0, "comment_text": "I just don't think you'll ever make a magnetic monopole.", "author": 3, "parent_submission": 3, "parent_comment": null, "visible": true, "flags": [], "submission_time": "2014-03-16T18:09:51.940Z", "upvotes": [], "downvotes": []}}, {"pk": 15, "model": "ed_news.comment", "fields": {"ranking_points": 0, "comment_text": "I just don't think you'll ever make a magnetic monopole.", "author": 6, "parent_submission": 3, "parent_comment": null, "visible": true, "flags": [], "submission_time": "2014-03-16T18:09:51.941Z", "upvotes": [], "downvotes": []}}, {"pk": 16, "model": "ed_news.comment", "fields": {"ranking_points": 0, "comment_text": "I just don't think you'll ever make a magnetic monopole.", "author": 7, "parent_submission": 4, "parent_comment": null, "visible": true, "flags": [], "submission_time": "2014-03-16T18:09:51.942Z", "upvotes": [], "downvotes": []}}, {"pk": 17, "model": "ed_news.comment", "fields": {"ranking_points": 0, "comment_text": "I just don't think you'll ever make a magnetic monopole.", "author": 5, "parent_submission": 4, "parent_comment": null, "visible": true, "flags": [], "submission_time": "2014-03-16T18:09:51.943Z", "upvotes": [], "downvotes": []}}, {"pk": 18, "model": "ed_news.comment", "fields": {"ranking_points": 0, "comment_text": "I just don't think you'll ever make a magnetic monopole.", "author": 3, "parent_submission": 4, "parent_comment": null, "visible": true, "flags": [], "submission_time": "2014-03-16T18:09:51.944Z", "upvotes": [], "downvotes": []}}, {"pk": 19, "model": "ed_news.comment", "fields": {"ranking_points": 0, "comment_text": "I just don't think you'll ever make a magnetic monopole.", "author": 7, "parent_submission": 4, "parent_comment": null, "visible": true, "flags": [], "submission_time": "2014-03-16T18:09:51.945Z", "upvotes": [], "downvotes": []}}, {"pk": 20, "model": "ed_news.comment", "fields": {"ranking_points": 0, "comment_text": "I just don't think you'll ever make a magnetic monopole.", "author": 4, "parent_submission": 4, "parent_comment": null, "visible": true, "flags": [], "submission_time": "2014-03-16T18:09:51.946Z", "upvotes": [], "downvotes": []}}, {"pk": 21, "model": "ed_news.comment", "fields": {"ranking_points": 0, "comment_text": "I just don't think you'll ever make a magnetic monopole.", "author": 3, "parent_submission": 5, "parent_comment": null, "visible": true, "flags": [], "submission_time": "2014-03-16T18:09:51.948Z", "upvotes": [], "downvotes": []}}, {"pk": 22, "model": "ed_news.comment", "fields": {"ranking_points": 0, "comment_text": "I just don't think you'll ever make a magnetic monopole.", "author": 7, "parent_submission": 5, "parent_comment": null, "visible": true, "flags": [], "submission_time": "2014-03-16T18:09:51.949Z", "upvotes": [], "downvotes": []}}, {"pk": 23, "model": "ed_news.comment", "fields": {"ranking_points": 0, "comment_text": "I just don't think you'll ever make a magnetic monopole.", "author": 7, "parent_submission": 5, "parent_comment": null, "visible": true, "flags": [], "submission_time": "2014-03-16T18:09:51.950Z", "upvotes": [], "downvotes": []}}, {"pk": 24, "model": "ed_news.comment", "fields": {"ranking_points": 0, "comment_text": "I just don't think you'll ever make a magnetic monopole.", "author": 2, "parent_submission": 5, "parent_comment": null, "visible": true, "flags": [], "submission_time": "2014-03-16T18:09:51.951Z", "upvotes": [], "downvotes": []}}, {"pk": 25, "model": "ed_news.comment", "fields": {"ranking_points": 0, "comment_text": "I just don't think you'll ever make a magnetic monopole.", "author": 7, "parent_submission": 5, "parent_comment": null, "visible": true, "flags": [], "submission_time": "2014-03-16T18:09:51.952Z", "upvotes": [], "downvotes": []}}, {"pk": 26, "model": "ed_news.comment", "fields": {"ranking_points": 0, "comment_text": "I just don't think you'll ever make a magnetic monopole.", "author": 5, "parent_submission": 6, "parent_comment": null, "visible": true, "flags": [], "submission_time": "2014-03-16T18:09:51.953Z", "upvotes": [], "downvotes": []}}, {"pk": 27, "model": "ed_news.comment", "fields": {"ranking_points": 0, "comment_text": "I just don't think you'll ever make a magnetic monopole.", "author": 7, "parent_submission": 6, "parent_comment": null, "visible": true, "flags": [], "submission_time": "2014-03-16T18:09:51.954Z", "upvotes": [], "downvotes": []}}, {"pk": 28, "model": "ed_news.comment", "fields": {"ranking_points": 0, "comment_text": "I just don't think you'll ever make a magnetic monopole.", "author": 5, "parent_submission": 6, "parent_comment": null, "visible": true, "flags": [], "submission_time": "2014-03-16T18:09:51.955Z", "upvotes": [], "downvotes": []}}, {"pk": 29, "model": "ed_news.comment", "fields": {"ranking_points": 0, "comment_text": "I just don't think you'll ever make a magnetic monopole.", "author": 4, "parent_submission": 6, "parent_comment": null, "visible": true, "flags": [], "submission_time": "2014-03-16T18:09:51.956Z", "upvotes": [], "downvotes": []}}, {"pk": 30, "model": "ed_news.comment", "fields": {"ranking_points": 0, "comment_text": "I just don't think you'll ever make a magnetic monopole.", "author": 5, "parent_submission": 6, "parent_comment": null, "visible": true, "flags": [], "submission_time": "2014-03-16T18:09:51.957Z", "upvotes": [], "downvotes": []}}, {"pk": 31, "model": "ed_news.comment", "fields": {"ranking_points": 0, "comment_text": "I just don't think you'll ever make a magnetic monopole.", "author": 2, "parent_submission": 7, "parent_comment": null, "visible": true, "flags": [], "submission_time": "2014-03-16T18:09:51.959Z", "upvotes": [], "downvotes": []}}, {"pk": 32, "model": "ed_news.comment", "fields": {"ranking_points": 0, "comment_text": "I just don't think you'll ever make a magnetic monopole.", "author": 4, "parent_submission": 7, "parent_comment": null, "visible": true, "flags": [], "submission_time": "2014-03-16T18:09:51.960Z", "upvotes": [], "downvotes": []}}, {"pk": 33, "model": "ed_news.comment", "fields": {"ranking_points": 0, "comment_text": "I just don't think you'll ever make a magnetic monopole.", "author": 2, "parent_submission": 7, "parent_comment": null, "visible": true, "flags": [], "submission_time": "2014-03-16T18:09:51.961Z", "upvotes": [], "downvotes": []}}, {"pk": 34, "model": "ed_news.comment", "fields": {"ranking_points": 0, "comment_text": "I just don't think you'll ever make a magnetic monopole.", "author": 7, "parent_submission": 7, "parent_comment": null, "visible": true, "flags": [], "submission_time": "2014-03-16T18:09:51.962Z", "upvotes": [], "downvotes": []}}, {"pk": 35, "model": "ed_news.comment", "fields": {"ranking_points": 0, "comment_text": "I just don't think you'll ever make a magnetic monopole.", "author": 4, "parent_submission": 7, "parent_comment": null, "visible": true, "flags": [], "submission_time": "2014-03-16T18:09:51.963Z", "upvotes": [], "downvotes": []}}, {"pk": 36, "model": "ed_news.comment", "fields": {"ranking_points": 0, "comment_text": "I just don't think you'll ever make a magnetic monopole.", "author": 7, "parent_submission": 8, "parent_comment": null, "visible": true, "flags": [], "submission_time": "2014-03-16T18:09:51.964Z", "upvotes": [], "downvotes": []}}, {"pk": 37, "model": "ed_news.comment", "fields": {"ranking_points": 0, "comment_text": "I just don't think you'll ever make a magnetic monopole.", "author": 6, "parent_submission": 8, "parent_comment": null, "visible": true, "flags": [], "submission_time": "2014-03-16T18:09:51.966Z", "upvotes": [], "downvotes": []}}, {"pk": 38, "model": "ed_news.comment", "fields": {"ranking_points": 0, "comment_text": "I just don't think you'll ever make a magnetic monopole.", "author": 7, "parent_submission": 8, "parent_comment": null, "visible": true, "flags": [], "submission_time": "2014-03-16T18:09:51.967Z", "upvotes": [], "downvotes": []}}, {"pk": 39, "model": "ed_news.comment", "fields": {"ranking_points": 0, "comment_text": "I just don't think you'll ever make a magnetic monopole.", "author": 2, "parent_submission": 8, "parent_comment": null, "visible": true, "flags": [], "submission_time": "2014-03-16T18:09:51.968Z", "upvotes": [], "downvotes": []}}, {"pk": 40, "model": "ed_news.comment", "fields": {"ranking_points": 0, "comment_text": "I just don't think you'll ever make a magnetic monopole.", "author": 3, "parent_submission": 8, "parent_comment": null, "visible": true, "flags": [], "submission_time": "2014-03-16T18:09:51.969Z", "upvotes": [], "downvotes": []}}, {"pk": 41, "model": "ed_news.comment", "fields": {"ranking_points": 0, "comment_text": "I just don't think you'll ever make a magnetic monopole.", "author": 3, "parent_submission": 9, "parent_comment": null, "visible": true, "flags": [], "submission_time": "2014-03-16T18:09:51.970Z", "upvotes": [], "downvotes": []}}, {"pk": 42, "model": "ed_news.comment", "fields": {"ranking_points": 0, "comment_text": "I just don't think you'll ever make a magnetic monopole.", "author": 2, "parent_submission": 9, "parent_comment": null, "visible": true, "flags": [], "submission_time": "2014-03-16T18:09:51.971Z", "upvotes": [], "downvotes": []}}, {"pk": 43, "model": "ed_news.comment", "fields": {"ranking_points": 0, "comment_text": "I just don't think you'll ever make a magnetic monopole.", "author": 7, "parent_submission": 9, "parent_comment": null, "visible": true, "flags": [], "submission_time": "2014-03-16T18:09:51.972Z", "upvotes": [], "downvotes": []}}, {"pk": 44, "model": "ed_news.comment", "fields": {"ranking_points": 0, "comment_text": "I just don't think you'll ever make a magnetic monopole.", "author": 2, "parent_submission": 9, "parent_comment": null, "visible": true, "flags": [], "submission_time": "2014-03-16T18:09:51.974Z", "upvotes": [], "downvotes": []}}, {"pk": 45, "model": "ed_news.comment", "fields": {"ranking_points": 0, "comment_text": "I just don't think you'll ever make a magnetic monopole.", "author": 5, "parent_submission": 9, "parent_comment": null, "visible": true, "flags": [], "submission_time": "2014-03-16T18:09:51.975Z", "upvotes": [], "downvotes": []}}, {"pk": 46, "model": "ed_news.comment", "fields": {"ranking_points": 0, "comment_text": "I just don't think you'll ever make a magnetic monopole.", "author": 3, "parent_submission": 10, "parent_comment": null, "visible": true, "flags": [], "submission_time": "2014-03-16T18:09:51.977Z", "upvotes": [], "downvotes": []}}, {"pk": 47, "model": "ed_news.comment", "fields": {"ranking_points": 0, "comment_text": "I just don't think you'll ever make a magnetic monopole.", "author": 4, "parent_submission": 10, "parent_comment": null, "visible": true, "flags": [], "submission_time": "2014-03-16T18:09:51.978Z", "upvotes": [], "downvotes": []}}, {"pk": 48, "model": "ed_news.comment", "fields": {"ranking_points": 0, "comment_text": "I just don't think you'll ever make a magnetic monopole.", "author": 2, "parent_submission": 10, "parent_comment": null, "visible": true, "flags": [], "submission_time": "2014-03-16T18:09:51.980Z", "upvotes": [], "downvotes": []}}, {"pk": 49, "model": "ed_news.comment", "fields": {"ranking_points": 0, "comment_text": "I just don't think you'll ever make a magnetic monopole.", "author": 8, "parent_submission": 10, "parent_comment": null, "visible": true, "flags": [], "submission_time": "2014-03-16T18:09:51.981Z", "upvotes": [], "downvotes": []}}, {"pk": 50, "model": "ed_news.comment", "fields": {"ranking_points": 0, "comment_text": "I just don't think you'll ever make a magnetic monopole.", "author": 7, "parent_submission": 10, "parent_comment": null, "visible": true, "flags": [], "submission_time": "2014-03-16T18:09:51.982Z", "upvotes": [], "downvotes": []}}, {"pk": 51, "model": "ed_news.comment", "fields": {"ranking_points": 0, "comment_text": "I just don't think you'll ever make a magnetic monopole.", "author": 5, "parent_submission": 11, "parent_comment": null, "visible": true, "flags": [], "submission_time": "2014-03-16T18:09:51.984Z", "upvotes": [], "downvotes": []}}, {"pk": 52, "model": "ed_news.comment", "fields": {"ranking_points": 0, "comment_text": "I just don't think you'll ever make a magnetic monopole.", "author": 8, "parent_submission": 11, "parent_comment": null, "visible": true, "flags": [], "submission_time": "2014-03-16T18:09:51.986Z", "upvotes": [], "downvotes": []}}, {"pk": 53, "model": "ed_news.comment", "fields": {"ranking_points": 0, "comment_text": "I just don't think you'll ever make a magnetic monopole.", "author": 3, "parent_submission": 11, "parent_comment": null, "visible": true, "flags": [], "submission_time": "2014-03-16T18:09:51.987Z", "upvotes": [], "downvotes": []}}, {"pk": 54, "model": "ed_news.comment", "fields": {"ranking_points": 0, "comment_text": "I just don't think you'll ever make a magnetic monopole.", "author": 2, "parent_submission": 11, "parent_comment": null, "visible": true, "flags": [], "submission_time": "2014-03-16T18:09:51.988Z", "upvotes": [], "downvotes": []}}, {"pk": 55, "model": "ed_news.comment", "fields": {"ranking_points": 0, "comment_text": "I just don't think you'll ever make a magnetic monopole.", "author": 2, "parent_submission": 11, "parent_comment": null, "visible": true, "flags": [], "submission_time": "2014-03-16T18:09:51.989Z", "upvotes": [], "downvotes": []}}, {"pk": 56, "model": "ed_news.comment", "fields": {"ranking_points": 0, "comment_text": "I just don't think you'll ever make a magnetic monopole.", "author": 6, "parent_submission": 12, "parent_comment": null, "visible": true, "flags": [], "submission_time": "2014-03-16T18:09:51.991Z", "upvotes": [], "downvotes": []}}, {"pk": 57, "model": "ed_news.comment", "fields": {"ranking_points": 0, "comment_text": "I just don't think you'll ever make a magnetic monopole.", "author": 6, "parent_submission": 12, "parent_comment": null, "visible": true, "flags": [], "submission_time": "2014-03-16T18:09:51.992Z", "upvotes": [], "downvotes": []}}, {"pk": 58, "model": "ed_news.comment", "fields": {"ranking_points": 0, "comment_text": "I just don't think you'll ever make a magnetic monopole.", "author": 8, "parent_submission": 12, "parent_comment": null, "visible": true, "flags": [], "submission_time": "2014-03-16T18:09:51.992Z", "upvotes": [], "downvotes": []}}, {"pk": 59, "model": "ed_news.comment", "fields": {"ranking_points": 0, "comment_text": "I just don't think you'll ever make a magnetic monopole.", "author": 3, "parent_submission": 12, "parent_comment": null, "visible": true, "flags": [], "submission_time": "2014-03-16T18:09:51.993Z", "upvotes": [], "downvotes": []}}, {"pk": 60, "model": "ed_news.comment", "fields": {"ranking_points": 0, "comment_text": "I just don't think you'll ever make a magnetic monopole.", "author": 4, "parent_submission": 12, "parent_comment": null, "visible": true, "flags": [], "submission_time": "2014-03-16T18:09:51.993Z", "upvotes": [], "downvotes": []}}, {"pk": 61, "model": "ed_news.comment", "fields": {"ranking_points": 0, "comment_text": "I just don't think you'll ever make a magnetic monopole.", "author": 8, "parent_submission": 13, "parent_comment": null, "visible": true, "flags": [], "submission_time": "2014-03-16T18:09:51.994Z", "upvotes": [], "downvotes": []}}, {"pk": 62, "model": "ed_news.comment", "fields": {"ranking_points": 0, "comment_text": "I just don't think you'll ever make a magnetic monopole.", "author": 2, "parent_submission": 13, "parent_comment": null, "visible": true, "flags": [], "submission_time": "2014-03-16T18:09:51.994Z", "upvotes": [], "downvotes": []}}, {"pk": 63, "model": "ed_news.comment", "fields": {"ranking_points": 0, "comment_text": "I just don't think you'll ever make a magnetic monopole.", "author": 3, "parent_submission": 13, "parent_comment": null, "visible": true, "flags": [], "submission_time": "2014-03-16T18:09:51.994Z", "upvotes": [], "downvotes": []}}, {"pk": 64, "model": "ed_news.comment", "fields": {"ranking_points": 0, "comment_text": "I just don't think you'll ever make a magnetic monopole.", "author": 4, "parent_submission": 13, "parent_comment": null, "visible": true, "flags": [], "submission_time": "2014-03-16T18:09:51.995Z", "upvotes": [], "downvotes": []}}, {"pk": 65, "model": "ed_news.comment", "fields": {"ranking_points": 0, "comment_text": "I just don't think you'll ever make a magnetic monopole.", "author": 6, "parent_submission": 13, "parent_comment": null, "visible": true, "flags": [], "submission_time": "2014-03-16T18:09:51.996Z", "upvotes": [], "downvotes": []}}, {"pk": 66, "model": "ed_news.comment", "fields": {"ranking_points": 0, "comment_text": "I just don't think you'll ever make a magnetic monopole.", "author": 5, "parent_submission": 14, "parent_comment": null, "visible": true, "flags": [], "submission_time": "2014-03-16T18:09:51.996Z", "upvotes": [], "downvotes": []}}, {"pk": 67, "model": "ed_news.comment", "fields": {"ranking_points": 0, "comment_text": "I just don't think you'll ever make a magnetic monopole.", "author": 4, "parent_submission": 14, "parent_comment": null, "visible": true, "flags": [], "submission_time": "2014-03-16T18:09:51.996Z", "upvotes": [], "downvotes": []}}, {"pk": 68, "model": "ed_news.comment", "fields": {"ranking_points": 0, "comment_text": "I just don't think you'll ever make a magnetic monopole.", "author": 4, "parent_submission": 14, "parent_comment": null, "visible": true, "flags": [], "submission_time": "2014-03-16T18:09:51.997Z", "upvotes": [], "downvotes": []}}, {"pk": 69, "model": "ed_news.comment", "fields": {"ranking_points": 0, "comment_text": "I just don't think you'll ever make a magnetic monopole.", "author": 7, "parent_submission": 14, "parent_comment": null, "visible": true, "flags": [], "submission_time": "2014-03-16T18:09:51.997Z", "upvotes": [], "downvotes": []}}, {"pk": 70, "model": "ed_news.comment", "fields": {"ranking_points": 0, "comment_text": "I just don't think you'll ever make a magnetic monopole.", "author": 5, "parent_submission": 14, "parent_comment": null, "visible": true, "flags": [], "submission_time": "2014-03-16T18:09:51.998Z", "upvotes": [], "downvotes": []}}, {"pk": 71, "model": "ed_news.comment", "fields": {"ranking_points": 0, "comment_text": "I just don't think you'll ever make a magnetic monopole.", "author": 8, "parent_submission": 15, "parent_comment": null, "visible": true, "flags": [], "submission_time": "2014-03-16T18:09:51.998Z", "upvotes": [], "downvotes": []}}, {"pk": 72, "model": "ed_news.comment", "fields": {"ranking_points": 0, "comment_text": "I just don't think you'll ever make a magnetic monopole.", "author": 5, "parent_submission": 15, "parent_comment": null, "visible": true, "flags": [], "submission_time": "2014-03-16T18:09:51.998Z", "upvotes": [], "downvotes": []}}, {"pk": 73, "model": "ed_news.comment", "fields": {"ranking_points": 0, "comment_text": "I just don't think you'll ever make a magnetic monopole.", "author": 8, "parent_submission": 15, "parent_comment": null, "visible": true, "flags": [], "submission_time": "2014-03-16T18:09:51.999Z", "upvotes": [], "downvotes": []}}, {"pk": 74, "model": "ed_news.comment", "fields": {"ranking_points": 0, "comment_text": "I just don't think you'll ever make a magnetic monopole.", "author": 6, "parent_submission": 15, "parent_comment": null, "visible": true, "flags": [], "submission_time": "2014-03-16T18:09:51.999Z", "upvotes": [], "downvotes": []}}, {"pk": 75, "model": "ed_news.comment", "fields": {"ranking_points": 0, "comment_text": "I just don't think you'll ever make a magnetic monopole.", "author": 8, "parent_submission": 15, "parent_comment": null, "visible": true, "flags": [], "submission_time": "2014-03-16T18:09:52.000Z", "upvotes": [], "downvotes": []}}, {"pk": 76, "model": "ed_news.comment", "fields": {"ranking_points": 0, "comment_text": "I just don't think you'll ever make a magnetic monopole.", "author": 2, "parent_submission": 16, "parent_comment": null, "visible": true, "flags": [], "submission_time": "2014-03-16T18:09:52.000Z", "upvotes": [], "downvotes": []}}, {"pk": 77, "model": "ed_news.comment", "fields": {"ranking_points": 0, "comment_text": "I just don't think you'll ever make a magnetic monopole.", "author": 2, "parent_submission": 16, "parent_comment": null, "visible": true, "flags": [], "submission_time": "2014-03-16T18:09:52.001Z", "upvotes": [], "downvotes": []}}, {"pk": 78, "model": "ed_news.comment", "fields": {"ranking_points": 0, "comment_text": "I just don't think you'll ever make a magnetic monopole.", "author": 8, "parent_submission": 16, "parent_comment": null, "visible": true, "flags": [], "submission_time": "2014-03-16T18:09:52.002Z", "upvotes": [], "downvotes": []}}, {"pk": 79, "model": "ed_news.comment", "fields": {"ranking_points": 0, "comment_text": "I just don't think you'll ever make a magnetic monopole.", "author": 6, "parent_submission": 16, "parent_comment": null, "visible": true, "flags": [], "submission_time": "2014-03-16T18:09:52.002Z", "upvotes": [], "downvotes": []}}, {"pk": 80, "model": "ed_news.comment", "fields": {"ranking_points": 0, "comment_text": "I just don't think you'll ever make a magnetic monopole.", "author": 7, "parent_submission": 16, "parent_comment": null, "visible": true, "flags": [], "submission_time": "2014-03-16T18:09:52.003Z", "upvotes": [], "downvotes": []}}, {"pk": 81, "model": "ed_news.comment", "fields": {"ranking_points": 0, "comment_text": "I just don't think you'll ever make a magnetic monopole.", "author": 6, "parent_submission": 17, "parent_comment": null, "visible": true, "flags": [], "submission_time": "2014-03-16T18:09:52.004Z", "upvotes": [], "downvotes": []}}, {"pk": 82, "model": "ed_news.comment", "fields": {"ranking_points": 0, "comment_text": "I just don't think you'll ever make a magnetic monopole.", "author": 4, "parent_submission": 17, "parent_comment": null, "visible": true, "flags": [], "submission_time": "2014-03-16T18:09:52.004Z", "upvotes": [], "downvotes": []}}, {"pk": 83, "model": "ed_news.comment", "fields": {"ranking_points": 0, "comment_text": "I just don't think you'll ever make a magnetic monopole.", "author": 4, "parent_submission": 17, "parent_comment": null, "visible": true, "flags": [], "submission_time": "2014-03-16T18:09:52.005Z", "upvotes": [], "downvotes": []}}, {"pk": 84, "model": "ed_news.comment", "fields": {"ranking_points": 0, "comment_text": "I just don't think you'll ever make a magnetic monopole.", "author": 6, "parent_submission": 17, "parent_comment": null, "visible": true, "flags": [], "submission_time": "2014-03-16T18:09:52.006Z", "upvotes": [], "downvotes": []}}, {"pk": 85, "model": "ed_news.comment", "fields": {"ranking_points": 0, "comment_text": "I just don't think you'll ever make a magnetic monopole.", "author": 4, "parent_submission": 17, "parent_comment": null, "visible": true, "flags": [], "submission_time": "2014-03-16T18:09:52.007Z", "upvotes": [], "downvotes": []}}, {"pk": 86, "model": "ed_news.comment", "fields": {"ranking_points": 0, "comment_text": "I just don't think you'll ever make a magnetic monopole.", "author": 3, "parent_submission": 18, "parent_comment": null, "visible": true, "flags": [], "submission_time": "2014-03-16T18:09:52.008Z", "upvotes": [], "downvotes": []}}, {"pk": 87, "model": "ed_news.comment", "fields": {"ranking_points": 0, "comment_text": "I just don't think you'll ever make a magnetic monopole.", "author": 5, "parent_submission": 18, "parent_comment": null, "visible": true, "flags": [], "submission_time": "2014-03-16T18:09:52.008Z", "upvotes": [], "downvotes": []}}, {"pk": 88, "model": "ed_news.comment", "fields": {"ranking_points": 0, "comment_text": "I just don't think you'll ever make a magnetic monopole.", "author": 7, "parent_submission": 18, "parent_comment": null, "visible": true, "flags": [], "submission_time": "2014-03-16T18:09:52.009Z", "upvotes": [], "downvotes": []}}, {"pk": 89, "model": "ed_news.comment", "fields": {"ranking_points": 0, "comment_text": "I just don't think you'll ever make a magnetic monopole.", "author": 8, "parent_submission": 18, "parent_comment": null, "visible": true, "flags": [], "submission_time": "2014-03-16T18:09:52.010Z", "upvotes": [], "downvotes": []}}, {"pk": 90, "model": "ed_news.comment", "fields": {"ranking_points": 0, "comment_text": "I just don't think you'll ever make a magnetic monopole.", "author": 8, "parent_submission": 18, "parent_comment": null, "visible": true, "flags": [], "submission_time": "2014-03-16T18:09:52.011Z", "upvotes": [], "downvotes": []}}, {"pk": 91, "model": "ed_news.comment", "fields": {"ranking_points": 0, "comment_text": "I just don't think you'll ever make a magnetic monopole.", "author": 3, "parent_submission": 19, "parent_comment": null, "visible": true, "flags": [], "submission_time": "2014-03-16T18:09:52.012Z", "upvotes": [], "downvotes": []}}, {"pk": 92, "model": "ed_news.comment", "fields": {"ranking_points": 0, "comment_text": "I just don't think you'll ever make a magnetic monopole.", "author": 8, "parent_submission": 19, "parent_comment": null, "visible": true, "flags": [], "submission_time": "2014-03-16T18:09:52.012Z", "upvotes": [], "downvotes": []}}, {"pk": 93, "model": "ed_news.comment", "fields": {"ranking_points": 0, "comment_text": "I just don't think you'll ever make a magnetic monopole.", "author": 6, "parent_submission": 19, "parent_comment": null, "visible": true, "flags": [], "submission_time": "2014-03-16T18:09:52.013Z", "upvotes": [], "downvotes": []}}, {"pk": 94, "model": "ed_news.comment", "fields": {"ranking_points": 0, "comment_text": "I just don't think you'll ever make a magnetic monopole.", "author": 4, "parent_submission": 19, "parent_comment": null, "visible": true, "flags": [], "submission_time": "2014-03-16T18:09:52.014Z", "upvotes": [], "downvotes": []}}, {"pk": 95, "model": "ed_news.comment", "fields": {"ranking_points": 0, "comment_text": "I just don't think you'll ever make a magnetic monopole.", "author": 6, "parent_submission": 19, "parent_comment": null, "visible": true, "flags": [], "submission_time": "2014-03-16T18:09:52.015Z", "upvotes": [], "downvotes": []}}, {"pk": 96, "model": "ed_news.comment", "fields": {"ranking_points": 0, "comment_text": "I just don't think you'll ever make a magnetic monopole.", "author": 4, "parent_submission": 20, "parent_comment": null, "visible": true, "flags": [], "submission_time": "2014-03-16T18:09:52.016Z", "upvotes": [], "downvotes": []}}, {"pk": 97, "model": "ed_news.comment", "fields": {"ranking_points": 0, "comment_text": "I just don't think you'll ever make a magnetic monopole.", "author": 6, "parent_submission": 20, "parent_comment": null, "visible": true, "flags": [], "submission_time": "2014-03-16T18:09:52.016Z", "upvotes": [], "downvotes": []}}, {"pk": 98, "model": "ed_news.comment", "fields": {"ranking_points": 0, "comment_text": "I just don't think you'll ever make a magnetic monopole.", "author": 8, "parent_submission": 20, "parent_comment": null, "visible": true, "flags": [], "submission_time": "2014-03-16T18:09:52.017Z", "upvotes": [], "downvotes": []}}, {"pk": 99, "model": "ed_news.comment", "fields": {"ranking_points": 0, "comment_text": "I just don't think you'll ever make a magnetic monopole.", "author": 8, "parent_submission": 20, "parent_comment": null, "visible": true, "flags": [], "submission_time": "2014-03-16T18:09:52.018Z", "upvotes": [], "downvotes": []}}, {"pk": 100, "model": "ed_news.comment", "fields": {"ranking_points": 0, "comment_text": "I just don't think you'll ever make a magnetic monopole.", "author": 2, "parent_submission": 20, "parent_comment": null, "visible": true, "flags": [], "submission_time": "2014-03-16T18:09:52.019Z", "upvotes": [], "downvotes": []}}, {"pk": 101, "model": "ed_news.comment", "fields": {"ranking_points": 0, "comment_text": "I just don't think you'll ever make a magnetic monopole.", "author": 6, "parent_submission": 21, "parent_comment": null, "visible": true, "flags": [], "submission_time": "2014-03-16T18:09:52.020Z", "upvotes": [], "downvotes": []}}, {"pk": 102, "model": "ed_news.comment", "fields": {"ranking_points": 0, "comment_text": "I just don't think you'll ever make a magnetic monopole.", "author": 7, "parent_submission": 21, "parent_comment": null, "visible": true, "flags": [], "submission_time": "2014-03-16T18:09:52.020Z", "upvotes": [], "downvotes": []}}, {"pk": 103, "model": "ed_news.comment", "fields": {"ranking_points": 0, "comment_text": "I just don't think you'll ever make a magnetic monopole.", "author": 2, "parent_submission": 21, "parent_comment": null, "visible": true, "flags": [], "submission_time": "2014-03-16T18:09:52.021Z", "upvotes": [], "downvotes": []}}, {"pk": 104, "model": "ed_news.comment", "fields": {"ranking_points": 0, "comment_text": "I just don't think you'll ever make a magnetic monopole.", "author": 8, "parent_submission": 21, "parent_comment": null, "visible": true, "flags": [], "submission_time": "2014-03-16T18:09:52.022Z", "upvotes": [], "downvotes": []}}, {"pk": 105, "model": "ed_news.comment", "fields": {"ranking_points": 0, "comment_text": "I just don't think you'll ever make a magnetic monopole.", "author": 5, "parent_submission": 21, "parent_comment": null, "visible": true, "flags": [], "submission_time": "2014-03-16T18:09:52.023Z", "upvotes": [], "downvotes": []}}, {"pk": 106, "model": "ed_news.comment", "fields": {"ranking_points": 0, "comment_text": "Yeah, I was kind of thinking that.", "author": 2, "parent_submission": 2, "parent_comment": 6, "visible": true, "flags": [], "submission_time": "2014-03-16T18:09:52.032Z", "upvotes": [], "downvotes": []}}, {"pk": 107, "model": "ed_news.comment", "fields": {"ranking_points": 0, "comment_text": "Yeah, I was kind of thinking that.", "author": 2, "parent_submission": 6, "parent_comment": 29, "visible": true, "flags": [], "submission_time": "2014-03-16T18:09:52.036Z", "upvotes": [], "downvotes": []}}, {"pk": 108, "model": "ed_news.comment", "fields": {"ranking_points": 0, "comment_text": "Yeah, I was kind of thinking that.", "author": 2, "parent_submission": 19, "parent_comment": 92, "visible": true, "flags": [], "submission_time": "2014-03-16T18:09:52.039Z", "upvotes": [], "downvotes": []}}, {"pk": 109, "model": "ed_news.comment", "fields": {"ranking_points": 0, "comment_text": "Yeah, I was kind of thinking that.", "author": 2, "parent_submission": 16, "parent_comment": 79, "visible": true, "flags": [], "submission_time": "2014-03-16T18:09:52.043Z", "upvotes": [], "downvotes": []}}, {"pk": 110, "model": "ed_news.comment", "fields": {"ranking_points": 0, "comment_text": "Yeah, I was kind of thinking that.", "author": 2, "parent_submission": 1, "parent_comment": 3, "visible": true, "flags": [], "submission_time": "2014-03-16T18:09:52.044Z", "upvotes": [], "downvotes": []}}, {"pk": 111, "model": "ed_news.comment", "fields": {"ranking_points": 0, "comment_text": "Yeah, I was kind of thinking that.", "author": 2, "parent_submission": 16, "parent_comment": 76, "visible": true, "flags": [], "submission_time": "2014-03-16T18:09:52.046Z", "upvotes": [], "downvotes": []}}, {"pk": 112, "model": "ed_news.comment", "fields": {"ranking_points": 0, "comment_text": "Yeah, I was kind of thinking that.", "author": 2, "parent_submission": 5, "parent_comment": 25, "visible": true, "flags": [], "submission_time": "2014-03-16T18:09:52.048Z", "upvotes": [], "downvotes": []}}, {"pk": 113, "model": "ed_news.comment", "fields": {"ranking_points": 0, "comment_text": "Yeah, I was kind of thinking that.", "author": 2, "parent_submission": 14, "parent_comment": 69, "visible": true, "flags": [], "submission_time": "2014-03-16T18:09:52.049Z", "upvotes": [], "downvotes": []}}, {"pk": 114, "model": "ed_news.comment", "fields": {"ranking_points": 0, "comment_text": "Yeah, I was kind of thinking that.", "author": 2, "parent_submission": 12, "parent_comment": 59, "visible": true, "flags": [], "submission_time": "2014-03-16T18:09:52.050Z", "upvotes": [], "downvotes": []}}, {"pk": 115, "model": "ed_news.comment", "fields": {"ranking_points": 0, "comment_text": "Yeah, I was kind of thinking that.", "author": 2, "parent_submission": 8, "parent_comment": 36, "visible": true, "flags": [], "submission_time": "2014-03-16T18:09:52.052Z", "upvotes": [], "downvotes": []}}, {"pk": 116, "model": "ed_news.comment", "fields": {"ranking_points": 0, "comment_text": "Yeah, I was kind of thinking that.", "author": 2, "parent_submission": 16, "parent_comment": 80, "visible": true, "flags": [], "submission_time": "2014-03-16T18:09:52.053Z", "upvotes": [], "downvotes": []}}, {"pk": 117, "model": "ed_news.comment", "fields": {"ranking_points": 0, "comment_text": "Yeah, I was kind of thinking that.", "author": 2, "parent_submission": 3, "parent_comment": 14, "visible": true, "flags": [], "submission_time": "2014-03-16T18:09:52.054Z", "upvotes": [], "downvotes": []}}, {"pk": 118, "model": "ed_news.comment", "fields": {"ranking_points": 0, "comment_text": "Yeah, I was kind of thinking that.", "author": 2, "parent_submission": 14, "parent_comment": 66, "visible": true, "flags": [], "submission_time": "2014-03-16T18:09:52.056Z", "upvotes": [], "downvotes": []}}, {"pk": 119, "model": "ed_news.comment", "fields": {"ranking_points": 0, "comment_text": "Yeah, I was kind of thinking that.", "author": 2, "parent_submission": 16, "parent_comment": 80, "visible": true, "flags": [], "submission_time": "2014-03-16T18:09:52.057Z", "upvotes": [], "downvotes": []}}, {"pk": 120, "model": "ed_news.comment", "fields": {"ranking_points": 0, "comment_text": "Yeah, I was kind of thinking that.", "author": 2, "parent_submission": 3, "parent_comment": 12, "visible": true, "flags": [], "submission_time": "2014-03-16T18:09:52.059Z", "upvotes": [], "downvotes": []}}, {"pk": 121, "model": "ed_news.comment", "fields": {"ranking_points": 0, "comment_text": "Yeah, I was kind of thinking that.", "author": 3, "parent_submission": 1, "parent_comment": 2, "visible": true, "flags": [], "submission_time": "2014-03-16T18:09:52.060Z", "upvotes": [], "downvotes": []}}, {"pk": 122, "model": "ed_news.comment", "fields": {"ranking_points": 0, "comment_text": "Yeah, I was kind of thinking that.", "author": 3, "parent_submission": 16, "parent_comment": 77, "visible": true, "flags": [], "submission_time": "2014-03-16T18:09:52.062Z", "upvotes": [], "downvotes": []}}, {"pk": 123, "model": "ed_news.comment", "fields": {"ranking_points": 0, "comment_text": "Yeah, I was kind of thinking that.", "author": 3, "parent_submission": 12, "parent_comment": 57, "visible": true, "flags": [], "submission_time": "2014-03-16T18:09:52.063Z", "upvotes": [], "downvotes": []}}, {"pk": 124, "model": "ed_news.comment", "fields": {"ranking_points": 0, "comment_text": "Yeah, I was kind of thinking that.", "author": 3, "parent_submission": 8, "parent_comment": 36, "visible": true, "flags": [], "submission_time": "2014-03-16T18:09:52.064Z", "upvotes": [], "downvotes": []}}, {"pk": 125, "model": "ed_news.comment", "fields": {"ranking_points": 0, "comment_text": "Yeah, I was kind of thinking that.", "author": 3, "parent_submission": 6, "parent_comment": 29, "visible": true, "flags": [], "submission_time": "2014-03-16T18:09:52.064Z", "upvotes": [], "downvotes": []}}, {"pk": 126, "model": "ed_news.comment", "fields": {"ranking_points": 0, "comment_text": "Yeah, I was kind of thinking that.", "author": 3, "parent_submission": 9, "parent_comment": 41, "visible": true, "flags": [], "submission_time": "2014-03-16T18:09:52.066Z", "upvotes": [], "downvotes": []}}, {"pk": 127, "model": "ed_news.comment", "fields": {"ranking_points": 0, "comment_text": "Yeah, I was kind of thinking that.", "author": 3, "parent_submission": 1, "parent_comment": 2, "visible": true, "flags": [], "submission_time": "2014-03-16T18:09:52.068Z", "upvotes": [], "downvotes": []}}, {"pk": 128, "model": "ed_news.comment", "fields": {"ranking_points": 0, "comment_text": "Yeah, I was kind of thinking that.", "author": 3, "parent_submission": 7, "parent_comment": 33, "visible": true, "flags": [], "submission_time": "2014-03-16T18:09:52.070Z", "upvotes": [], "downvotes": []}}, {"pk": 129, "model": "ed_news.comment", "fields": {"ranking_points": 0, "comment_text": "Yeah, I was kind of thinking that.", "author": 3, "parent_submission": 17, "parent_comment": 85, "visible": true, "flags": [], "submission_time": "2014-03-16T18:09:52.071Z", "upvotes": [], "downvotes": []}}, {"pk": 130, "model": "ed_news.comment", "fields": {"ranking_points": 0, "comment_text": "Yeah, I was kind of thinking that.", "author": 3, "parent_submission": 8, "parent_comment": 40, "visible": true, "flags": [], "submission_time": "2014-03-16T18:09:52.073Z", "upvotes": [], "downvotes": []}}, {"pk": 131, "model": "ed_news.comment", "fields": {"ranking_points": 0, "comment_text": "Yeah, I was kind of thinking that.", "author": 3, "parent_submission": 14, "parent_comment": 66, "visible": true, "flags": [], "submission_time": "2014-03-16T18:09:52.074Z", "upvotes": [], "downvotes": []}}, {"pk": 132, "model": "ed_news.comment", "fields": {"ranking_points": 0, "comment_text": "Yeah, I was kind of thinking that.", "author": 3, "parent_submission": 4, "parent_comment": 17, "visible": true, "flags": [], "submission_time": "2014-03-16T18:09:52.075Z", "upvotes": [], "downvotes": []}}, {"pk": 133, "model": "ed_news.comment", "fields": {"ranking_points": 0, "comment_text": "Yeah, I was kind of thinking that.", "author": 3, "parent_submission": 2, "parent_comment": 8, "visible": true, "flags": [], "submission_time": "2014-03-16T18:09:52.077Z", "upvotes": [], "downvotes": []}}, {"pk": 134, "model": "ed_news.comment", "fields": {"ranking_points": 0, "comment_text": "Yeah, I was kind of thinking that.", "author": 3, "parent_submission": 15, "parent_comment": 75, "visible": true, "flags": [], "submission_time": "2014-03-16T18:09:52.078Z", "upvotes": [], "downvotes": []}}, {"pk": 135, "model": "ed_news.comment", "fields": {"ranking_points": 0, "comment_text": "Yeah, I was kind of thinking that.", "author": 3, "parent_submission": 14, "parent_comment": 66, "visible": true, "flags": [], "submission_time": "2014-03-16T18:09:52.079Z", "upvotes": [], "downvotes": []}}, {"pk": 136, "model": "ed_news.comment", "fields": {"ranking_points": 0, "comment_text": "Yeah, I was kind of thinking that.", "author": 4, "parent_submission": 2, "parent_comment": 10, "visible": true, "flags": [], "submission_time": "2014-03-16T18:09:52.080Z", "upvotes": [], "downvotes": []}}, {"pk": 137, "model": "ed_news.comment", "fields": {"ranking_points": 0, "comment_text": "Yeah, I was kind of thinking that.", "author": 4, "parent_submission": 17, "parent_comment": 81, "visible": true, "flags": [], "submission_time": "2014-03-16T18:09:52.082Z", "upvotes": [], "downvotes": []}}, {"pk": 138, "model": "ed_news.comment", "fields": {"ranking_points": 0, "comment_text": "Yeah, I was kind of thinking that.", "author": 4, "parent_submission": 7, "parent_comment": 33, "visible": true, "flags": [], "submission_time": "2014-03-16T18:09:52.083Z", "upvotes": [], "downvotes": []}}, {"pk": 139, "model": "ed_news.comment", "fields": {"ranking_points": 0, "comment_text": "Yeah, I was kind of thinking that.", "author": 4, "parent_submission": 5, "parent_comment": 24, "visible": true, "flags": [], "submission_time": "2014-03-16T18:09:52.085Z", "upvotes": [], "downvotes": []}}, {"pk": 140, "model": "ed_news.comment", "fields": {"ranking_points": 0, "comment_text": "Yeah, I was kind of thinking that.", "author": 4, "parent_submission": 8, "parent_comment": 38, "visible": true, "flags": [], "submission_time": "2014-03-16T18:09:52.086Z", "upvotes": [], "downvotes": []}}, {"pk": 141, "model": "ed_news.comment", "fields": {"ranking_points": 0, "comment_text": "Yeah, I was kind of thinking that.", "author": 4, "parent_submission": 18, "parent_comment": 87, "visible": true, "flags": [], "submission_time": "2014-03-16T18:09:52.087Z", "upvotes": [], "downvotes": []}}, {"pk": 142, "model": "ed_news.comment", "fields": {"ranking_points": 0, "comment_text": "Yeah, I was kind of thinking that.", "author": 4, "parent_submission": 13, "parent_comment": 61, "visible": true, "flags": [], "submission_time": "2014-03-16T18:09:52.089Z", "upvotes": [], "downvotes": []}}, {"pk": 143, "model": "ed_news.comment", "fields": {"ranking_points": 0, "comment_text": "Yeah, I was kind of thinking that.", "author": 4, "parent_submission": 20, "parent_comment": 98, "visible": true, "flags": [], "submission_time": "2014-03-16T18:09:52.090Z", "upvotes": [], "downvotes": []}}, {"pk": 144, "model": "ed_news.comment", "fields": {"ranking_points": 0, "comment_text": "Yeah, I was kind of thinking that.", "author": 4, "parent_submission": 5, "parent_comment": 25, "visible": true, "flags": [], "submission_time": "2014-03-16T18:09:52.091Z", "upvotes": [], "downvotes": []}}, {"pk": 145, "model": "ed_news.comment", "fields": {"ranking_points": 0, "comment_text": "Yeah, I was kind of thinking that.", "author": 4, "parent_submission": 16, "parent_comment": 77, "visible": true, "flags": [], "submission_time": "2014-03-16T18:09:52.091Z", "upvotes": [], "downvotes": []}}, {"pk": 146, "model": "ed_news.comment", "fields": {"ranking_points": 0, "comment_text": "Yeah, I was kind of thinking that.", "author": 4, "parent_submission": 13, "parent_comment": 61, "visible": true, "flags": [], "submission_time": "2014-03-16T18:09:52.092Z", "upvotes": [], "downvotes": []}}, {"pk": 147, "model": "ed_news.comment", "fields": {"ranking_points": 0, "comment_text": "Yeah, I was kind of thinking that.", "author": 4, "parent_submission": 3, "parent_comment": 13, "visible": true, "flags": [], "submission_time": "2014-03-16T18:09:52.093Z", "upvotes": [], "downvotes": []}}, {"pk": 148, "model": "ed_news.comment", "fields": {"ranking_points": 0, "comment_text": "Yeah, I was kind of thinking that.", "author": 4, "parent_submission": 10, "parent_comment": 49, "visible": true, "flags": [], "submission_time": "2014-03-16T18:09:52.094Z", "upvotes": [], "downvotes": []}}, {"pk": 149, "model": "ed_news.comment", "fields": {"ranking_points": 0, "comment_text": "Yeah, I was kind of thinking that.", "author": 4, "parent_submission": 20, "parent_comment": 100, "visible": true, "flags": [], "submission_time": "2014-03-16T18:09:52.096Z", "upvotes": [], "downvotes": []}}, {"pk": 150, "model": "ed_news.comment", "fields": {"ranking_points": 0, "comment_text": "Yeah, I was kind of thinking that.", "author": 4, "parent_submission": 7, "parent_comment": 35, "visible": true, "flags": [], "submission_time": "2014-03-16T18:09:52.099Z", "upvotes": [], "downvotes": []}}, {"pk": 151, "model": "ed_news.comment", "fields": {"ranking_points": 0, "comment_text": "Yeah, I was kind of thinking that.", "author": 5, "parent_submission": 18, "parent_comment": 90, "visible": true, "flags": [], "submission_time": "2014-03-16T18:09:52.102Z", "upvotes": [], "downvotes": []}}, {"pk": 152, "model": "ed_news.comment", "fields": {"ranking_points": 0, "comment_text": "Yeah, I was kind of thinking that.", "author": 5, "parent_submission": 3, "parent_comment": 14, "visible": true, "flags": [], "submission_time": "2014-03-16T18:09:52.103Z", "upvotes": [], "downvotes": []}}, {"pk": 153, "model": "ed_news.comment", "fields": {"ranking_points": 0, "comment_text": "Yeah, I was kind of thinking that.", "author": 5, "parent_submission": 13, "parent_comment": 65, "visible": true, "flags": [], "submission_time": "2014-03-16T18:09:52.104Z", "upvotes": [], "downvotes": []}}, {"pk": 154, "model": "ed_news.comment", "fields": {"ranking_points": 0, "comment_text": "Yeah, I was kind of thinking that.", "author": 5, "parent_submission": 18, "parent_comment": 87, "visible": true, "flags": [], "submission_time": "2014-03-16T18:09:52.105Z", "upvotes": [], "downvotes": []}}, {"pk": 155, "model": "ed_news.comment", "fields": {"ranking_points": 0, "comment_text": "Yeah, I was kind of thinking that.", "author": 5, "parent_submission": 2, "parent_comment": 7, "visible": true, "flags": [], "submission_time": "2014-03-16T18:09:52.106Z", "upvotes": [], "downvotes": []}}, {"pk": 156, "model": "ed_news.comment", "fields": {"ranking_points": 0, "comment_text": "Yeah, I was kind of thinking that.", "author": 5, "parent_submission": 11, "parent_comment": 52, "visible": true, "flags": [], "submission_time": "2014-03-16T18:09:52.107Z", "upvotes": [], "downvotes": []}}, {"pk": 157, "model": "ed_news.comment", "fields": {"ranking_points": 0, "comment_text": "Yeah, I was kind of thinking that.", "author": 5, "parent_submission": 18, "parent_comment": 86, "visible": true, "flags": [], "submission_time": "2014-03-16T18:09:52.109Z", "upvotes": [], "downvotes": []}}, {"pk": 158, "model": "ed_news.comment", "fields": {"ranking_points": 0, "comment_text": "Yeah, I was kind of thinking that.", "author": 5, "parent_submission": 16, "parent_comment": 80, "visible": true, "flags": [], "submission_time": "2014-03-16T18:09:52.109Z", "upvotes": [], "downvotes": []}}, {"pk": 159, "model": "ed_news.comment", "fields": {"ranking_points": 0, "comment_text": "Yeah, I was kind of thinking that.", "author": 5, "parent_submission": 19, "parent_comment": 94, "visible": true, "flags": [], "submission_time": "2014-03-16T18:09:52.111Z", "upvotes": [], "downvotes": []}}, {"pk": 160, "model": "ed_news.comment", "fields": {"ranking_points": 0, "comment_text": "Yeah, I was kind of thinking that.", "author": 5, "parent_submission": 16, "parent_comment": 80, "visible": true, "flags": [], "submission_time": "2014-03-16T18:09:52.111Z", "upvotes": [], "downvotes": []}}, {"pk": 161, "model": "ed_news.comment", "fields": {"ranking_points": 0, "comment_text": "Yeah, I was kind of thinking that.", "author": 5, "parent_submission": 2, "parent_comment": 9, "visible": true, "flags": [], "submission_time": "2014-03-16T18:09:52.113Z", "upvotes": [], "downvotes": []}}, {"pk": 162, "model": "ed_news.comment", "fields": {"ranking_points": 0, "comment_text": "Yeah, I was kind of thinking that.", "author": 5, "parent_submission": 12, "parent_comment": 60, "visible": true, "flags": [], "submission_time": "2014-03-16T18:09:52.114Z", "upvotes": [], "downvotes": []}}, {"pk": 163, "model": "ed_news.comment", "fields": {"ranking_points": 0, "comment_text": "Yeah, I was kind of thinking that.", "author": 5, "parent_submission": 8, "parent_comment": 40, "visible": true, "flags": [], "submission_time": "2014-03-16T18:09:52.114Z", "upvotes": [], "downvotes": []}}, {"pk": 164, "model": "ed_news.comment", "fields": {"ranking_points": 0, "comment_text": "Yeah, I was kind of thinking that.", "author": 5, "parent_submission": 15, "parent_comment": 73, "visible": true, "flags": [], "submission_time": "2014-03-16T18:09:52.116Z", "upvotes": [], "downvotes": []}}, {"pk": 165, "model": "ed_news.comment", "fields": {"ranking_points": 0, "comment_text": "Yeah, I was kind of thinking that.", "author": 5, "parent_submission": 20, "parent_comment": 98, "visible": true, "flags": [], "submission_time": "2014-03-16T18:09:52.116Z", "upvotes": [], "downvotes": []}}, {"pk": 166, "model": "ed_news.comment", "fields": {"ranking_points": 0, "comment_text": "Yeah, I was kind of thinking that.", "author": 6, "parent_submission": 18, "parent_comment": 87, "visible": true, "flags": [], "submission_time": "2014-03-16T18:09:52.117Z", "upvotes": [], "downvotes": []}}, {"pk": 167, "model": "ed_news.comment", "fields": {"ranking_points": 0, "comment_text": "Yeah, I was kind of thinking that.", "author": 6, "parent_submission": 2, "parent_comment": 9, "visible": true, "flags": [], "submission_time": "2014-03-16T18:09:52.117Z", "upvotes": [], "downvotes": []}}, {"pk": 168, "model": "ed_news.comment", "fields": {"ranking_points": 0, "comment_text": "Yeah, I was kind of thinking that.", "author": 6, "parent_submission": 13, "parent_comment": 63, "visible": true, "flags": [], "submission_time": "2014-03-16T18:09:52.118Z", "upvotes": [], "downvotes": []}}, {"pk": 169, "model": "ed_news.comment", "fields": {"ranking_points": 0, "comment_text": "Yeah, I was kind of thinking that.", "author": 6, "parent_submission": 1, "parent_comment": 2, "visible": true, "flags": [], "submission_time": "2014-03-16T18:09:52.119Z", "upvotes": [], "downvotes": []}}, {"pk": 170, "model": "ed_news.comment", "fields": {"ranking_points": 0, "comment_text": "Yeah, I was kind of thinking that.", "author": 6, "parent_submission": 15, "parent_comment": 74, "visible": true, "flags": [], "submission_time": "2014-03-16T18:09:52.120Z", "upvotes": [], "downvotes": []}}, {"pk": 171, "model": "ed_news.comment", "fields": {"ranking_points": 0, "comment_text": "Yeah, I was kind of thinking that.", "author": 6, "parent_submission": 20, "parent_comment": 96, "visible": true, "flags": [], "submission_time": "2014-03-16T18:09:52.121Z", "upvotes": [], "downvotes": []}}, {"pk": 172, "model": "ed_news.comment", "fields": {"ranking_points": 0, "comment_text": "Yeah, I was kind of thinking that.", "author": 6, "parent_submission": 5, "parent_comment": 24, "visible": true, "flags": [], "submission_time": "2014-03-16T18:09:52.122Z", "upvotes": [], "downvotes": []}}, {"pk": 173, "model": "ed_news.comment", "fields": {"ranking_points": 0, "comment_text": "Yeah, I was kind of thinking that.", "author": 6, "parent_submission": 7, "parent_comment": 32, "visible": true, "flags": [], "submission_time": "2014-03-16T18:09:52.123Z", "upvotes": [], "downvotes": []}}, {"pk": 174, "model": "ed_news.comment", "fields": {"ranking_points": 0, "comment_text": "Yeah, I was kind of thinking that.", "author": 6, "parent_submission": 15, "parent_comment": 71, "visible": true, "flags": [], "submission_time": "2014-03-16T18:09:52.124Z", "upvotes": [], "downvotes": []}}, {"pk": 175, "model": "ed_news.comment", "fields": {"ranking_points": 0, "comment_text": "Yeah, I was kind of thinking that.", "author": 6, "parent_submission": 21, "parent_comment": 102, "visible": true, "flags": [], "submission_time": "2014-03-16T18:09:52.125Z", "upvotes": [], "downvotes": []}}, {"pk": 176, "model": "ed_news.comment", "fields": {"ranking_points": 0, "comment_text": "Yeah, I was kind of thinking that.", "author": 6, "parent_submission": 13, "parent_comment": 62, "visible": true, "flags": [], "submission_time": "2014-03-16T18:09:52.127Z", "upvotes": [], "downvotes": []}}, {"pk": 177, "model": "ed_news.comment", "fields": {"ranking_points": 0, "comment_text": "Yeah, I was kind of thinking that.", "author": 6, "parent_submission": 8, "parent_comment": 36, "visible": true, "flags": [], "submission_time": "2014-03-16T18:09:52.129Z", "upvotes": [], "downvotes": []}}, {"pk": 178, "model": "ed_news.comment", "fields": {"ranking_points": 0, "comment_text": "Yeah, I was kind of thinking that.", "author": 6, "parent_submission": 6, "parent_comment": 27, "visible": true, "flags": [], "submission_time": "2014-03-16T18:09:52.131Z", "upvotes": [], "downvotes": []}}, {"pk": 179, "model": "ed_news.comment", "fields": {"ranking_points": 0, "comment_text": "Yeah, I was kind of thinking that.", "author": 6, "parent_submission": 2, "parent_comment": 8, "visible": true, "flags": [], "submission_time": "2014-03-16T18:09:52.132Z", "upvotes": [], "downvotes": []}}, {"pk": 180, "model": "ed_news.comment", "fields": {"ranking_points": 0, "comment_text": "Yeah, I was kind of thinking that.", "author": 6, "parent_submission": 4, "parent_comment": 20, "visible": true, "flags": [], "submission_time": "2014-03-16T18:09:52.134Z", "upvotes": [], "downvotes": []}}, {"pk": 181, "model": "ed_news.comment", "fields": {"ranking_points": 0, "comment_text": "Yeah, I was kind of thinking that.", "author": 7, "parent_submission": 3, "parent_comment": 11, "visible": true, "flags": [], "submission_time": "2014-03-16T18:09:52.135Z", "upvotes": [], "downvotes": []}}, {"pk": 182, "model": "ed_news.comment", "fields": {"ranking_points": 0, "comment_text": "Yeah, I was kind of thinking that.", "author": 7, "parent_submission": 9, "parent_comment": 42, "visible": true, "flags": [], "submission_time": "2014-03-16T18:09:52.137Z", "upvotes": [], "downvotes": []}}, {"pk": 183, "model": "ed_news.comment", "fields": {"ranking_points": 0, "comment_text": "Yeah, I was kind of thinking that.", "author": 7, "parent_submission": 6, "parent_comment": 26, "visible": true, "flags": [], "submission_time": "2014-03-16T18:09:52.138Z", "upvotes": [], "downvotes": []}}, {"pk": 184, "model": "ed_news.comment", "fields": {"ranking_points": 0, "comment_text": "Yeah, I was kind of thinking that.", "author": 7, "parent_submission": 17, "parent_comment": 84, "visible": true, "flags": [], "submission_time": "2014-03-16T18:09:52.139Z", "upvotes": [], "downvotes": []}}, {"pk": 185, "model": "ed_news.comment", "fields": {"ranking_points": 0, "comment_text": "Yeah, I was kind of thinking that.", "author": 7, "parent_submission": 21, "parent_comment": 105, "visible": true, "flags": [], "submission_time": "2014-03-16T18:09:52.140Z", "upvotes": [], "downvotes": []}}, {"pk": 186, "model": "ed_news.comment", "fields": {"ranking_points": 0, "comment_text": "Yeah, I was kind of thinking that.", "author": 7, "parent_submission": 11, "parent_comment": 51, "visible": true, "flags": [], "submission_time": "2014-03-16T18:09:52.142Z", "upvotes": [], "downvotes": []}}, {"pk": 187, "model": "ed_news.comment", "fields": {"ranking_points": 0, "comment_text": "Yeah, I was kind of thinking that.", "author": 7, "parent_submission": 7, "parent_comment": 32, "visible": true, "flags": [], "submission_time": "2014-03-16T18:09:52.142Z", "upvotes": [], "downvotes": []}}, {"pk": 188, "model": "ed_news.comment", "fields": {"ranking_points": 0, "comment_text": "Yeah, I was kind of thinking that.", "author": 7, "parent_submission": 20, "parent_comment": 98, "visible": true, "flags": [], "submission_time": "2014-03-16T18:09:52.143Z", "upvotes": [], "downvotes": []}}, {"pk": 189, "model": "ed_news.comment", "fields": {"ranking_points": 0, "comment_text": "Yeah, I was kind of thinking that.", "author": 7, "parent_submission": 5, "parent_comment": 25, "visible": true, "flags": [], "submission_time": "2014-03-16T18:09:52.144Z", "upvotes": [], "downvotes": []}}, {"pk": 190, "model": "ed_news.comment", "fields": {"ranking_points": 0, "comment_text": "Yeah, I was kind of thinking that.", "author": 7, "parent_submission": 6, "parent_comment": 26, "visible": true, "flags": [], "submission_time": "2014-03-16T18:09:52.147Z", "upvotes": [], "downvotes": []}}, {"pk": 191, "model": "ed_news.comment", "fields": {"ranking_points": 0, "comment_text": "Yeah, I was kind of thinking that.", "author": 7, "parent_submission": 11, "parent_comment": 54, "visible": true, "flags": [], "submission_time": "2014-03-16T18:09:52.150Z", "upvotes": [], "downvotes": []}}, {"pk": 192, "model": "ed_news.comment", "fields": {"ranking_points": 0, "comment_text": "Yeah, I was kind of thinking that.", "author": 7, "parent_submission": 14, "parent_comment": 69, "visible": true, "flags": [], "submission_time": "2014-03-16T18:09:52.151Z", "upvotes": [], "downvotes": []}}, {"pk": 193, "model": "ed_news.comment", "fields": {"ranking_points": 0, "comment_text": "Yeah, I was kind of thinking that.", "author": 7, "parent_submission": 10, "parent_comment": 47, "visible": true, "flags": [], "submission_time": "2014-03-16T18:09:52.153Z", "upvotes": [], "downvotes": []}}, {"pk": 194, "model": "ed_news.comment", "fields": {"ranking_points": 0, "comment_text": "Yeah, I was kind of thinking that.", "author": 7, "parent_submission": 9, "parent_comment": 45, "visible": true, "flags": [], "submission_time": "2014-03-16T18:09:52.155Z", "upvotes": [], "downvotes": []}}, {"pk": 195, "model": "ed_news.comment", "fields": {"ranking_points": 0, "comment_text": "Yeah, I was kind of thinking that.", "author": 7, "parent_submission": 13, "parent_comment": 64, "visible": true, "flags": [], "submission_time": "2014-03-16T18:09:52.156Z", "upvotes": [], "downvotes": []}}, {"pk": 196, "model": "ed_news.comment", "fields": {"ranking_points": 0, "comment_text": "Yeah, I was kind of thinking that.", "author": 8, "parent_submission": 17, "parent_comment": 82, "visible": true, "flags": [], "submission_time": "2014-03-16T18:09:52.158Z", "upvotes": [], "downvotes": []}}, {"pk": 197, "model": "ed_news.comment", "fields": {"ranking_points": 0, "comment_text": "Yeah, I was kind of thinking that.", "author": 8, "parent_submission": 21, "parent_comment": 101, "visible": true, "flags": [], "submission_time": "2014-03-16T18:09:52.162Z", "upvotes": [], "downvotes": []}}, {"pk": 198, "model": "ed_news.comment", "fields": {"ranking_points": 0, "comment_text": "Yeah, I was kind of thinking that.", "author": 8, "parent_submission": 8, "parent_comment": 39, "visible": true, "flags": [], "submission_time": "2014-03-16T18:09:52.166Z", "upvotes": [], "downvotes": []}}, {"pk": 199, "model": "ed_news.comment", "fields": {"ranking_points": 0, "comment_text": "Yeah, I was kind of thinking that.", "author": 8, "parent_submission": 14, "parent_comment": 68, "visible": true, "flags": [], "submission_time": "2014-03-16T18:09:52.169Z", "upvotes": [], "downvotes": []}}, {"pk": 200, "model": "ed_news.comment", "fields": {"ranking_points": 0, "comment_text": "Yeah, I was kind of thinking that.", "author": 8, "parent_submission": 21, "parent_comment": 102, "visible": true, "flags": [], "submission_time": "2014-03-16T18:09:52.170Z", "upvotes": [], "downvotes": []}}, {"pk": 201, "model": "ed_news.comment", "fields": {"ranking_points": 0, "comment_text": "Yeah, I was kind of thinking that.", "author": 8, "parent_submission": 5, "parent_comment": 24, "visible": true, "flags": [], "submission_time": "2014-03-16T18:09:52.170Z", "upvotes": [], "downvotes": []}}, {"pk": 202, "model": "ed_news.comment", "fields": {"ranking_points": 0, "comment_text": "Yeah, I was kind of thinking that.", "author": 8, "parent_submission": 20, "parent_comment": 99, "visible": true, "flags": [], "submission_time": "2014-03-16T18:09:52.172Z", "upvotes": [], "downvotes": []}}, {"pk": 203, "model": "ed_news.comment", "fields": {"ranking_points": 0, "comment_text": "Yeah, I was kind of thinking that.", "author": 8, "parent_submission": 17, "parent_comment": 81, "visible": true, "flags": [], "submission_time": "2014-03-16T18:09:52.172Z", "upvotes": [], "downvotes": []}}, {"pk": 204, "model": "ed_news.comment", "fields": {"ranking_points": 0, "comment_text": "Yeah, I was kind of thinking that.", "author": 8, "parent_submission": 5, "parent_comment": 24, "visible": true, "flags": [], "submission_time": "2014-03-16T18:09:52.173Z", "upvotes": [], "downvotes": []}}, {"pk": 205, "model": "ed_news.comment", "fields": {"ranking_points": 0, "comment_text": "Yeah, I was kind of thinking that.", "author": 8, "parent_submission": 4, "parent_comment": 20, "visible": true, "flags": [], "submission_time": "2014-03-16T18:09:52.173Z", "upvotes": [], "downvotes": []}}, {"pk": 206, "model": "ed_news.comment", "fields": {"ranking_points": 0, "comment_text": "Yeah, I was kind of thinking that.", "author": 8, "parent_submission": 21, "parent_comment": 104, "visible": true, "flags": [], "submission_time": "2014-03-16T18:09:52.175Z", "upvotes": [], "downvotes": []}}, {"pk": 207, "model": "ed_news.comment", "fields": {"ranking_points": 0, "comment_text": "Yeah, I was kind of thinking that.", "author": 8, "parent_submission": 10, "parent_comment": 50, "visible": true, "flags": [], "submission_time": "2014-03-16T18:09:52.176Z", "upvotes": [], "downvotes": []}}, {"pk": 208, "model": "ed_news.comment", "fields": {"ranking_points": 0, "comment_text": "Yeah, I was kind of thinking that.", "author": 8, "parent_submission": 20, "parent_comment": 97, "visible": true, "flags": [], "submission_time": "2014-03-16T18:09:52.178Z", "upvotes": [], "downvotes": []}}, {"pk": 209, "model": "ed_news.comment", "fields": {"ranking_points": 0, "comment_text": "Yeah, I was kind of thinking that.", "author": 8, "parent_submission": 3, "parent_comment": 12, "visible": true, "flags": [], "submission_time": "2014-03-16T18:09:52.179Z", "upvotes": [], "downvotes": []}}, {"pk": 210, "model": "ed_news.comment", "fields": {"ranking_points": 0, "comment_text": "Yeah, I was kind of thinking that.", "author": 8, "parent_submission": 16, "parent_comment": 76, "visible": true, "flags": [], "submission_time": "2014-03-16T18:09:52.179Z", "upvotes": [], "downvotes": []}}]