[{"pk": 1, "model": "contenttypes.contenttype", "fields": {"model": "logentry", "name": "log entry", "app_label": "admin"}}, {"pk": 2, "model": "contenttypes.contenttype", "fields": {"model": "permission", "name": "permission", "app_label": "auth"}}, {"pk": 3, "model": "contenttypes.contenttype", "fields": {"model": "group", "name": "group", "app_label": "auth"}}, {"pk": 4, "model": "contenttypes.contenttype", "fields": {"model": "user", "name": "user", "app_label": "auth"}}, {"pk": 5, "model": "contenttypes.contenttype", "fields": {"model": "contenttype", "name": "content type", "app_label": "contenttypes"}}, {"pk": 6, "model": "contenttypes.contenttype", "fields": {"model": "session", "name": "session", "app_label": "sessions"}}, {"pk": 7, "model": "contenttypes.contenttype", "fields": {"model": "migrationhistory", "name": "migration history", "app_label": "south"}}, {"pk": 8, "model": "contenttypes.contenttype", "fields": {"model": "submission", "name": "submission", "app_label": "ed_news"}}, {"pk": 9, "model": "contenttypes.contenttype", "fields": {"model": "article", "name": "article", "app_label": "ed_news"}}, {"pk": 10, "model": "contenttypes.contenttype", "fields": {"model": "textpost", "name": "text post", "app_label": "ed_news"}}, {"pk": 11, "model": "contenttypes.contenttype", "fields": {"model": "userprofile", "name": "user profile", "app_label": "ed_news"}}, {"pk": 12, "model": "contenttypes.contenttype", "fields": {"model": "comment", "name": "comment", "app_label": "ed_news"}}, {"pk": "ixu3m175rfr7th83ocy95qjcq1fyf4cq", "model": "sessions.session", "fields": {"expire_date": "2014-03-28T23:24:41.487Z", "session_data": "MDI5ZjNmMDYxNmU2NDgzN2NlN2MwYTA1Yzc0MzAyYjU4NzQxMjkyOTp7Il9hdXRoX3VzZXJfYmFja2VuZCI6ImRqYW5nby5jb250cmliLmF1dGguYmFja2VuZHMuTW9kZWxCYWNrZW5kIiwiX2F1dGhfdXNlcl9pZCI6OH0="}}, {"pk": 1, "model": "south.migrationhistory", "fields": {"applied": "2014-03-14T23:24:40.390Z", "app_name": "ed_news", "migration": "0001_initial"}}, {"pk": 2, "model": "south.migrationhistory", "fields": {"applied": "2014-03-14T23:24:40.462Z", "app_name": "ed_news", "migration": "0002_auto__add_field_textpost_url"}}, {"pk": 3, "model": "south.migrationhistory", "fields": {"applied": "2014-03-14T23:24:40.528Z", "app_name": "ed_news", "migration": "0003_auto__del_field_article_url__del_field_textpost_url__add_field_submiss"}}, {"pk": 1, "model": "auth.permission", "fields": {"codename": "add_logentry", "name": "Can add log entry", "content_type": 1}}, {"pk": 2, "model": "auth.permission", "fields": {"codename": "change_logentry", "name": "Can change log entry", "content_type": 1}}, {"pk": 3, "model": "auth.permission", "fields": {"codename": "delete_logentry", "name": "Can delete log entry", "content_type": 1}}, {"pk": 4, "model": "auth.permission", "fields": {"codename": "add_permission", "name": "Can add permission", "content_type": 2}}, {"pk": 5, "model": "auth.permission", "fields": {"codename": "change_permission", "name": "Can change permission", "content_type": 2}}, {"pk": 6, "model": "auth.permission", "fields": {"codename": "delete_permission", "name": "Can delete permission", "content_type": 2}}, {"pk": 7, "model": "auth.permission", "fields": {"codename": "add_group", "name": "Can add group", "content_type": 3}}, {"pk": 8, "model": "auth.permission", "fields": {"codename": "change_group", "name": "Can change group", "content_type": 3}}, {"pk": 9, "model": "auth.permission", "fields": {"codename": "delete_group", "name": "Can delete group", "content_type": 3}}, {"pk": 10, "model": "auth.permission", "fields": {"codename": "add_user", "name": "Can add user", "content_type": 4}}, {"pk": 11, "model": "auth.permission", "fields": {"codename": "change_user", "name": "Can change user", "content_type": 4}}, {"pk": 12, "model": "auth.permission", "fields": {"codename": "delete_user", "name": "Can delete user", "content_type": 4}}, {"pk": 13, "model": "auth.permission", "fields": {"codename": "add_contenttype", "name": "Can add content type", "content_type": 5}}, {"pk": 14, "model": "auth.permission", "fields": {"codename": "change_contenttype", "name": "Can change content type", "content_type": 5}}, {"pk": 15, "model": "auth.permission", "fields": {"codename": "delete_contenttype", "name": "Can delete content type", "content_type": 5}}, {"pk": 16, "model": "auth.permission", "fields": {"codename": "add_session", "name": "Can add session", "content_type": 6}}, {"pk": 17, "model": "auth.permission", "fields": {"codename": "change_session", "name": "Can change session", "content_type": 6}}, {"pk": 18, "model": "auth.permission", "fields": {"codename": "delete_session", "name": "Can delete session", "content_type": 6}}, {"pk": 19, "model": "auth.permission", "fields": {"codename": "add_migrationhistory", "name": "Can add migration history", "content_type": 7}}, {"pk": 20, "model": "auth.permission", "fields": {"codename": "change_migrationhistory", "name": "Can change migration history", "content_type": 7}}, {"pk": 21, "model": "auth.permission", "fields": {"codename": "delete_migrationhistory", "name": "Can delete migration history", "content_type": 7}}, {"pk": 22, "model": "auth.permission", "fields": {"codename": "add_submission", "name": "Can add submission", "content_type": 8}}, {"pk": 23, "model": "auth.permission", "fields": {"codename": "change_submission", "name": "Can change submission", "content_type": 8}}, {"pk": 24, "model": "auth.permission", "fields": {"codename": "delete_submission", "name": "Can delete submission", "content_type": 8}}, {"pk": 25, "model": "auth.permission", "fields": {"codename": "add_article", "name": "Can add article", "content_type": 9}}, {"pk": 26, "model": "auth.permission", "fields": {"codename": "change_article", "name": "Can change article", "content_type": 9}}, {"pk": 27, "model": "auth.permission", "fields": {"codename": "delete_article", "name": "Can delete article", "content_type": 9}}, {"pk": 28, "model": "auth.permission", "fields": {"codename": "add_textpost", "name": "Can add text post", "content_type": 10}}, {"pk": 29, "model": "auth.permission", "fields": {"codename": "change_textpost", "name": "Can change text post", "content_type": 10}}, {"pk": 30, "model": "auth.permission", "fields": {"codename": "delete_textpost", "name": "Can delete text post", "content_type": 10}}, {"pk": 31, "model": "auth.permission", "fields": {"codename": "add_userprofile", "name": "Can add user profile", "content_type": 11}}, {"pk": 32, "model": "auth.permission", "fields": {"codename": "change_userprofile", "name": "Can change user profile", "content_type": 11}}, {"pk": 33, "model": "auth.permission", "fields": {"codename": "delete_userprofile", "name": "Can delete user profile", "content_type": 11}}, {"pk": 34, "model": "auth.permission", "fields": {"codename": "add_comment", "name": "Can add comment", "content_type": 12}}, {"pk": 35, "model": "auth.permission", "fields": {"codename": "change_comment", "name": "Can change comment", "content_type": 12}}, {"pk": 36, "model": "auth.permission", "fields": {"codename": "delete_comment", "name": "Can delete comment", "content_type": 12}}, {"pk": 37, "model": "auth.permission", "fields": {"codename": "can_downvote_comment", "name": "Can downvote comments", "content_type": 12}}, {"pk": 38, "model": "auth.permission", "fields": {"codename": "can_flag_comment", "name": "Can flag comments", "content_type": 12}}, {"pk": 39, "model": "auth.permission", "fields": {"codename": "can_flag_submission", "name": "Can flag submissions", "content_type": 8}}, {"pk": 2, "model": "auth.group", "fields": {"name": "Active Members", "permissions": [37, 38, 39]}}, {"pk": 2, "model": "auth.user", "fields": {"username": "user_0", "first_name": "", "last_name": "", "is_active": true, "is_superuser": false, "is_staff": false, "last_login": "2014-03-14T23:24:41.065Z", "groups": [], "user_permissions": [], "password": "pbkdf2_sha256$12000$EFbUBkfkcJaG$VS7JVDj/+u09ec4O5xaHDG7oQ5K2amERo1JG9tv47wg=", "email": "", "date_joined": "2014-03-14T23:24:40.714Z"}}, {"pk": 3, "model": "auth.user", "fields": {"username": "user_1", "first_name": "", "last_name": "", "is_active": true, "is_superuser": false, "is_staff": false, "last_login": "2014-03-14T23:24:41.139Z", "groups": [], "user_permissions": [], "password": "pbkdf2_sha256$12000$5fjt6NCuSJOP$+Vhu0hccOFWt/R7ZHiA2OsgBc8gdy3hi1n3Ut5GnWDo=", "email": "", "date_joined": "2014-03-14T23:24:40.769Z"}}, {"pk": 4, "model": "auth.user", "fields": {"username": "user_2", "first_name": "", "last_name": "", "is_active": true, "is_superuser": false, "is_staff": false, "last_login": "2014-03-14T23:24:41.215Z", "groups": [], "user_permissions": [], "password": "pbkdf2_sha256$12000$UeprfVii7nqG$GDjIjjiS87vykUNeNzV9qR3fOfPpCqECKFOeIa34p0Q=", "email": "", "date_joined": "2014-03-14T23:24:40.816Z"}}, {"pk": 5, "model": "auth.user", "fields": {"username": "user_3", "first_name": "", "last_name": "", "is_active": true, "is_superuser": false, "is_staff": false, "last_login": "2014-03-14T23:24:41.275Z", "groups": [], "user_permissions": [], "password": "pbkdf2_sha256$12000$kgsoOYHzwR2f$tUf/YcKf43D0M/fBJBLY6tpbClTpxFKIaXf6SpgGHo4=", "email": "", "date_joined": "2014-03-14T23:24:40.856Z"}}, {"pk": 6, "model": "auth.user", "fields": {"username": "user_4", "first_name": "", "last_name": "", "is_active": true, "is_superuser": false, "is_staff": false, "last_login": "2014-03-14T23:24:41.336Z", "groups": [], "user_permissions": [], "password": "pbkdf2_sha256$12000$VsDKNrr5UNdQ$48CRMu9ezUxiFTBioMiNDzrVr0pprSEMGMvtWxrGmCs=", "email": "", "date_joined": "2014-03-14T23:24:40.896Z"}}, {"pk": 7, "model": "auth.user", "fields": {"username": "user_5", "first_name": "", "last_name": "", "is_active": true, "is_superuser": false, "is_staff": false, "last_login": "2014-03-14T23:24:41.408Z", "groups": [], "user_permissions": [], "password": "pbkdf2_sha256$12000$kAf0oE9G6Epu$YNh7JBx0Ike7SGnmqlwfuMy+raVsv/8Uh947ASRWlYc=", "email": "", "date_joined": "2014-03-14T23:24:40.936Z"}}, {"pk": 8, "model": "auth.user", "fields": {"username": "user_6", "first_name": "", "last_name": "", "is_active": true, "is_superuser": false, "is_staff": false, "last_login": "2014-03-14T23:24:41.486Z", "groups": [], "user_permissions": [], "password": "pbkdf2_sha256$12000$iiUxmV2hDnGr$X3juczXdbk7Cbk8YrxqsYbhOK9SbLR8vSKWqPbjoAFs=", "email": "", "date_joined": "2014-03-14T23:24:40.975Z"}}, {"pk": 1, "model": "ed_news.submission", "fields": {"ranking_points": 75, "title": "I googled my username: user_0-0", "url": "http://google.com/#q=user_0-0", "visible": true, "flags": [], "submission_time": "2014-03-14T00:00:53.073Z", "submitter": 2, "upvotes": [2, 6, 8]}}, {"pk": 2, "model": "ed_news.submission", "fields": {"ranking_points": 40, "title": "I googled my username: user_0-1", "url": "http://google.com/#q=user_0-1", "visible": true, "flags": [], "submission_time": "2014-03-14T13:08:00.080Z", "submitter": 2, "upvotes": []}}, {"pk": 3, "model": "ed_news.submission", "fields": {"ranking_points": 75, "title": "I googled my username: user_0-2", "url": "http://google.com/#q=user_0-2", "visible": true, "flags": [], "submission_time": "2014-03-14T03:42:55.085Z", "submitter": 2, "upvotes": [8]}}, {"pk": 4, "model": "ed_news.submission", "fields": {"ranking_points": 75, "title": "I googled my username: user_1-0", "url": "http://google.com/#q=user_1-0", "visible": true, "flags": [], "submission_time": "2014-03-14T05:57:35.146Z", "submitter": 3, "upvotes": [6, 8]}}, {"pk": 5, "model": "ed_news.submission", "fields": {"ranking_points": 75, "title": "I googled my username: user_1-1", "url": "http://google.com/#q=user_1-1", "visible": true, "flags": [], "submission_time": "2014-03-14T05:44:17.154Z", "submitter": 3, "upvotes": []}}, {"pk": 6, "model": "ed_news.submission", "fields": {"ranking_points": 55, "title": "I googled my username: user_1-2", "url": "http://google.com/#q=user_1-2", "visible": true, "flags": [], "submission_time": "2014-03-14T18:42:39.161Z", "submitter": 3, "upvotes": []}}, {"pk": 7, "model": "ed_news.submission", "fields": {"ranking_points": 85, "title": "I googled my username: user_2-0", "url": "http://google.com/#q=user_2-0", "visible": true, "flags": [], "submission_time": "2014-03-14T17:28:08.219Z", "submitter": 4, "upvotes": [2, 4, 7]}}, {"pk": 8, "model": "ed_news.submission", "fields": {"ranking_points": 60, "title": "I googled my username: user_2-1", "url": "http://google.com/#q=user_2-1", "visible": true, "flags": [], "submission_time": "2014-03-14T14:46:33.222Z", "submitter": 4, "upvotes": []}}, {"pk": 9, "model": "ed_news.submission", "fields": {"ranking_points": 55, "title": "I googled my username: user_2-2", "url": "http://google.com/#q=user_2-2", "visible": true, "flags": [], "submission_time": "2014-03-14T03:16:56.225Z", "submitter": 4, "upvotes": [4]}}, {"pk": 10, "model": "ed_news.submission", "fields": {"ranking_points": 60, "title": "I googled my username: user_3-0", "url": "http://google.com/#q=user_3-0", "visible": true, "flags": [], "submission_time": "2014-03-14T07:38:42.278Z", "submitter": 5, "upvotes": [5]}}, {"pk": 11, "model": "ed_news.submission", "fields": {"ranking_points": 40, "title": "I googled my username: user_3-1", "url": "http://google.com/#q=user_3-1", "visible": true, "flags": [], "submission_time": "2014-03-14T10:53:48.281Z", "submitter": 5, "upvotes": []}}, {"pk": 12, "model": "ed_news.submission", "fields": {"ranking_points": 45, "title": "I googled my username: user_3-2", "url": "http://google.com/#q=user_3-2", "visible": true, "flags": [], "submission_time": "2014-03-14T11:32:11.285Z", "submitter": 5, "upvotes": []}}, {"pk": 13, "model": "ed_news.submission", "fields": {"ranking_points": 100, "title": "I googled my username: user_4-0", "url": "http://google.com/#q=user_4-0", "visible": true, "flags": [], "submission_time": "2014-03-14T17:36:31.341Z", "submitter": 6, "upvotes": [3, 4]}}, {"pk": 14, "model": "ed_news.submission", "fields": {"ranking_points": 55, "title": "I googled my username: user_4-1", "url": "http://google.com/#q=user_4-1", "visible": true, "flags": [], "submission_time": "2014-03-14T03:17:38.346Z", "submitter": 6, "upvotes": [5, 6]}}, {"pk": 15, "model": "ed_news.submission", "fields": {"ranking_points": 60, "title": "I googled my username: user_4-2", "url": "http://google.com/#q=user_4-2", "visible": true, "flags": [], "submission_time": "2014-03-14T13:08:23.351Z", "submitter": 6, "upvotes": []}}, {"pk": 16, "model": "ed_news.submission", "fields": {"ranking_points": 55, "title": "I googled my username: user_5-0", "url": "http://google.com/#q=user_5-0", "visible": true, "flags": [], "submission_time": "2014-03-14T09:45:44.416Z", "submitter": 7, "upvotes": [3]}}, {"pk": 17, "model": "ed_news.submission", "fields": {"ranking_points": 35, "title": "I googled my username: user_5-1", "url": "http://google.com/#q=user_5-1", "visible": true, "flags": [], "submission_time": "2014-03-14T16:04:28.424Z", "submitter": 7, "upvotes": [7]}}, {"pk": 18, "model": "ed_news.submission", "fields": {"ranking_points": 70, "title": "I googled my username: user_5-2", "url": "http://google.com/#q=user_5-2", "visible": true, "flags": [], "submission_time": "2014-03-14T01:28:56.431Z", "submitter": 7, "upvotes": [3, 5]}}, {"pk": 19, "model": "ed_news.submission", "fields": {"ranking_points": 50, "title": "I googled my username: user_6-0", "url": "http://google.com/#q=user_6-0", "visible": true, "flags": [], "submission_time": "2014-03-14T19:00:44.491Z", "submitter": 8, "upvotes": []}}, {"pk": 20, "model": "ed_news.submission", "fields": {"ranking_points": 45, "title": "I googled my username: user_6-1", "url": "http://google.com/#q=user_6-1", "visible": true, "flags": [], "submission_time": "2014-03-14T03:47:02.496Z", "submitter": 8, "upvotes": [7]}}, {"pk": 21, "model": "ed_news.submission", "fields": {"ranking_points": 50, "title": "I googled my username: user_6-2", "url": "http://google.com/#q=user_6-2", "visible": true, "flags": [], "submission_time": "2014-03-14T10:51:54.501Z", "submitter": 8, "upvotes": [2]}}, {"pk": 1, "model": "ed_news.article", "fields": {"upvotes": [2, 6, 8], "flags": []}}, {"pk": 2, "model": "ed_news.article", "fields": {"upvotes": [], "flags": []}}, {"pk": 3, "model": "ed_news.article", "fields": {"upvotes": [8], "flags": []}}, {"pk": 4, "model": "ed_news.article", "fields": {"upvotes": [6, 8], "flags": []}}, {"pk": 5, "model": "ed_news.article", "fields": {"upvotes": [], "flags": []}}, {"pk": 6, "model": "ed_news.article", "fields": {"upvotes": [], "flags": []}}, {"pk": 7, "model": "ed_news.article", "fields": {"upvotes": [2, 4, 7], "flags": []}}, {"pk": 8, "model": "ed_news.article", "fields": {"upvotes": [], "flags": []}}, {"pk": 9, "model": "ed_news.article", "fields": {"upvotes": [4], "flags": []}}, {"pk": 10, "model": "ed_news.article", "fields": {"upvotes": [5], "flags": []}}, {"pk": 11, "model": "ed_news.article", "fields": {"upvotes": [], "flags": []}}, {"pk": 12, "model": "ed_news.article", "fields": {"upvotes": [], "flags": []}}, {"pk": 13, "model": "ed_news.article", "fields": {"upvotes": [3, 4], "flags": []}}, {"pk": 14, "model": "ed_news.article", "fields": {"upvotes": [5, 6], "flags": []}}, {"pk": 15, "model": "ed_news.article", "fields": {"upvotes": [], "flags": []}}, {"pk": 16, "model": "ed_news.article", "fields": {"upvotes": [3], "flags": []}}, {"pk": 17, "model": "ed_news.article", "fields": {"upvotes": [7], "flags": []}}, {"pk": 18, "model": "ed_news.article", "fields": {"upvotes": [3, 5], "flags": []}}, {"pk": 19, "model": "ed_news.article", "fields": {"upvotes": [], "flags": []}}, {"pk": 20, "model": "ed_news.article", "fields": {"upvotes": [7], "flags": []}}, {"pk": 21, "model": "ed_news.article", "fields": {"upvotes": [2], "flags": []}}, {"pk": 2, "model": "ed_news.userprofile", "fields": {"email_public": false, "user": 2, "show_invisible": false, "karma": 3}}, {"pk": 3, "model": "ed_news.userprofile", "fields": {"email_public": false, "user": 3, "show_invisible": false, "karma": 0}}, {"pk": 4, "model": "ed_news.userprofile", "fields": {"email_public": false, "user": 4, "show_invisible": false, "karma": 2}}, {"pk": 5, "model": "ed_news.userprofile", "fields": {"email_public": false, "user": 5, "show_invisible": false, "karma": 0}}, {"pk": 6, "model": "ed_news.userprofile", "fields": {"email_public": false, "user": 6, "show_invisible": false, "karma": 3}}, {"pk": 7, "model": "ed_news.userprofile", "fields": {"email_public": false, "user": 7, "show_invisible": false, "karma": 2}}, {"pk": 8, "model": "ed_news.userprofile", "fields": {"email_public": false, "user": 8, "show_invisible": false, "karma": 2}}, {"pk": 1, "model": "ed_news.comment", "fields": {"ranking_points": 0, "comment_text": "I just don't think you'll ever make a magnetic monopole.", "author": 7, "parent_submission": 1, "parent_comment": null, "visible": true, "flags": [], "submission_time": "2014-03-14T23:24:41.506Z", "upvotes": [], "downvotes": []}}, {"pk": 2, "model": "ed_news.comment", "fields": {"ranking_points": 0, "comment_text": "I just don't think you'll ever make a magnetic monopole.", "author": 8, "parent_submission": 1, "parent_comment": null, "visible": true, "flags": [], "submission_time": "2014-03-14T23:24:41.509Z", "upvotes": [], "downvotes": []}}, {"pk": 3, "model": "ed_news.comment", "fields": {"ranking_points": 0, "comment_text": "I just don't think you'll ever make a magnetic monopole.", "author": 5, "parent_submission": 1, "parent_comment": null, "visible": true, "flags": [], "submission_time": "2014-03-14T23:24:41.510Z", "upvotes": [], "downvotes": []}}, {"pk": 4, "model": "ed_news.comment", "fields": {"ranking_points": 0, "comment_text": "I just don't think you'll ever make a magnetic monopole.", "author": 5, "parent_submission": 1, "parent_comment": null, "visible": true, "flags": [], "submission_time": "2014-03-14T23:24:41.511Z", "upvotes": [], "downvotes": []}}, {"pk": 5, "model": "ed_news.comment", "fields": {"ranking_points": 0, "comment_text": "I just don't think you'll ever make a magnetic monopole.", "author": 3, "parent_submission": 1, "parent_comment": null, "visible": true, "flags": [], "submission_time": "2014-03-14T23:24:41.512Z", "upvotes": [], "downvotes": []}}, {"pk": 6, "model": "ed_news.comment", "fields": {"ranking_points": 0, "comment_text": "I just don't think you'll ever make a magnetic monopole.", "author": 4, "parent_submission": 2, "parent_comment": null, "visible": true, "flags": [], "submission_time": "2014-03-14T23:24:41.513Z", "upvotes": [], "downvotes": []}}, {"pk": 7, "model": "ed_news.comment", "fields": {"ranking_points": 0, "comment_text": "I just don't think you'll ever make a magnetic monopole.", "author": 8, "parent_submission": 2, "parent_comment": null, "visible": true, "flags": [], "submission_time": "2014-03-14T23:24:41.514Z", "upvotes": [], "downvotes": []}}, {"pk": 8, "model": "ed_news.comment", "fields": {"ranking_points": 0, "comment_text": "I just don't think you'll ever make a magnetic monopole.", "author": 7, "parent_submission": 2, "parent_comment": null, "visible": true, "flags": [], "submission_time": "2014-03-14T23:24:41.515Z", "upvotes": [], "downvotes": []}}, {"pk": 9, "model": "ed_news.comment", "fields": {"ranking_points": 0, "comment_text": "I just don't think you'll ever make a magnetic monopole.", "author": 3, "parent_submission": 2, "parent_comment": null, "visible": true, "flags": [], "submission_time": "2014-03-14T23:24:41.516Z", "upvotes": [], "downvotes": []}}, {"pk": 10, "model": "ed_news.comment", "fields": {"ranking_points": 0, "comment_text": "I just don't think you'll ever make a magnetic monopole.", "author": 6, "parent_submission": 2, "parent_comment": null, "visible": true, "flags": [], "submission_time": "2014-03-14T23:24:41.517Z", "upvotes": [], "downvotes": []}}, {"pk": 11, "model": "ed_news.comment", "fields": {"ranking_points": 0, "comment_text": "I just don't think you'll ever make a magnetic monopole.", "author": 8, "parent_submission": 3, "parent_comment": null, "visible": true, "flags": [], "submission_time": "2014-03-14T23:24:41.518Z", "upvotes": [], "downvotes": []}}, {"pk": 12, "model": "ed_news.comment", "fields": {"ranking_points": 0, "comment_text": "I just don't think you'll ever make a magnetic monopole.", "author": 2, "parent_submission": 3, "parent_comment": null, "visible": true, "flags": [], "submission_time": "2014-03-14T23:24:41.519Z", "upvotes": [], "downvotes": []}}, {"pk": 13, "model": "ed_news.comment", "fields": {"ranking_points": 0, "comment_text": "I just don't think you'll ever make a magnetic monopole.", "author": 5, "parent_submission": 3, "parent_comment": null, "visible": true, "flags": [], "submission_time": "2014-03-14T23:24:41.521Z", "upvotes": [], "downvotes": []}}, {"pk": 14, "model": "ed_news.comment", "fields": {"ranking_points": 0, "comment_text": "I just don't think you'll ever make a magnetic monopole.", "author": 6, "parent_submission": 3, "parent_comment": null, "visible": true, "flags": [], "submission_time": "2014-03-14T23:24:41.522Z", "upvotes": [], "downvotes": []}}, {"pk": 15, "model": "ed_news.comment", "fields": {"ranking_points": 0, "comment_text": "I just don't think you'll ever make a magnetic monopole.", "author": 4, "parent_submission": 3, "parent_comment": null, "visible": true, "flags": [], "submission_time": "2014-03-14T23:24:41.523Z", "upvotes": [], "downvotes": []}}, {"pk": 16, "model": "ed_news.comment", "fields": {"ranking_points": 0, "comment_text": "I just don't think you'll ever make a magnetic monopole.", "author": 7, "parent_submission": 4, "parent_comment": null, "visible": true, "flags": [], "submission_time": "2014-03-14T23:24:41.523Z", "upvotes": [], "downvotes": []}}, {"pk": 17, "model": "ed_news.comment", "fields": {"ranking_points": 0, "comment_text": "I just don't think you'll ever make a magnetic monopole.", "author": 6, "parent_submission": 4, "parent_comment": null, "visible": true, "flags": [], "submission_time": "2014-03-14T23:24:41.524Z", "upvotes": [], "downvotes": []}}, {"pk": 18, "model": "ed_news.comment", "fields": {"ranking_points": 0, "comment_text": "I just don't think you'll ever make a magnetic monopole.", "author": 2, "parent_submission": 4, "parent_comment": null, "visible": true, "flags": [], "submission_time": "2014-03-14T23:24:41.525Z", "upvotes": [], "downvotes": []}}, {"pk": 19, "model": "ed_news.comment", "fields": {"ranking_points": 0, "comment_text": "I just don't think you'll ever make a magnetic monopole.", "author": 4, "parent_submission": 4, "parent_comment": null, "visible": true, "flags": [], "submission_time": "2014-03-14T23:24:41.526Z", "upvotes": [], "downvotes": []}}, {"pk": 20, "model": "ed_news.comment", "fields": {"ranking_points": 0, "comment_text": "I just don't think you'll ever make a magnetic monopole.", "author": 3, "parent_submission": 4, "parent_comment": null, "visible": true, "flags": [], "submission_time": "2014-03-14T23:24:41.527Z", "upvotes": [], "downvotes": []}}, {"pk": 21, "model": "ed_news.comment", "fields": {"ranking_points": 0, "comment_text": "I just don't think you'll ever make a magnetic monopole.", "author": 8, "parent_submission": 5, "parent_comment": null, "visible": true, "flags": [], "submission_time": "2014-03-14T23:24:41.528Z", "upvotes": [], "downvotes": []}}, {"pk": 22, "model": "ed_news.comment", "fields": {"ranking_points": 0, "comment_text": "I just don't think you'll ever make a magnetic monopole.", "author": 7, "parent_submission": 5, "parent_comment": null, "visible": true, "flags": [], "submission_time": "2014-03-14T23:24:41.529Z", "upvotes": [], "downvotes": []}}, {"pk": 23, "model": "ed_news.comment", "fields": {"ranking_points": 0, "comment_text": "I just don't think you'll ever make a magnetic monopole.", "author": 3, "parent_submission": 5, "parent_comment": null, "visible": true, "flags": [], "submission_time": "2014-03-14T23:24:41.531Z", "upvotes": [], "downvotes": []}}, {"pk": 24, "model": "ed_news.comment", "fields": {"ranking_points": 0, "comment_text": "I just don't think you'll ever make a magnetic monopole.", "author": 6, "parent_submission": 5, "parent_comment": null, "visible": true, "flags": [], "submission_time": "2014-03-14T23:24:41.532Z", "upvotes": [], "downvotes": []}}, {"pk": 25, "model": "ed_news.comment", "fields": {"ranking_points": 0, "comment_text": "I just don't think you'll ever make a magnetic monopole.", "author": 4, "parent_submission": 5, "parent_comment": null, "visible": true, "flags": [], "submission_time": "2014-03-14T23:24:41.533Z", "upvotes": [], "downvotes": []}}, {"pk": 26, "model": "ed_news.comment", "fields": {"ranking_points": 0, "comment_text": "I just don't think you'll ever make a magnetic monopole.", "author": 8, "parent_submission": 6, "parent_comment": null, "visible": true, "flags": [], "submission_time": "2014-03-14T23:24:41.534Z", "upvotes": [], "downvotes": []}}, {"pk": 27, "model": "ed_news.comment", "fields": {"ranking_points": 0, "comment_text": "I just don't think you'll ever make a magnetic monopole.", "author": 5, "parent_submission": 6, "parent_comment": null, "visible": true, "flags": [], "submission_time": "2014-03-14T23:24:41.535Z", "upvotes": [], "downvotes": []}}, {"pk": 28, "model": "ed_news.comment", "fields": {"ranking_points": 0, "comment_text": "I just don't think you'll ever make a magnetic monopole.", "author": 3, "parent_submission": 6, "parent_comment": null, "visible": true, "flags": [], "submission_time": "2014-03-14T23:24:41.536Z", "upvotes": [], "downvotes": []}}, {"pk": 29, "model": "ed_news.comment", "fields": {"ranking_points": 0, "comment_text": "I just don't think you'll ever make a magnetic monopole.", "author": 3, "parent_submission": 6, "parent_comment": null, "visible": true, "flags": [], "submission_time": "2014-03-14T23:24:41.537Z", "upvotes": [], "downvotes": []}}, {"pk": 30, "model": "ed_news.comment", "fields": {"ranking_points": 0, "comment_text": "I just don't think you'll ever make a magnetic monopole.", "author": 7, "parent_submission": 6, "parent_comment": null, "visible": true, "flags": [], "submission_time": "2014-03-14T23:24:41.538Z", "upvotes": [], "downvotes": []}}, {"pk": 31, "model": "ed_news.comment", "fields": {"ranking_points": 0, "comment_text": "I just don't think you'll ever make a magnetic monopole.", "author": 6, "parent_submission": 7, "parent_comment": null, "visible": true, "flags": [], "submission_time": "2014-03-14T23:24:41.539Z", "upvotes": [], "downvotes": []}}, {"pk": 32, "model": "ed_news.comment", "fields": {"ranking_points": 0, "comment_text": "I just don't think you'll ever make a magnetic monopole.", "author": 5, "parent_submission": 7, "parent_comment": null, "visible": true, "flags": [], "submission_time": "2014-03-14T23:24:41.540Z", "upvotes": [], "downvotes": []}}, {"pk": 33, "model": "ed_news.comment", "fields": {"ranking_points": 0, "comment_text": "I just don't think you'll ever make a magnetic monopole.", "author": 6, "parent_submission": 7, "parent_comment": null, "visible": true, "flags": [], "submission_time": "2014-03-14T23:24:41.541Z", "upvotes": [], "downvotes": []}}, {"pk": 34, "model": "ed_news.comment", "fields": {"ranking_points": 0, "comment_text": "I just don't think you'll ever make a magnetic monopole.", "author": 4, "parent_submission": 7, "parent_comment": null, "visible": true, "flags": [], "submission_time": "2014-03-14T23:24:41.542Z", "upvotes": [], "downvotes": []}}, {"pk": 35, "model": "ed_news.comment", "fields": {"ranking_points": 0, "comment_text": "I just don't think you'll ever make a magnetic monopole.", "author": 3, "parent_submission": 7, "parent_comment": null, "visible": true, "flags": [], "submission_time": "2014-03-14T23:24:41.544Z", "upvotes": [], "downvotes": []}}, {"pk": 36, "model": "ed_news.comment", "fields": {"ranking_points": 0, "comment_text": "I just don't think you'll ever make a magnetic monopole.", "author": 2, "parent_submission": 8, "parent_comment": null, "visible": true, "flags": [], "submission_time": "2014-03-14T23:24:41.545Z", "upvotes": [], "downvotes": []}}, {"pk": 37, "model": "ed_news.comment", "fields": {"ranking_points": 0, "comment_text": "I just don't think you'll ever make a magnetic monopole.", "author": 2, "parent_submission": 8, "parent_comment": null, "visible": true, "flags": [], "submission_time": "2014-03-14T23:24:41.546Z", "upvotes": [], "downvotes": []}}, {"pk": 38, "model": "ed_news.comment", "fields": {"ranking_points": 0, "comment_text": "I just don't think you'll ever make a magnetic monopole.", "author": 3, "parent_submission": 8, "parent_comment": null, "visible": true, "flags": [], "submission_time": "2014-03-14T23:24:41.547Z", "upvotes": [], "downvotes": []}}, {"pk": 39, "model": "ed_news.comment", "fields": {"ranking_points": 0, "comment_text": "I just don't think you'll ever make a magnetic monopole.", "author": 4, "parent_submission": 8, "parent_comment": null, "visible": true, "flags": [], "submission_time": "2014-03-14T23:24:41.548Z", "upvotes": [], "downvotes": []}}, {"pk": 40, "model": "ed_news.comment", "fields": {"ranking_points": 0, "comment_text": "I just don't think you'll ever make a magnetic monopole.", "author": 4, "parent_submission": 8, "parent_comment": null, "visible": true, "flags": [], "submission_time": "2014-03-14T23:24:41.549Z", "upvotes": [], "downvotes": []}}, {"pk": 41, "model": "ed_news.comment", "fields": {"ranking_points": 0, "comment_text": "I just don't think you'll ever make a magnetic monopole.", "author": 7, "parent_submission": 9, "parent_comment": null, "visible": true, "flags": [], "submission_time": "2014-03-14T23:24:41.551Z", "upvotes": [], "downvotes": []}}, {"pk": 42, "model": "ed_news.comment", "fields": {"ranking_points": 0, "comment_text": "I just don't think you'll ever make a magnetic monopole.", "author": 6, "parent_submission": 9, "parent_comment": null, "visible": true, "flags": [], "submission_time": "2014-03-14T23:24:41.552Z", "upvotes": [], "downvotes": []}}, {"pk": 43, "model": "ed_news.comment", "fields": {"ranking_points": 0, "comment_text": "I just don't think you'll ever make a magnetic monopole.", "author": 8, "parent_submission": 9, "parent_comment": null, "visible": true, "flags": [], "submission_time": "2014-03-14T23:24:41.553Z", "upvotes": [], "downvotes": []}}, {"pk": 44, "model": "ed_news.comment", "fields": {"ranking_points": 0, "comment_text": "I just don't think you'll ever make a magnetic monopole.", "author": 3, "parent_submission": 9, "parent_comment": null, "visible": true, "flags": [], "submission_time": "2014-03-14T23:24:41.554Z", "upvotes": [], "downvotes": []}}, {"pk": 45, "model": "ed_news.comment", "fields": {"ranking_points": 0, "comment_text": "I just don't think you'll ever make a magnetic monopole.", "author": 3, "parent_submission": 9, "parent_comment": null, "visible": true, "flags": [], "submission_time": "2014-03-14T23:24:41.554Z", "upvotes": [], "downvotes": []}}, {"pk": 46, "model": "ed_news.comment", "fields": {"ranking_points": 0, "comment_text": "I just don't think you'll ever make a magnetic monopole.", "author": 8, "parent_submission": 10, "parent_comment": null, "visible": true, "flags": [], "submission_time": "2014-03-14T23:24:41.555Z", "upvotes": [], "downvotes": []}}, {"pk": 47, "model": "ed_news.comment", "fields": {"ranking_points": 0, "comment_text": "I just don't think you'll ever make a magnetic monopole.", "author": 3, "parent_submission": 10, "parent_comment": null, "visible": true, "flags": [], "submission_time": "2014-03-14T23:24:41.556Z", "upvotes": [], "downvotes": []}}, {"pk": 48, "model": "ed_news.comment", "fields": {"ranking_points": 0, "comment_text": "I just don't think you'll ever make a magnetic monopole.", "author": 4, "parent_submission": 10, "parent_comment": null, "visible": true, "flags": [], "submission_time": "2014-03-14T23:24:41.557Z", "upvotes": [], "downvotes": []}}, {"pk": 49, "model": "ed_news.comment", "fields": {"ranking_points": 0, "comment_text": "I just don't think you'll ever make a magnetic monopole.", "author": 6, "parent_submission": 10, "parent_comment": null, "visible": true, "flags": [], "submission_time": "2014-03-14T23:24:41.557Z", "upvotes": [], "downvotes": []}}, {"pk": 50, "model": "ed_news.comment", "fields": {"ranking_points": 0, "comment_text": "I just don't think you'll ever make a magnetic monopole.", "author": 4, "parent_submission": 10, "parent_comment": null, "visible": true, "flags": [], "submission_time": "2014-03-14T23:24:41.559Z", "upvotes": [], "downvotes": []}}, {"pk": 51, "model": "ed_news.comment", "fields": {"ranking_points": 0, "comment_text": "I just don't think you'll ever make a magnetic monopole.", "author": 3, "parent_submission": 11, "parent_comment": null, "visible": true, "flags": [], "submission_time": "2014-03-14T23:24:41.560Z", "upvotes": [], "downvotes": []}}, {"pk": 52, "model": "ed_news.comment", "fields": {"ranking_points": 0, "comment_text": "I just don't think you'll ever make a magnetic monopole.", "author": 2, "parent_submission": 11, "parent_comment": null, "visible": true, "flags": [], "submission_time": "2014-03-14T23:24:41.560Z", "upvotes": [], "downvotes": []}}, {"pk": 53, "model": "ed_news.comment", "fields": {"ranking_points": 0, "comment_text": "I just don't think you'll ever make a magnetic monopole.", "author": 7, "parent_submission": 11, "parent_comment": null, "visible": true, "flags": [], "submission_time": "2014-03-14T23:24:41.561Z", "upvotes": [], "downvotes": []}}, {"pk": 54, "model": "ed_news.comment", "fields": {"ranking_points": 0, "comment_text": "I just don't think you'll ever make a magnetic monopole.", "author": 8, "parent_submission": 11, "parent_comment": null, "visible": true, "flags": [], "submission_time": "2014-03-14T23:24:41.562Z", "upvotes": [], "downvotes": []}}, {"pk": 55, "model": "ed_news.comment", "fields": {"ranking_points": 0, "comment_text": "I just don't think you'll ever make a magnetic monopole.", "author": 2, "parent_submission": 11, "parent_comment": null, "visible": true, "flags": [], "submission_time": "2014-03-14T23:24:41.563Z", "upvotes": [], "downvotes": []}}, {"pk": 56, "model": "ed_news.comment", "fields": {"ranking_points": 0, "comment_text": "I just don't think you'll ever make a magnetic monopole.", "author": 3, "parent_submission": 12, "parent_comment": null, "visible": true, "flags": [], "submission_time": "2014-03-14T23:24:41.564Z", "upvotes": [], "downvotes": []}}, {"pk": 57, "model": "ed_news.comment", "fields": {"ranking_points": 0, "comment_text": "I just don't think you'll ever make a magnetic monopole.", "author": 8, "parent_submission": 12, "parent_comment": null, "visible": true, "flags": [], "submission_time": "2014-03-14T23:24:41.565Z", "upvotes": [], "downvotes": []}}, {"pk": 58, "model": "ed_news.comment", "fields": {"ranking_points": 0, "comment_text": "I just don't think you'll ever make a magnetic monopole.", "author": 5, "parent_submission": 12, "parent_comment": null, "visible": true, "flags": [], "submission_time": "2014-03-14T23:24:41.566Z", "upvotes": [], "downvotes": []}}, {"pk": 59, "model": "ed_news.comment", "fields": {"ranking_points": 0, "comment_text": "I just don't think you'll ever make a magnetic monopole.", "author": 4, "parent_submission": 12, "parent_comment": null, "visible": true, "flags": [], "submission_time": "2014-03-14T23:24:41.567Z", "upvotes": [], "downvotes": []}}, {"pk": 60, "model": "ed_news.comment", "fields": {"ranking_points": 0, "comment_text": "I just don't think you'll ever make a magnetic monopole.", "author": 3, "parent_submission": 12, "parent_comment": null, "visible": true, "flags": [], "submission_time": "2014-03-14T23:24:41.568Z", "upvotes": [], "downvotes": []}}, {"pk": 61, "model": "ed_news.comment", "fields": {"ranking_points": 0, "comment_text": "I just don't think you'll ever make a magnetic monopole.", "author": 8, "parent_submission": 13, "parent_comment": null, "visible": true, "flags": [], "submission_time": "2014-03-14T23:24:41.569Z", "upvotes": [], "downvotes": []}}, {"pk": 62, "model": "ed_news.comment", "fields": {"ranking_points": 0, "comment_text": "I just don't think you'll ever make a magnetic monopole.", "author": 2, "parent_submission": 13, "parent_comment": null, "visible": true, "flags": [], "submission_time": "2014-03-14T23:24:41.570Z", "upvotes": [], "downvotes": []}}, {"pk": 63, "model": "ed_news.comment", "fields": {"ranking_points": 0, "comment_text": "I just don't think you'll ever make a magnetic monopole.", "author": 2, "parent_submission": 13, "parent_comment": null, "visible": true, "flags": [], "submission_time": "2014-03-14T23:24:41.570Z", "upvotes": [], "downvotes": []}}, {"pk": 64, "model": "ed_news.comment", "fields": {"ranking_points": 0, "comment_text": "I just don't think you'll ever make a magnetic monopole.", "author": 4, "parent_submission": 13, "parent_comment": null, "visible": true, "flags": [], "submission_time": "2014-03-14T23:24:41.571Z", "upvotes": [], "downvotes": []}}, {"pk": 65, "model": "ed_news.comment", "fields": {"ranking_points": 0, "comment_text": "I just don't think you'll ever make a magnetic monopole.", "author": 6, "parent_submission": 13, "parent_comment": null, "visible": true, "flags": [], "submission_time": "2014-03-14T23:24:41.571Z", "upvotes": [], "downvotes": []}}, {"pk": 66, "model": "ed_news.comment", "fields": {"ranking_points": 0, "comment_text": "I just don't think you'll ever make a magnetic monopole.", "author": 8, "parent_submission": 14, "parent_comment": null, "visible": true, "flags": [], "submission_time": "2014-03-14T23:24:41.572Z", "upvotes": [], "downvotes": []}}, {"pk": 67, "model": "ed_news.comment", "fields": {"ranking_points": 0, "comment_text": "I just don't think you'll ever make a magnetic monopole.", "author": 8, "parent_submission": 14, "parent_comment": null, "visible": true, "flags": [], "submission_time": "2014-03-14T23:24:41.573Z", "upvotes": [], "downvotes": []}}, {"pk": 68, "model": "ed_news.comment", "fields": {"ranking_points": 0, "comment_text": "I just don't think you'll ever make a magnetic monopole.", "author": 4, "parent_submission": 14, "parent_comment": null, "visible": true, "flags": [], "submission_time": "2014-03-14T23:24:41.573Z", "upvotes": [], "downvotes": []}}, {"pk": 69, "model": "ed_news.comment", "fields": {"ranking_points": 0, "comment_text": "I just don't think you'll ever make a magnetic monopole.", "author": 8, "parent_submission": 14, "parent_comment": null, "visible": true, "flags": [], "submission_time": "2014-03-14T23:24:41.574Z", "upvotes": [], "downvotes": []}}, {"pk": 70, "model": "ed_news.comment", "fields": {"ranking_points": 0, "comment_text": "I just don't think you'll ever make a magnetic monopole.", "author": 2, "parent_submission": 14, "parent_comment": null, "visible": true, "flags": [], "submission_time": "2014-03-14T23:24:41.575Z", "upvotes": [], "downvotes": []}}, {"pk": 71, "model": "ed_news.comment", "fields": {"ranking_points": 0, "comment_text": "I just don't think you'll ever make a magnetic monopole.", "author": 4, "parent_submission": 15, "parent_comment": null, "visible": true, "flags": [], "submission_time": "2014-03-14T23:24:41.575Z", "upvotes": [], "downvotes": []}}, {"pk": 72, "model": "ed_news.comment", "fields": {"ranking_points": 0, "comment_text": "I just don't think you'll ever make a magnetic monopole.", "author": 5, "parent_submission": 15, "parent_comment": null, "visible": true, "flags": [], "submission_time": "2014-03-14T23:24:41.576Z", "upvotes": [], "downvotes": []}}, {"pk": 73, "model": "ed_news.comment", "fields": {"ranking_points": 0, "comment_text": "I just don't think you'll ever make a magnetic monopole.", "author": 5, "parent_submission": 15, "parent_comment": null, "visible": true, "flags": [], "submission_time": "2014-03-14T23:24:41.577Z", "upvotes": [], "downvotes": []}}, {"pk": 74, "model": "ed_news.comment", "fields": {"ranking_points": 0, "comment_text": "I just don't think you'll ever make a magnetic monopole.", "author": 3, "parent_submission": 15, "parent_comment": null, "visible": true, "flags": [], "submission_time": "2014-03-14T23:24:41.577Z", "upvotes": [], "downvotes": []}}, {"pk": 75, "model": "ed_news.comment", "fields": {"ranking_points": 0, "comment_text": "I just don't think you'll ever make a magnetic monopole.", "author": 5, "parent_submission": 15, "parent_comment": null, "visible": true, "flags": [], "submission_time": "2014-03-14T23:24:41.578Z", "upvotes": [], "downvotes": []}}, {"pk": 76, "model": "ed_news.comment", "fields": {"ranking_points": 0, "comment_text": "I just don't think you'll ever make a magnetic monopole.", "author": 5, "parent_submission": 16, "parent_comment": null, "visible": true, "flags": [], "submission_time": "2014-03-14T23:24:41.578Z", "upvotes": [], "downvotes": []}}, {"pk": 77, "model": "ed_news.comment", "fields": {"ranking_points": 0, "comment_text": "I just don't think you'll ever make a magnetic monopole.", "author": 8, "parent_submission": 16, "parent_comment": null, "visible": true, "flags": [], "submission_time": "2014-03-14T23:24:41.579Z", "upvotes": [], "downvotes": []}}, {"pk": 78, "model": "ed_news.comment", "fields": {"ranking_points": 0, "comment_text": "I just don't think you'll ever make a magnetic monopole.", "author": 5, "parent_submission": 16, "parent_comment": null, "visible": true, "flags": [], "submission_time": "2014-03-14T23:24:41.580Z", "upvotes": [], "downvotes": []}}, {"pk": 79, "model": "ed_news.comment", "fields": {"ranking_points": 0, "comment_text": "I just don't think you'll ever make a magnetic monopole.", "author": 6, "parent_submission": 16, "parent_comment": null, "visible": true, "flags": [], "submission_time": "2014-03-14T23:24:41.581Z", "upvotes": [], "downvotes": []}}, {"pk": 80, "model": "ed_news.comment", "fields": {"ranking_points": 0, "comment_text": "I just don't think you'll ever make a magnetic monopole.", "author": 6, "parent_submission": 16, "parent_comment": null, "visible": true, "flags": [], "submission_time": "2014-03-14T23:24:41.582Z", "upvotes": [], "downvotes": []}}, {"pk": 81, "model": "ed_news.comment", "fields": {"ranking_points": 0, "comment_text": "I just don't think you'll ever make a magnetic monopole.", "author": 6, "parent_submission": 17, "parent_comment": null, "visible": true, "flags": [], "submission_time": "2014-03-14T23:24:41.583Z", "upvotes": [], "downvotes": []}}, {"pk": 82, "model": "ed_news.comment", "fields": {"ranking_points": 0, "comment_text": "I just don't think you'll ever make a magnetic monopole.", "author": 6, "parent_submission": 17, "parent_comment": null, "visible": true, "flags": [], "submission_time": "2014-03-14T23:24:41.584Z", "upvotes": [], "downvotes": []}}, {"pk": 83, "model": "ed_news.comment", "fields": {"ranking_points": 0, "comment_text": "I just don't think you'll ever make a magnetic monopole.", "author": 5, "parent_submission": 17, "parent_comment": null, "visible": true, "flags": [], "submission_time": "2014-03-14T23:24:41.584Z", "upvotes": [], "downvotes": []}}, {"pk": 84, "model": "ed_news.comment", "fields": {"ranking_points": 0, "comment_text": "I just don't think you'll ever make a magnetic monopole.", "author": 6, "parent_submission": 17, "parent_comment": null, "visible": true, "flags": [], "submission_time": "2014-03-14T23:24:41.585Z", "upvotes": [], "downvotes": []}}, {"pk": 85, "model": "ed_news.comment", "fields": {"ranking_points": 0, "comment_text": "I just don't think you'll ever make a magnetic monopole.", "author": 5, "parent_submission": 17, "parent_comment": null, "visible": true, "flags": [], "submission_time": "2014-03-14T23:24:41.586Z", "upvotes": [], "downvotes": []}}, {"pk": 86, "model": "ed_news.comment", "fields": {"ranking_points": 0, "comment_text": "I just don't think you'll ever make a magnetic monopole.", "author": 8, "parent_submission": 18, "parent_comment": null, "visible": true, "flags": [], "submission_time": "2014-03-14T23:24:41.587Z", "upvotes": [], "downvotes": []}}, {"pk": 87, "model": "ed_news.comment", "fields": {"ranking_points": 0, "comment_text": "I just don't think you'll ever make a magnetic monopole.", "author": 4, "parent_submission": 18, "parent_comment": null, "visible": true, "flags": [], "submission_time": "2014-03-14T23:24:41.587Z", "upvotes": [], "downvotes": []}}, {"pk": 88, "model": "ed_news.comment", "fields": {"ranking_points": 0, "comment_text": "I just don't think you'll ever make a magnetic monopole.", "author": 5, "parent_submission": 18, "parent_comment": null, "visible": true, "flags": [], "submission_time": "2014-03-14T23:24:41.588Z", "upvotes": [], "downvotes": []}}, {"pk": 89, "model": "ed_news.comment", "fields": {"ranking_points": 0, "comment_text": "I just don't think you'll ever make a magnetic monopole.", "author": 4, "parent_submission": 18, "parent_comment": null, "visible": true, "flags": [], "submission_time": "2014-03-14T23:24:41.589Z", "upvotes": [], "downvotes": []}}, {"pk": 90, "model": "ed_news.comment", "fields": {"ranking_points": 0, "comment_text": "I just don't think you'll ever make a magnetic monopole.", "author": 7, "parent_submission": 18, "parent_comment": null, "visible": true, "flags": [], "submission_time": "2014-03-14T23:24:41.590Z", "upvotes": [], "downvotes": []}}, {"pk": 91, "model": "ed_news.comment", "fields": {"ranking_points": 0, "comment_text": "I just don't think you'll ever make a magnetic monopole.", "author": 7, "parent_submission": 19, "parent_comment": null, "visible": true, "flags": [], "submission_time": "2014-03-14T23:24:41.591Z", "upvotes": [], "downvotes": []}}, {"pk": 92, "model": "ed_news.comment", "fields": {"ranking_points": 0, "comment_text": "I just don't think you'll ever make a magnetic monopole.", "author": 3, "parent_submission": 19, "parent_comment": null, "visible": true, "flags": [], "submission_time": "2014-03-14T23:24:41.592Z", "upvotes": [], "downvotes": []}}, {"pk": 93, "model": "ed_news.comment", "fields": {"ranking_points": 0, "comment_text": "I just don't think you'll ever make a magnetic monopole.", "author": 4, "parent_submission": 19, "parent_comment": null, "visible": true, "flags": [], "submission_time": "2014-03-14T23:24:41.593Z", "upvotes": [], "downvotes": []}}, {"pk": 94, "model": "ed_news.comment", "fields": {"ranking_points": 0, "comment_text": "I just don't think you'll ever make a magnetic monopole.", "author": 5, "parent_submission": 19, "parent_comment": null, "visible": true, "flags": [], "submission_time": "2014-03-14T23:24:41.595Z", "upvotes": [], "downvotes": []}}, {"pk": 95, "model": "ed_news.comment", "fields": {"ranking_points": 0, "comment_text": "I just don't think you'll ever make a magnetic monopole.", "author": 3, "parent_submission": 19, "parent_comment": null, "visible": true, "flags": [], "submission_time": "2014-03-14T23:24:41.596Z", "upvotes": [], "downvotes": []}}, {"pk": 96, "model": "ed_news.comment", "fields": {"ranking_points": 0, "comment_text": "I just don't think you'll ever make a magnetic monopole.", "author": 2, "parent_submission": 20, "parent_comment": null, "visible": true, "flags": [], "submission_time": "2014-03-14T23:24:41.597Z", "upvotes": [], "downvotes": []}}, {"pk": 97, "model": "ed_news.comment", "fields": {"ranking_points": 0, "comment_text": "I just don't think you'll ever make a magnetic monopole.", "author": 2, "parent_submission": 20, "parent_comment": null, "visible": true, "flags": [], "submission_time": "2014-03-14T23:24:41.598Z", "upvotes": [], "downvotes": []}}, {"pk": 98, "model": "ed_news.comment", "fields": {"ranking_points": 0, "comment_text": "I just don't think you'll ever make a magnetic monopole.", "author": 4, "parent_submission": 20, "parent_comment": null, "visible": true, "flags": [], "submission_time": "2014-03-14T23:24:41.599Z", "upvotes": [], "downvotes": []}}, {"pk": 99, "model": "ed_news.comment", "fields": {"ranking_points": 0, "comment_text": "I just don't think you'll ever make a magnetic monopole.", "author": 6, "parent_submission": 20, "parent_comment": null, "visible": true, "flags": [], "submission_time": "2014-03-14T23:24:41.600Z", "upvotes": [], "downvotes": []}}, {"pk": 100, "model": "ed_news.comment", "fields": {"ranking_points": 0, "comment_text": "I just don't think you'll ever make a magnetic monopole.", "author": 5, "parent_submission": 20, "parent_comment": null, "visible": true, "flags": [], "submission_time": "2014-03-14T23:24:41.601Z", "upvotes": [], "downvotes": []}}, {"pk": 101, "model": "ed_news.comment", "fields": {"ranking_points": 0, "comment_text": "I just don't think you'll ever make a magnetic monopole.", "author": 5, "parent_submission": 21, "parent_comment": null, "visible": true, "flags": [], "submission_time": "2014-03-14T23:24:41.602Z", "upvotes": [], "downvotes": []}}, {"pk": 102, "model": "ed_news.comment", "fields": {"ranking_points": 0, "comment_text": "I just don't think you'll ever make a magnetic monopole.", "author": 3, "parent_submission": 21, "parent_comment": null, "visible": true, "flags": [], "submission_time": "2014-03-14T23:24:41.603Z", "upvotes": [], "downvotes": []}}, {"pk": 103, "model": "ed_news.comment", "fields": {"ranking_points": 0, "comment_text": "I just don't think you'll ever make a magnetic monopole.", "author": 4, "parent_submission": 21, "parent_comment": null, "visible": true, "flags": [], "submission_time": "2014-03-14T23:24:41.603Z", "upvotes": [], "downvotes": []}}, {"pk": 104, "model": "ed_news.comment", "fields": {"ranking_points": 0, "comment_text": "I just don't think you'll ever make a magnetic monopole.", "author": 5, "parent_submission": 21, "parent_comment": null, "visible": true, "flags": [], "submission_time": "2014-03-14T23:24:41.604Z", "upvotes": [], "downvotes": []}}, {"pk": 105, "model": "ed_news.comment", "fields": {"ranking_points": 0, "comment_text": "I just don't think you'll ever make a magnetic monopole.", "author": 7, "parent_submission": 21, "parent_comment": null, "visible": true, "flags": [], "submission_time": "2014-03-14T23:24:41.605Z", "upvotes": [], "downvotes": []}}, {"pk": 106, "model": "ed_news.comment", "fields": {"ranking_points": 0, "comment_text": "Yeah, I was kind of thinking that.", "author": 2, "parent_submission": 6, "parent_comment": 30, "visible": true, "flags": [], "submission_time": "2014-03-14T23:24:41.616Z", "upvotes": [], "downvotes": []}}, {"pk": 107, "model": "ed_news.comment", "fields": {"ranking_points": 0, "comment_text": "Yeah, I was kind of thinking that.", "author": 2, "parent_submission": 13, "parent_comment": 65, "visible": true, "flags": [], "submission_time": "2014-03-14T23:24:41.618Z", "upvotes": [], "downvotes": []}}, {"pk": 108, "model": "ed_news.comment", "fields": {"ranking_points": 0, "comment_text": "Yeah, I was kind of thinking that.", "author": 2, "parent_submission": 5, "parent_comment": 23, "visible": true, "flags": [], "submission_time": "2014-03-14T23:24:41.621Z", "upvotes": [], "downvotes": []}}, {"pk": 109, "model": "ed_news.comment", "fields": {"ranking_points": 0, "comment_text": "Yeah, I was kind of thinking that.", "author": 2, "parent_submission": 14, "parent_comment": 67, "visible": true, "flags": [], "submission_time": "2014-03-14T23:24:41.623Z", "upvotes": [], "downvotes": []}}, {"pk": 110, "model": "ed_news.comment", "fields": {"ranking_points": 0, "comment_text": "Yeah, I was kind of thinking that.", "author": 2, "parent_submission": 20, "parent_comment": 96, "visible": true, "flags": [], "submission_time": "2014-03-14T23:24:41.626Z", "upvotes": [], "downvotes": []}}, {"pk": 111, "model": "ed_news.comment", "fields": {"ranking_points": 0, "comment_text": "Yeah, I was kind of thinking that.", "author": 2, "parent_submission": 4, "parent_comment": 18, "visible": true, "flags": [], "submission_time": "2014-03-14T23:24:41.628Z", "upvotes": [], "downvotes": []}}, {"pk": 112, "model": "ed_news.comment", "fields": {"ranking_points": 0, "comment_text": "Yeah, I was kind of thinking that.", "author": 2, "parent_submission": 9, "parent_comment": 41, "visible": true, "flags": [], "submission_time": "2014-03-14T23:24:41.630Z", "upvotes": [], "downvotes": []}}, {"pk": 113, "model": "ed_news.comment", "fields": {"ranking_points": 0, "comment_text": "Yeah, I was kind of thinking that.", "author": 2, "parent_submission": 13, "parent_comment": 64, "visible": true, "flags": [], "submission_time": "2014-03-14T23:24:41.633Z", "upvotes": [], "downvotes": []}}, {"pk": 114, "model": "ed_news.comment", "fields": {"ranking_points": 0, "comment_text": "Yeah, I was kind of thinking that.", "author": 2, "parent_submission": 13, "parent_comment": 61, "visible": true, "flags": [], "submission_time": "2014-03-14T23:24:41.635Z", "upvotes": [], "downvotes": []}}, {"pk": 115, "model": "ed_news.comment", "fields": {"ranking_points": 0, "comment_text": "Yeah, I was kind of thinking that.", "author": 2, "parent_submission": 16, "parent_comment": 78, "visible": true, "flags": [], "submission_time": "2014-03-14T23:24:41.637Z", "upvotes": [], "downvotes": []}}, {"pk": 116, "model": "ed_news.comment", "fields": {"ranking_points": 0, "comment_text": "Yeah, I was kind of thinking that.", "author": 2, "parent_submission": 4, "parent_comment": 16, "visible": true, "flags": [], "submission_time": "2014-03-14T23:24:41.639Z", "upvotes": [], "downvotes": []}}, {"pk": 117, "model": "ed_news.comment", "fields": {"ranking_points": 0, "comment_text": "Yeah, I was kind of thinking that.", "author": 2, "parent_submission": 13, "parent_comment": 63, "visible": true, "flags": [], "submission_time": "2014-03-14T23:24:41.642Z", "upvotes": [], "downvotes": []}}, {"pk": 118, "model": "ed_news.comment", "fields": {"ranking_points": 0, "comment_text": "Yeah, I was kind of thinking that.", "author": 2, "parent_submission": 13, "parent_comment": 62, "visible": true, "flags": [], "submission_time": "2014-03-14T23:24:41.645Z", "upvotes": [], "downvotes": []}}, {"pk": 119, "model": "ed_news.comment", "fields": {"ranking_points": 0, "comment_text": "Yeah, I was kind of thinking that.", "author": 2, "parent_submission": 2, "parent_comment": 7, "visible": true, "flags": [], "submission_time": "2014-03-14T23:24:41.647Z", "upvotes": [], "downvotes": []}}, {"pk": 120, "model": "ed_news.comment", "fields": {"ranking_points": 0, "comment_text": "Yeah, I was kind of thinking that.", "author": 2, "parent_submission": 6, "parent_comment": 26, "visible": true, "flags": [], "submission_time": "2014-03-14T23:24:41.649Z", "upvotes": [], "downvotes": []}}, {"pk": 121, "model": "ed_news.comment", "fields": {"ranking_points": 0, "comment_text": "Yeah, I was kind of thinking that.", "author": 3, "parent_submission": 11, "parent_comment": 51, "visible": true, "flags": [], "submission_time": "2014-03-14T23:24:41.652Z", "upvotes": [], "downvotes": []}}, {"pk": 122, "model": "ed_news.comment", "fields": {"ranking_points": 0, "comment_text": "Yeah, I was kind of thinking that.", "author": 3, "parent_submission": 21, "parent_comment": 103, "visible": true, "flags": [], "submission_time": "2014-03-14T23:24:41.654Z", "upvotes": [], "downvotes": []}}, {"pk": 123, "model": "ed_news.comment", "fields": {"ranking_points": 0, "comment_text": "Yeah, I was kind of thinking that.", "author": 3, "parent_submission": 8, "parent_comment": 37, "visible": true, "flags": [], "submission_time": "2014-03-14T23:24:41.656Z", "upvotes": [], "downvotes": []}}, {"pk": 124, "model": "ed_news.comment", "fields": {"ranking_points": 0, "comment_text": "Yeah, I was kind of thinking that.", "author": 3, "parent_submission": 12, "parent_comment": 57, "visible": true, "flags": [], "submission_time": "2014-03-14T23:24:41.659Z", "upvotes": [], "downvotes": []}}, {"pk": 125, "model": "ed_news.comment", "fields": {"ranking_points": 0, "comment_text": "Yeah, I was kind of thinking that.", "author": 3, "parent_submission": 3, "parent_comment": 13, "visible": true, "flags": [], "submission_time": "2014-03-14T23:24:41.662Z", "upvotes": [], "downvotes": []}}, {"pk": 126, "model": "ed_news.comment", "fields": {"ranking_points": 0, "comment_text": "Yeah, I was kind of thinking that.", "author": 3, "parent_submission": 10, "parent_comment": 50, "visible": true, "flags": [], "submission_time": "2014-03-14T23:24:41.665Z", "upvotes": [], "downvotes": []}}, {"pk": 127, "model": "ed_news.comment", "fields": {"ranking_points": 0, "comment_text": "Yeah, I was kind of thinking that.", "author": 3, "parent_submission": 13, "parent_comment": 62, "visible": true, "flags": [], "submission_time": "2014-03-14T23:24:41.667Z", "upvotes": [], "downvotes": []}}, {"pk": 128, "model": "ed_news.comment", "fields": {"ranking_points": 0, "comment_text": "Yeah, I was kind of thinking that.", "author": 3, "parent_submission": 3, "parent_comment": 12, "visible": true, "flags": [], "submission_time": "2014-03-14T23:24:41.670Z", "upvotes": [], "downvotes": []}}, {"pk": 129, "model": "ed_news.comment", "fields": {"ranking_points": 0, "comment_text": "Yeah, I was kind of thinking that.", "author": 3, "parent_submission": 10, "parent_comment": 48, "visible": true, "flags": [], "submission_time": "2014-03-14T23:24:41.673Z", "upvotes": [], "downvotes": []}}, {"pk": 130, "model": "ed_news.comment", "fields": {"ranking_points": 0, "comment_text": "Yeah, I was kind of thinking that.", "author": 3, "parent_submission": 6, "parent_comment": 26, "visible": true, "flags": [], "submission_time": "2014-03-14T23:24:41.674Z", "upvotes": [], "downvotes": []}}, {"pk": 131, "model": "ed_news.comment", "fields": {"ranking_points": 0, "comment_text": "Yeah, I was kind of thinking that.", "author": 3, "parent_submission": 1, "parent_comment": 2, "visible": true, "flags": [], "submission_time": "2014-03-14T23:24:41.676Z", "upvotes": [], "downvotes": []}}, {"pk": 132, "model": "ed_news.comment", "fields": {"ranking_points": 0, "comment_text": "Yeah, I was kind of thinking that.", "author": 3, "parent_submission": 9, "parent_comment": 45, "visible": true, "flags": [], "submission_time": "2014-03-14T23:24:41.678Z", "upvotes": [], "downvotes": []}}, {"pk": 133, "model": "ed_news.comment", "fields": {"ranking_points": 0, "comment_text": "Yeah, I was kind of thinking that.", "author": 3, "parent_submission": 5, "parent_comment": 25, "visible": true, "flags": [], "submission_time": "2014-03-14T23:24:41.681Z", "upvotes": [], "downvotes": []}}, {"pk": 134, "model": "ed_news.comment", "fields": {"ranking_points": 0, "comment_text": "Yeah, I was kind of thinking that.", "author": 3, "parent_submission": 3, "parent_comment": 14, "visible": true, "flags": [], "submission_time": "2014-03-14T23:24:41.683Z", "upvotes": [], "downvotes": []}}, {"pk": 135, "model": "ed_news.comment", "fields": {"ranking_points": 0, "comment_text": "Yeah, I was kind of thinking that.", "author": 3, "parent_submission": 5, "parent_comment": 23, "visible": true, "flags": [], "submission_time": "2014-03-14T23:24:41.685Z", "upvotes": [], "downvotes": []}}, {"pk": 136, "model": "ed_news.comment", "fields": {"ranking_points": 0, "comment_text": "Yeah, I was kind of thinking that.", "author": 4, "parent_submission": 5, "parent_comment": 21, "visible": true, "flags": [], "submission_time": "2014-03-14T23:24:41.687Z", "upvotes": [], "downvotes": []}}, {"pk": 137, "model": "ed_news.comment", "fields": {"ranking_points": 0, "comment_text": "Yeah, I was kind of thinking that.", "author": 4, "parent_submission": 18, "parent_comment": 90, "visible": true, "flags": [], "submission_time": "2014-03-14T23:24:41.689Z", "upvotes": [], "downvotes": []}}, {"pk": 138, "model": "ed_news.comment", "fields": {"ranking_points": 0, "comment_text": "Yeah, I was kind of thinking that.", "author": 4, "parent_submission": 5, "parent_comment": 22, "visible": true, "flags": [], "submission_time": "2014-03-14T23:24:41.692Z", "upvotes": [], "downvotes": []}}, {"pk": 139, "model": "ed_news.comment", "fields": {"ranking_points": 0, "comment_text": "Yeah, I was kind of thinking that.", "author": 4, "parent_submission": 15, "parent_comment": 73, "visible": true, "flags": [], "submission_time": "2014-03-14T23:24:41.695Z", "upvotes": [], "downvotes": []}}, {"pk": 140, "model": "ed_news.comment", "fields": {"ranking_points": 0, "comment_text": "Yeah, I was kind of thinking that.", "author": 4, "parent_submission": 13, "parent_comment": 63, "visible": true, "flags": [], "submission_time": "2014-03-14T23:24:41.696Z", "upvotes": [], "downvotes": []}}, {"pk": 141, "model": "ed_news.comment", "fields": {"ranking_points": 0, "comment_text": "Yeah, I was kind of thinking that.", "author": 4, "parent_submission": 15, "parent_comment": 71, "visible": true, "flags": [], "submission_time": "2014-03-14T23:24:41.699Z", "upvotes": [], "downvotes": []}}, {"pk": 142, "model": "ed_news.comment", "fields": {"ranking_points": 0, "comment_text": "Yeah, I was kind of thinking that.", "author": 4, "parent_submission": 21, "parent_comment": 102, "visible": true, "flags": [], "submission_time": "2014-03-14T23:24:41.702Z", "upvotes": [], "downvotes": []}}, {"pk": 143, "model": "ed_news.comment", "fields": {"ranking_points": 0, "comment_text": "Yeah, I was kind of thinking that.", "author": 4, "parent_submission": 18, "parent_comment": 87, "visible": true, "flags": [], "submission_time": "2014-03-14T23:24:41.706Z", "upvotes": [], "downvotes": []}}, {"pk": 144, "model": "ed_news.comment", "fields": {"ranking_points": 0, "comment_text": "Yeah, I was kind of thinking that.", "author": 4, "parent_submission": 10, "parent_comment": 50, "visible": true, "flags": [], "submission_time": "2014-03-14T23:24:41.707Z", "upvotes": [], "downvotes": []}}, {"pk": 145, "model": "ed_news.comment", "fields": {"ranking_points": 0, "comment_text": "Yeah, I was kind of thinking that.", "author": 4, "parent_submission": 19, "parent_comment": 91, "visible": true, "flags": [], "submission_time": "2014-03-14T23:24:41.709Z", "upvotes": [], "downvotes": []}}, {"pk": 146, "model": "ed_news.comment", "fields": {"ranking_points": 0, "comment_text": "Yeah, I was kind of thinking that.", "author": 4, "parent_submission": 15, "parent_comment": 73, "visible": true, "flags": [], "submission_time": "2014-03-14T23:24:41.710Z", "upvotes": [], "downvotes": []}}, {"pk": 147, "model": "ed_news.comment", "fields": {"ranking_points": 0, "comment_text": "Yeah, I was kind of thinking that.", "author": 4, "parent_submission": 18, "parent_comment": 87, "visible": true, "flags": [], "submission_time": "2014-03-14T23:24:41.711Z", "upvotes": [], "downvotes": []}}, {"pk": 148, "model": "ed_news.comment", "fields": {"ranking_points": 0, "comment_text": "Yeah, I was kind of thinking that.", "author": 4, "parent_submission": 3, "parent_comment": 14, "visible": true, "flags": [], "submission_time": "2014-03-14T23:24:41.712Z", "upvotes": [], "downvotes": []}}, {"pk": 149, "model": "ed_news.comment", "fields": {"ranking_points": 0, "comment_text": "Yeah, I was kind of thinking that.", "author": 4, "parent_submission": 10, "parent_comment": 50, "visible": true, "flags": [], "submission_time": "2014-03-14T23:24:41.713Z", "upvotes": [], "downvotes": []}}, {"pk": 150, "model": "ed_news.comment", "fields": {"ranking_points": 0, "comment_text": "Yeah, I was kind of thinking that.", "author": 4, "parent_submission": 6, "parent_comment": 27, "visible": true, "flags": [], "submission_time": "2014-03-14T23:24:41.716Z", "upvotes": [], "downvotes": []}}, {"pk": 151, "model": "ed_news.comment", "fields": {"ranking_points": 0, "comment_text": "Yeah, I was kind of thinking that.", "author": 5, "parent_submission": 2, "parent_comment": 8, "visible": true, "flags": [], "submission_time": "2014-03-14T23:24:41.719Z", "upvotes": [], "downvotes": []}}, {"pk": 152, "model": "ed_news.comment", "fields": {"ranking_points": 0, "comment_text": "Yeah, I was kind of thinking that.", "author": 5, "parent_submission": 8, "parent_comment": 39, "visible": true, "flags": [], "submission_time": "2014-03-14T23:24:41.721Z", "upvotes": [], "downvotes": []}}, {"pk": 153, "model": "ed_news.comment", "fields": {"ranking_points": 0, "comment_text": "Yeah, I was kind of thinking that.", "author": 5, "parent_submission": 18, "parent_comment": 87, "visible": true, "flags": [], "submission_time": "2014-03-14T23:24:41.722Z", "upvotes": [], "downvotes": []}}, {"pk": 154, "model": "ed_news.comment", "fields": {"ranking_points": 0, "comment_text": "Yeah, I was kind of thinking that.", "author": 5, "parent_submission": 16, "parent_comment": 76, "visible": true, "flags": [], "submission_time": "2014-03-14T23:24:41.725Z", "upvotes": [], "downvotes": []}}, {"pk": 155, "model": "ed_news.comment", "fields": {"ranking_points": 0, "comment_text": "Yeah, I was kind of thinking that.", "author": 5, "parent_submission": 7, "parent_comment": 34, "visible": true, "flags": [], "submission_time": "2014-03-14T23:24:41.728Z", "upvotes": [], "downvotes": []}}, {"pk": 156, "model": "ed_news.comment", "fields": {"ranking_points": 0, "comment_text": "Yeah, I was kind of thinking that.", "author": 5, "parent_submission": 11, "parent_comment": 55, "visible": true, "flags": [], "submission_time": "2014-03-14T23:24:41.731Z", "upvotes": [], "downvotes": []}}, {"pk": 157, "model": "ed_news.comment", "fields": {"ranking_points": 0, "comment_text": "Yeah, I was kind of thinking that.", "author": 5, "parent_submission": 15, "parent_comment": 72, "visible": true, "flags": [], "submission_time": "2014-03-14T23:24:41.734Z", "upvotes": [], "downvotes": []}}, {"pk": 158, "model": "ed_news.comment", "fields": {"ranking_points": 0, "comment_text": "Yeah, I was kind of thinking that.", "author": 5, "parent_submission": 3, "parent_comment": 12, "visible": true, "flags": [], "submission_time": "2014-03-14T23:24:41.735Z", "upvotes": [], "downvotes": []}}, {"pk": 159, "model": "ed_news.comment", "fields": {"ranking_points": 0, "comment_text": "Yeah, I was kind of thinking that.", "author": 5, "parent_submission": 10, "parent_comment": 49, "visible": true, "flags": [], "submission_time": "2014-03-14T23:24:41.737Z", "upvotes": [], "downvotes": []}}, {"pk": 160, "model": "ed_news.comment", "fields": {"ranking_points": 0, "comment_text": "Yeah, I was kind of thinking that.", "author": 5, "parent_submission": 8, "parent_comment": 36, "visible": true, "flags": [], "submission_time": "2014-03-14T23:24:41.739Z", "upvotes": [], "downvotes": []}}, {"pk": 161, "model": "ed_news.comment", "fields": {"ranking_points": 0, "comment_text": "Yeah, I was kind of thinking that.", "author": 5, "parent_submission": 19, "parent_comment": 94, "visible": true, "flags": [], "submission_time": "2014-03-14T23:24:41.742Z", "upvotes": [], "downvotes": []}}, {"pk": 162, "model": "ed_news.comment", "fields": {"ranking_points": 0, "comment_text": "Yeah, I was kind of thinking that.", "author": 5, "parent_submission": 7, "parent_comment": 31, "visible": true, "flags": [], "submission_time": "2014-03-14T23:24:41.744Z", "upvotes": [], "downvotes": []}}, {"pk": 163, "model": "ed_news.comment", "fields": {"ranking_points": 0, "comment_text": "Yeah, I was kind of thinking that.", "author": 5, "parent_submission": 1, "parent_comment": 2, "visible": true, "flags": [], "submission_time": "2014-03-14T23:24:41.745Z", "upvotes": [], "downvotes": []}}, {"pk": 164, "model": "ed_news.comment", "fields": {"ranking_points": 0, "comment_text": "Yeah, I was kind of thinking that.", "author": 5, "parent_submission": 14, "parent_comment": 66, "visible": true, "flags": [], "submission_time": "2014-03-14T23:24:41.747Z", "upvotes": [], "downvotes": []}}, {"pk": 165, "model": "ed_news.comment", "fields": {"ranking_points": 0, "comment_text": "Yeah, I was kind of thinking that.", "author": 5, "parent_submission": 7, "parent_comment": 32, "visible": true, "flags": [], "submission_time": "2014-03-14T23:24:41.748Z", "upvotes": [], "downvotes": []}}, {"pk": 166, "model": "ed_news.comment", "fields": {"ranking_points": 0, "comment_text": "Yeah, I was kind of thinking that.", "author": 6, "parent_submission": 5, "parent_comment": 24, "visible": true, "flags": [], "submission_time": "2014-03-14T23:24:41.751Z", "upvotes": [], "downvotes": []}}, {"pk": 167, "model": "ed_news.comment", "fields": {"ranking_points": 0, "comment_text": "Yeah, I was kind of thinking that.", "author": 6, "parent_submission": 6, "parent_comment": 29, "visible": true, "flags": [], "submission_time": "2014-03-14T23:24:41.753Z", "upvotes": [], "downvotes": []}}, {"pk": 168, "model": "ed_news.comment", "fields": {"ranking_points": 0, "comment_text": "Yeah, I was kind of thinking that.", "author": 6, "parent_submission": 3, "parent_comment": 12, "visible": true, "flags": [], "submission_time": "2014-03-14T23:24:41.753Z", "upvotes": [], "downvotes": []}}, {"pk": 169, "model": "ed_news.comment", "fields": {"ranking_points": 0, "comment_text": "Yeah, I was kind of thinking that.", "author": 6, "parent_submission": 8, "parent_comment": 39, "visible": true, "flags": [], "submission_time": "2014-03-14T23:24:41.754Z", "upvotes": [], "downvotes": []}}, {"pk": 170, "model": "ed_news.comment", "fields": {"ranking_points": 0, "comment_text": "Yeah, I was kind of thinking that.", "author": 6, "parent_submission": 15, "parent_comment": 74, "visible": true, "flags": [], "submission_time": "2014-03-14T23:24:41.755Z", "upvotes": [], "downvotes": []}}, {"pk": 171, "model": "ed_news.comment", "fields": {"ranking_points": 0, "comment_text": "Yeah, I was kind of thinking that.", "author": 6, "parent_submission": 15, "parent_comment": 72, "visible": true, "flags": [], "submission_time": "2014-03-14T23:24:41.755Z", "upvotes": [], "downvotes": []}}, {"pk": 172, "model": "ed_news.comment", "fields": {"ranking_points": 0, "comment_text": "Yeah, I was kind of thinking that.", "author": 6, "parent_submission": 4, "parent_comment": 20, "visible": true, "flags": [], "submission_time": "2014-03-14T23:24:41.756Z", "upvotes": [], "downvotes": []}}, {"pk": 173, "model": "ed_news.comment", "fields": {"ranking_points": 0, "comment_text": "Yeah, I was kind of thinking that.", "author": 6, "parent_submission": 7, "parent_comment": 35, "visible": true, "flags": [], "submission_time": "2014-03-14T23:24:41.758Z", "upvotes": [], "downvotes": []}}, {"pk": 174, "model": "ed_news.comment", "fields": {"ranking_points": 0, "comment_text": "Yeah, I was kind of thinking that.", "author": 6, "parent_submission": 11, "parent_comment": 54, "visible": true, "flags": [], "submission_time": "2014-03-14T23:24:41.759Z", "upvotes": [], "downvotes": []}}, {"pk": 175, "model": "ed_news.comment", "fields": {"ranking_points": 0, "comment_text": "Yeah, I was kind of thinking that.", "author": 6, "parent_submission": 5, "parent_comment": 24, "visible": true, "flags": [], "submission_time": "2014-03-14T23:24:41.759Z", "upvotes": [], "downvotes": []}}, {"pk": 176, "model": "ed_news.comment", "fields": {"ranking_points": 0, "comment_text": "Yeah, I was kind of thinking that.", "author": 6, "parent_submission": 16, "parent_comment": 78, "visible": true, "flags": [], "submission_time": "2014-03-14T23:24:41.760Z", "upvotes": [], "downvotes": []}}, {"pk": 177, "model": "ed_news.comment", "fields": {"ranking_points": 0, "comment_text": "Yeah, I was kind of thinking that.", "author": 6, "parent_submission": 5, "parent_comment": 25, "visible": true, "flags": [], "submission_time": "2014-03-14T23:24:41.760Z", "upvotes": [], "downvotes": []}}, {"pk": 178, "model": "ed_news.comment", "fields": {"ranking_points": 0, "comment_text": "Yeah, I was kind of thinking that.", "author": 6, "parent_submission": 18, "parent_comment": 89, "visible": true, "flags": [], "submission_time": "2014-03-14T23:24:41.761Z", "upvotes": [], "downvotes": []}}, {"pk": 179, "model": "ed_news.comment", "fields": {"ranking_points": 0, "comment_text": "Yeah, I was kind of thinking that.", "author": 6, "parent_submission": 4, "parent_comment": 19, "visible": true, "flags": [], "submission_time": "2014-03-14T23:24:41.762Z", "upvotes": [], "downvotes": []}}, {"pk": 180, "model": "ed_news.comment", "fields": {"ranking_points": 0, "comment_text": "Yeah, I was kind of thinking that.", "author": 6, "parent_submission": 3, "parent_comment": 11, "visible": true, "flags": [], "submission_time": "2014-03-14T23:24:41.763Z", "upvotes": [], "downvotes": []}}, {"pk": 181, "model": "ed_news.comment", "fields": {"ranking_points": 0, "comment_text": "Yeah, I was kind of thinking that.", "author": 7, "parent_submission": 5, "parent_comment": 23, "visible": true, "flags": [], "submission_time": "2014-03-14T23:24:41.763Z", "upvotes": [], "downvotes": []}}, {"pk": 182, "model": "ed_news.comment", "fields": {"ranking_points": 0, "comment_text": "Yeah, I was kind of thinking that.", "author": 7, "parent_submission": 13, "parent_comment": 62, "visible": true, "flags": [], "submission_time": "2014-03-14T23:24:41.764Z", "upvotes": [], "downvotes": []}}, {"pk": 183, "model": "ed_news.comment", "fields": {"ranking_points": 0, "comment_text": "Yeah, I was kind of thinking that.", "author": 7, "parent_submission": 9, "parent_comment": 44, "visible": true, "flags": [], "submission_time": "2014-03-14T23:24:41.765Z", "upvotes": [], "downvotes": []}}, {"pk": 184, "model": "ed_news.comment", "fields": {"ranking_points": 0, "comment_text": "Yeah, I was kind of thinking that.", "author": 7, "parent_submission": 12, "parent_comment": 60, "visible": true, "flags": [], "submission_time": "2014-03-14T23:24:41.767Z", "upvotes": [], "downvotes": []}}, {"pk": 185, "model": "ed_news.comment", "fields": {"ranking_points": 0, "comment_text": "Yeah, I was kind of thinking that.", "author": 7, "parent_submission": 20, "parent_comment": 100, "visible": true, "flags": [], "submission_time": "2014-03-14T23:24:41.769Z", "upvotes": [], "downvotes": []}}, {"pk": 186, "model": "ed_news.comment", "fields": {"ranking_points": 0, "comment_text": "Yeah, I was kind of thinking that.", "author": 7, "parent_submission": 19, "parent_comment": 94, "visible": true, "flags": [], "submission_time": "2014-03-14T23:24:41.770Z", "upvotes": [], "downvotes": []}}, {"pk": 187, "model": "ed_news.comment", "fields": {"ranking_points": 0, "comment_text": "Yeah, I was kind of thinking that.", "author": 7, "parent_submission": 9, "parent_comment": 45, "visible": true, "flags": [], "submission_time": "2014-03-14T23:24:41.771Z", "upvotes": [], "downvotes": []}}, {"pk": 188, "model": "ed_news.comment", "fields": {"ranking_points": 0, "comment_text": "Yeah, I was kind of thinking that.", "author": 7, "parent_submission": 13, "parent_comment": 65, "visible": true, "flags": [], "submission_time": "2014-03-14T23:24:41.772Z", "upvotes": [], "downvotes": []}}, {"pk": 189, "model": "ed_news.comment", "fields": {"ranking_points": 0, "comment_text": "Yeah, I was kind of thinking that.", "author": 7, "parent_submission": 12, "parent_comment": 57, "visible": true, "flags": [], "submission_time": "2014-03-14T23:24:41.772Z", "upvotes": [], "downvotes": []}}, {"pk": 190, "model": "ed_news.comment", "fields": {"ranking_points": 0, "comment_text": "Yeah, I was kind of thinking that.", "author": 7, "parent_submission": 15, "parent_comment": 75, "visible": true, "flags": [], "submission_time": "2014-03-14T23:24:41.774Z", "upvotes": [], "downvotes": []}}, {"pk": 191, "model": "ed_news.comment", "fields": {"ranking_points": 0, "comment_text": "Yeah, I was kind of thinking that.", "author": 7, "parent_submission": 3, "parent_comment": 13, "visible": true, "flags": [], "submission_time": "2014-03-14T23:24:41.775Z", "upvotes": [], "downvotes": []}}, {"pk": 192, "model": "ed_news.comment", "fields": {"ranking_points": 0, "comment_text": "Yeah, I was kind of thinking that.", "author": 7, "parent_submission": 16, "parent_comment": 77, "visible": true, "flags": [], "submission_time": "2014-03-14T23:24:41.777Z", "upvotes": [], "downvotes": []}}, {"pk": 193, "model": "ed_news.comment", "fields": {"ranking_points": 0, "comment_text": "Yeah, I was kind of thinking that.", "author": 7, "parent_submission": 8, "parent_comment": 40, "visible": true, "flags": [], "submission_time": "2014-03-14T23:24:41.779Z", "upvotes": [], "downvotes": []}}, {"pk": 194, "model": "ed_news.comment", "fields": {"ranking_points": 0, "comment_text": "Yeah, I was kind of thinking that.", "author": 7, "parent_submission": 12, "parent_comment": 56, "visible": true, "flags": [], "submission_time": "2014-03-14T23:24:41.781Z", "upvotes": [], "downvotes": []}}, {"pk": 195, "model": "ed_news.comment", "fields": {"ranking_points": 0, "comment_text": "Yeah, I was kind of thinking that.", "author": 7, "parent_submission": 7, "parent_comment": 34, "visible": true, "flags": [], "submission_time": "2014-03-14T23:24:41.781Z", "upvotes": [], "downvotes": []}}, {"pk": 196, "model": "ed_news.comment", "fields": {"ranking_points": 0, "comment_text": "Yeah, I was kind of thinking that.", "author": 8, "parent_submission": 1, "parent_comment": 3, "visible": true, "flags": [], "submission_time": "2014-03-14T23:24:41.783Z", "upvotes": [], "downvotes": []}}, {"pk": 197, "model": "ed_news.comment", "fields": {"ranking_points": 0, "comment_text": "Yeah, I was kind of thinking that.", "author": 8, "parent_submission": 2, "parent_comment": 7, "visible": true, "flags": [], "submission_time": "2014-03-14T23:24:41.784Z", "upvotes": [], "downvotes": []}}, {"pk": 198, "model": "ed_news.comment", "fields": {"ranking_points": 0, "comment_text": "Yeah, I was kind of thinking that.", "author": 8, "parent_submission": 8, "parent_comment": 36, "visible": true, "flags": [], "submission_time": "2014-03-14T23:24:41.785Z", "upvotes": [], "downvotes": []}}, {"pk": 199, "model": "ed_news.comment", "fields": {"ranking_points": 0, "comment_text": "Yeah, I was kind of thinking that.", "author": 8, "parent_submission": 4, "parent_comment": 16, "visible": true, "flags": [], "submission_time": "2014-03-14T23:24:41.785Z", "upvotes": [], "downvotes": []}}, {"pk": 200, "model": "ed_news.comment", "fields": {"ranking_points": 0, "comment_text": "Yeah, I was kind of thinking that.", "author": 8, "parent_submission": 6, "parent_comment": 30, "visible": true, "flags": [], "submission_time": "2014-03-14T23:24:41.786Z", "upvotes": [], "downvotes": []}}, {"pk": 201, "model": "ed_news.comment", "fields": {"ranking_points": 0, "comment_text": "Yeah, I was kind of thinking that.", "author": 8, "parent_submission": 19, "parent_comment": 95, "visible": true, "flags": [], "submission_time": "2014-03-14T23:24:41.788Z", "upvotes": [], "downvotes": []}}, {"pk": 202, "model": "ed_news.comment", "fields": {"ranking_points": 0, "comment_text": "Yeah, I was kind of thinking that.", "author": 8, "parent_submission": 21, "parent_comment": 104, "visible": true, "flags": [], "submission_time": "2014-03-14T23:24:41.790Z", "upvotes": [], "downvotes": []}}, {"pk": 203, "model": "ed_news.comment", "fields": {"ranking_points": 0, "comment_text": "Yeah, I was kind of thinking that.", "author": 8, "parent_submission": 4, "parent_comment": 17, "visible": true, "flags": [], "submission_time": "2014-03-14T23:24:41.793Z", "upvotes": [], "downvotes": []}}, {"pk": 204, "model": "ed_news.comment", "fields": {"ranking_points": 0, "comment_text": "Yeah, I was kind of thinking that.", "author": 8, "parent_submission": 13, "parent_comment": 65, "visible": true, "flags": [], "submission_time": "2014-03-14T23:24:41.794Z", "upvotes": [], "downvotes": []}}, {"pk": 205, "model": "ed_news.comment", "fields": {"ranking_points": 0, "comment_text": "Yeah, I was kind of thinking that.", "author": 8, "parent_submission": 7, "parent_comment": 32, "visible": true, "flags": [], "submission_time": "2014-03-14T23:24:41.795Z", "upvotes": [], "downvotes": []}}, {"pk": 206, "model": "ed_news.comment", "fields": {"ranking_points": 0, "comment_text": "Yeah, I was kind of thinking that.", "author": 8, "parent_submission": 19, "parent_comment": 95, "visible": true, "flags": [], "submission_time": "2014-03-14T23:24:41.797Z", "upvotes": [], "downvotes": []}}, {"pk": 207, "model": "ed_news.comment", "fields": {"ranking_points": 0, "comment_text": "Yeah, I was kind of thinking that.", "author": 8, "parent_submission": 8, "parent_comment": 40, "visible": true, "flags": [], "submission_time": "2014-03-14T23:24:41.797Z", "upvotes": [], "downvotes": []}}, {"pk": 208, "model": "ed_news.comment", "fields": {"ranking_points": 0, "comment_text": "Yeah, I was kind of thinking that.", "author": 8, "parent_submission": 5, "parent_comment": 22, "visible": true, "flags": [], "submission_time": "2014-03-14T23:24:41.798Z", "upvotes": [], "downvotes": []}}, {"pk": 209, "model": "ed_news.comment", "fields": {"ranking_points": 0, "comment_text": "Yeah, I was kind of thinking that.", "author": 8, "parent_submission": 13, "parent_comment": 63, "visible": true, "flags": [], "submission_time": "2014-03-14T23:24:41.799Z", "upvotes": [], "downvotes": []}}, {"pk": 210, "model": "ed_news.comment", "fields": {"ranking_points": 0, "comment_text": "Yeah, I was kind of thinking that.", "author": 8, "parent_submission": 1, "parent_comment": 1, "visible": true, "flags": [], "submission_time": "2014-03-14T23:24:41.801Z", "upvotes": [], "downvotes": []}}]