[{"pk": 1, "model": "contenttypes.contenttype", "fields": {"model": "logentry", "name": "log entry", "app_label": "admin"}}, {"pk": 2, "model": "contenttypes.contenttype", "fields": {"model": "permission", "name": "permission", "app_label": "auth"}}, {"pk": 3, "model": "contenttypes.contenttype", "fields": {"model": "group", "name": "group", "app_label": "auth"}}, {"pk": 4, "model": "contenttypes.contenttype", "fields": {"model": "user", "name": "user", "app_label": "auth"}}, {"pk": 5, "model": "contenttypes.contenttype", "fields": {"model": "contenttype", "name": "content type", "app_label": "contenttypes"}}, {"pk": 6, "model": "contenttypes.contenttype", "fields": {"model": "session", "name": "session", "app_label": "sessions"}}, {"pk": 7, "model": "contenttypes.contenttype", "fields": {"model": "migrationhistory", "name": "migration history", "app_label": "south"}}, {"pk": 8, "model": "contenttypes.contenttype", "fields": {"model": "submission", "name": "submission", "app_label": "ed_news"}}, {"pk": 9, "model": "contenttypes.contenttype", "fields": {"model": "article", "name": "article", "app_label": "ed_news"}}, {"pk": 10, "model": "contenttypes.contenttype", "fields": {"model": "textpost", "name": "text post", "app_label": "ed_news"}}, {"pk": 11, "model": "contenttypes.contenttype", "fields": {"model": "userprofile", "name": "user profile", "app_label": "ed_news"}}, {"pk": 12, "model": "contenttypes.contenttype", "fields": {"model": "comment", "name": "comment", "app_label": "ed_news"}}, {"pk": "cia0d0kqv4xdah2oty3ti43k19lcf4b8", "model": "sessions.session", "fields": {"expire_date": "2014-03-30T17:50:53.256Z", "session_data": "MDI5ZjNmMDYxNmU2NDgzN2NlN2MwYTA1Yzc0MzAyYjU4NzQxMjkyOTp7Il9hdXRoX3VzZXJfYmFja2VuZCI6ImRqYW5nby5jb250cmliLmF1dGguYmFja2VuZHMuTW9kZWxCYWNrZW5kIiwiX2F1dGhfdXNlcl9pZCI6OH0="}}, {"pk": 1, "model": "south.migrationhistory", "fields": {"applied": "2014-03-16T17:50:52.181Z", "app_name": "ed_news", "migration": "0001_initial"}}, {"pk": 2, "model": "south.migrationhistory", "fields": {"applied": "2014-03-16T17:50:52.219Z", "app_name": "ed_news", "migration": "0002_auto__add_field_textpost_url"}}, {"pk": 3, "model": "south.migrationhistory", "fields": {"applied": "2014-03-16T17:50:52.276Z", "app_name": "ed_news", "migration": "0003_auto__del_field_article_url__del_field_textpost_url__add_field_submiss"}}, {"pk": 1, "model": "auth.permission", "fields": {"codename": "add_logentry", "name": "Can add log entry", "content_type": 1}}, {"pk": 2, "model": "auth.permission", "fields": {"codename": "change_logentry", "name": "Can change log entry", "content_type": 1}}, {"pk": 3, "model": "auth.permission", "fields": {"codename": "delete_logentry", "name": "Can delete log entry", "content_type": 1}}, {"pk": 4, "model": "auth.permission", "fields": {"codename": "add_permission", "name": "Can add permission", "content_type": 2}}, {"pk": 5, "model": "auth.permission", "fields": {"codename": "change_permission", "name": "Can change permission", "content_type": 2}}, {"pk": 6, "model": "auth.permission", "fields": {"codename": "delete_permission", "name": "Can delete permission", "content_type": 2}}, {"pk": 7, "model": "auth.permission", "fields": {"codename": "add_group", "name": "Can add group", "content_type": 3}}, {"pk": 8, "model": "auth.permission", "fields": {"codename": "change_group", "name": "Can change group", "content_type": 3}}, {"pk": 9, "model": "auth.permission", "fields": {"codename": "delete_group", "name": "Can delete group", "content_type": 3}}, {"pk": 10, "model": "auth.permission", "fields": {"codename": "add_user", "name": "Can add user", "content_type": 4}}, {"pk": 11, "model": "auth.permission", "fields": {"codename": "change_user", "name": "Can change user", "content_type": 4}}, {"pk": 12, "model": "auth.permission", "fields": {"codename": "delete_user", "name": "Can delete user", "content_type": 4}}, {"pk": 13, "model": "auth.permission", "fields": {"codename": "add_contenttype", "name": "Can add content type", "content_type": 5}}, {"pk": 14, "model": "auth.permission", "fields": {"codename": "change_contenttype", "name": "Can change content type", "content_type": 5}}, {"pk": 15, "model": "auth.permission", "fields": {"codename": "delete_contenttype", "name": "Can delete content type", "content_type": 5}}, {"pk": 16, "model": "auth.permission", "fields": {"codename": "add_session", "name": "Can add session", "content_type": 6}}, {"pk": 17, "model": "auth.permission", "fields": {"codename": "change_session", "name": "Can change session", "content_type": 6}}, {"pk": 18, "model": "auth.permission", "fields": {"codename": "delete_session", "name": "Can delete session", "content_type": 6}}, {"pk": 19, "model": "auth.permission", "fields": {"codename": "add_migrationhistory", "name": "Can add migration history", "content_type": 7}}, {"pk": 20, "model": "auth.permission", "fields": {"codename": "change_migrationhistory", "name": "Can change migration history", "content_type": 7}}, {"pk": 21, "model": "auth.permission", "fields": {"codename": "delete_migrationhistory", "name": "Can delete migration history", "content_type": 7}}, {"pk": 22, "model": "auth.permission", "fields": {"codename": "add_submission", "name": "Can add submission", "content_type": 8}}, {"pk": 23, "model": "auth.permission", "fields": {"codename": "change_submission", "name": "Can change submission", "content_type": 8}}, {"pk": 24, "model": "auth.permission", "fields": {"codename": "delete_submission", "name": "Can delete submission", "content_type": 8}}, {"pk": 25, "model": "auth.permission", "fields": {"codename": "add_article", "name": "Can add article", "content_type": 9}}, {"pk": 26, "model": "auth.permission", "fields": {"codename": "change_article", "name": "Can change article", "content_type": 9}}, {"pk": 27, "model": "auth.permission", "fields": {"codename": "delete_article", "name": "Can delete article", "content_type": 9}}, {"pk": 28, "model": "auth.permission", "fields": {"codename": "add_textpost", "name": "Can add text post", "content_type": 10}}, {"pk": 29, "model": "auth.permission", "fields": {"codename": "change_textpost", "name": "Can change text post", "content_type": 10}}, {"pk": 30, "model": "auth.permission", "fields": {"codename": "delete_textpost", "name": "Can delete text post", "content_type": 10}}, {"pk": 31, "model": "auth.permission", "fields": {"codename": "add_userprofile", "name": "Can add user profile", "content_type": 11}}, {"pk": 32, "model": "auth.permission", "fields": {"codename": "change_userprofile", "name": "Can change user profile", "content_type": 11}}, {"pk": 33, "model": "auth.permission", "fields": {"codename": "delete_userprofile", "name": "Can delete user profile", "content_type": 11}}, {"pk": 34, "model": "auth.permission", "fields": {"codename": "add_comment", "name": "Can add comment", "content_type": 12}}, {"pk": 35, "model": "auth.permission", "fields": {"codename": "change_comment", "name": "Can change comment", "content_type": 12}}, {"pk": 36, "model": "auth.permission", "fields": {"codename": "delete_comment", "name": "Can delete comment", "content_type": 12}}, {"pk": 37, "model": "auth.permission", "fields": {"codename": "can_downvote_comment", "name": "Can downvote comments", "content_type": 12}}, {"pk": 38, "model": "auth.permission", "fields": {"codename": "can_flag_comment", "name": "Can flag comments", "content_type": 12}}, {"pk": 39, "model": "auth.permission", "fields": {"codename": "can_flag_submission", "name": "Can flag submissions", "content_type": 8}}, {"pk": 2, "model": "auth.group", "fields": {"name": "Active Members", "permissions": [37, 38, 39]}}, {"pk": 2, "model": "auth.user", "fields": {"username": "user_0", "first_name": "", "last_name": "", "is_active": true, "is_superuser": false, "is_staff": false, "last_login": "2014-03-16T17:50:52.835Z", "groups": [], "user_permissions": [], "password": "pbkdf2_sha256$12000$dJriyiqNOvfR$cNKbLI3LsqZJLCC5ea6riFQFoKSSyAFuCTbr4C6bXJs=", "email": "", "date_joined": "2014-03-16T17:50:52.448Z"}}, {"pk": 3, "model": "auth.user", "fields": {"username": "user_1", "first_name": "", "last_name": "", "is_active": true, "is_superuser": false, "is_staff": false, "last_login": "2014-03-16T17:50:52.915Z", "groups": [], "user_permissions": [], "password": "pbkdf2_sha256$12000$iRquRMHtKXNJ$UsBC5eC682Mkz3UaQ8TNYixyAd+m+ol0cfDliDbqlgg=", "email": "", "date_joined": "2014-03-16T17:50:52.506Z"}}, {"pk": 4, "model": "auth.user", "fields": {"username": "user_2", "first_name": "", "last_name": "", "is_active": true, "is_superuser": false, "is_staff": false, "last_login": "2014-03-16T17:50:52.983Z", "groups": [], "user_permissions": [], "password": "pbkdf2_sha256$12000$I0NmWj5IDZJA$PJemHW+uxGZYEpbCzSGBj8dJd2A3Di8E3QTZYVZdYj4=", "email": "", "date_joined": "2014-03-16T17:50:52.554Z"}}, {"pk": 5, "model": "auth.user", "fields": {"username": "user_3", "first_name": "", "last_name": "", "is_active": true, "is_superuser": false, "is_staff": false, "last_login": "2014-03-16T17:50:53.054Z", "groups": [], "user_permissions": [], "password": "pbkdf2_sha256$12000$sPNuHUHBJ1GW$2EZT5CujjZ2n0bATyxlg0TWZTeijmbkKprrDHnkay08=", "email": "", "date_joined": "2014-03-16T17:50:52.597Z"}}, {"pk": 6, "model": "auth.user", "fields": {"username": "user_4", "first_name": "", "last_name": "", "is_active": true, "is_superuser": false, "is_staff": false, "last_login": "2014-03-16T17:50:53.125Z", "groups": [], "user_permissions": [], "password": "pbkdf2_sha256$12000$F0T7grCz4CbX$2tUGal1f+xWwVP1BLtJ64cYCyk9kIscd1dB9tKx6tsI=", "email": "", "date_joined": "2014-03-16T17:50:52.644Z"}}, {"pk": 7, "model": "auth.user", "fields": {"username": "user_5", "first_name": "", "last_name": "", "is_active": true, "is_superuser": false, "is_staff": false, "last_login": "2014-03-16T17:50:53.186Z", "groups": [], "user_permissions": [], "password": "pbkdf2_sha256$12000$SXmh2qBifRPo$vbNns02Ol+yxEfvUte94oRmEQ3PLX3KwDYHBb9v7ghw=", "email": "", "date_joined": "2014-03-16T17:50:52.690Z"}}, {"pk": 8, "model": "auth.user", "fields": {"username": "user_6", "first_name": "", "last_name": "", "is_active": true, "is_superuser": false, "is_staff": false, "last_login": "2014-03-16T17:50:53.255Z", "groups": [], "user_permissions": [], "password": "pbkdf2_sha256$12000$5EyFBrJQkT2b$tCMCOTljzF/odBVR8R8xKz9QZzc04Rfsi+F65YVsFOo=", "email": "", "date_joined": "2014-03-16T17:50:52.735Z"}}, {"pk": 1, "model": "ed_news.submission", "fields": {"ranking_points": 168, "title": "I googled my username: user_0-0", "url": "http://google.com/#q=user_0-0", "visible": true, "flags": [], "submission_time": "2014-03-16T13:33:39.843Z", "submitter": 2, "upvotes": [2, 4]}}, {"pk": 2, "model": "ed_news.submission", "fields": {"ranking_points": 45, "title": "I googled my username: user_0-1", "url": "http://google.com/#q=user_0-1", "visible": true, "flags": [], "submission_time": "2014-03-15T19:29:59.849Z", "submitter": 2, "upvotes": [4]}}, {"pk": 3, "model": "ed_news.submission", "fields": {"ranking_points": 131, "title": "I googled my username: user_0-2", "url": "http://google.com/#q=user_0-2", "visible": true, "flags": [], "submission_time": "2014-03-16T12:59:05.857Z", "submitter": 2, "upvotes": [5]}}, {"pk": 4, "model": "ed_news.submission", "fields": {"ranking_points": 101, "title": "I googled my username: user_1-0", "url": "http://google.com/#q=user_1-0", "visible": true, "flags": [], "submission_time": "2014-03-16T11:39:47.919Z", "submitter": 3, "upvotes": []}}, {"pk": 5, "model": "ed_news.submission", "fields": {"ranking_points": 86, "title": "I googled my username: user_1-1", "url": "http://google.com/#q=user_1-1", "visible": true, "flags": [], "submission_time": "2014-03-16T05:58:04.924Z", "submitter": 3, "upvotes": [3, 7]}}, {"pk": 6, "model": "ed_news.submission", "fields": {"ranking_points": 179, "title": "I googled my username: user_1-2", "url": "http://google.com/#q=user_1-2", "visible": true, "flags": [], "submission_time": "2014-03-16T16:53:41.929Z", "submitter": 3, "upvotes": [3]}}, {"pk": 7, "model": "ed_news.submission", "fields": {"ranking_points": 51, "title": "I googled my username: user_2-0", "url": "http://google.com/#q=user_2-0", "visible": true, "flags": [], "submission_time": "2014-03-15T20:31:28.990Z", "submitter": 4, "upvotes": []}}, {"pk": 8, "model": "ed_news.submission", "fields": {"ranking_points": 56, "title": "I googled my username: user_2-1", "url": "http://google.com/#q=user_2-1", "visible": true, "flags": [], "submission_time": "2014-03-15T20:57:06.997Z", "submitter": 4, "upvotes": [7]}}, {"pk": 9, "model": "ed_news.submission", "fields": {"ranking_points": 93, "title": "I googled my username: user_2-2", "url": "http://google.com/#q=user_2-2", "visible": true, "flags": [], "submission_time": "2014-03-16T09:04:41.000Z", "submitter": 4, "upvotes": []}}, {"pk": 10, "model": "ed_news.submission", "fields": {"ranking_points": 214, "title": "I googled my username: user_3-0", "url": "http://google.com/#q=user_3-0", "visible": true, "flags": [], "submission_time": "2014-03-16T17:19:06.059Z", "submitter": 5, "upvotes": [2, 6]}}, {"pk": 11, "model": "ed_news.submission", "fields": {"ranking_points": 69, "title": "I googled my username: user_3-1", "url": "http://google.com/#q=user_3-1", "visible": true, "flags": [], "submission_time": "2014-03-16T02:15:55.064Z", "submitter": 5, "upvotes": [6, 8]}}, {"pk": 12, "model": "ed_news.submission", "fields": {"ranking_points": 55, "title": "I googled my username: user_3-2", "url": "http://google.com/#q=user_3-2", "visible": true, "flags": [], "submission_time": "2014-03-16T06:56:29.069Z", "submitter": 5, "upvotes": [6]}}, {"pk": 13, "model": "ed_news.submission", "fields": {"ranking_points": 58, "title": "I googled my username: user_4-0", "url": "http://google.com/#q=user_4-0", "visible": true, "flags": [], "submission_time": "2014-03-15T22:58:43.130Z", "submitter": 6, "upvotes": []}}, {"pk": 14, "model": "ed_news.submission", "fields": {"ranking_points": 79, "title": "I googled my username: user_4-1", "url": "http://google.com/#q=user_4-1", "visible": true, "flags": [], "submission_time": "2014-03-16T05:47:38.134Z", "submitter": 6, "upvotes": [5]}}, {"pk": 15, "model": "ed_news.submission", "fields": {"ranking_points": 76, "title": "I googled my username: user_4-2", "url": "http://google.com/#q=user_4-2", "visible": true, "flags": [], "submission_time": "2014-03-15T21:01:17.138Z", "submitter": 6, "upvotes": [2, 7]}}, {"pk": 16, "model": "ed_news.submission", "fields": {"ranking_points": 78, "title": "I googled my username: user_5-0", "url": "http://google.com/#q=user_5-0", "visible": true, "flags": [], "submission_time": "2014-03-16T07:26:59.191Z", "submitter": 7, "upvotes": []}}, {"pk": 17, "model": "ed_news.submission", "fields": {"ranking_points": 68, "title": "I googled my username: user_5-1", "url": "http://google.com/#q=user_5-1", "visible": true, "flags": [], "submission_time": "2014-03-16T06:34:26.196Z", "submitter": 7, "upvotes": []}}, {"pk": 18, "model": "ed_news.submission", "fields": {"ranking_points": 126, "title": "I googled my username: user_5-2", "url": "http://google.com/#q=user_5-2", "visible": true, "flags": [], "submission_time": "2014-03-16T14:40:05.202Z", "submitter": 7, "upvotes": [8]}}, {"pk": 19, "model": "ed_news.submission", "fields": {"ranking_points": 132, "title": "I googled my username: user_6-0", "url": "http://google.com/#q=user_6-0", "visible": true, "flags": [], "submission_time": "2014-03-16T12:07:47.262Z", "submitter": 8, "upvotes": [5, 8]}}, {"pk": 20, "model": "ed_news.submission", "fields": {"ranking_points": 69, "title": "I googled my username: user_6-1", "url": "http://google.com/#q=user_6-1", "visible": true, "flags": [], "submission_time": "2014-03-15T23:43:26.269Z", "submitter": 8, "upvotes": [4]}}, {"pk": 21, "model": "ed_news.submission", "fields": {"ranking_points": 63, "title": "I googled my username: user_6-2", "url": "http://google.com/#q=user_6-2", "visible": true, "flags": [], "submission_time": "2014-03-15T23:04:22.276Z", "submitter": 8, "upvotes": [3]}}, {"pk": 1, "model": "ed_news.article", "fields": {"upvotes": [2, 4], "flags": []}}, {"pk": 2, "model": "ed_news.article", "fields": {"upvotes": [4], "flags": []}}, {"pk": 3, "model": "ed_news.article", "fields": {"upvotes": [5], "flags": []}}, {"pk": 4, "model": "ed_news.article", "fields": {"upvotes": [], "flags": []}}, {"pk": 5, "model": "ed_news.article", "fields": {"upvotes": [3, 7], "flags": []}}, {"pk": 6, "model": "ed_news.article", "fields": {"upvotes": [3], "flags": []}}, {"pk": 7, "model": "ed_news.article", "fields": {"upvotes": [], "flags": []}}, {"pk": 8, "model": "ed_news.article", "fields": {"upvotes": [7], "flags": []}}, {"pk": 9, "model": "ed_news.article", "fields": {"upvotes": [], "flags": []}}, {"pk": 10, "model": "ed_news.article", "fields": {"upvotes": [2, 6], "flags": []}}, {"pk": 11, "model": "ed_news.article", "fields": {"upvotes": [6, 8], "flags": []}}, {"pk": 12, "model": "ed_news.article", "fields": {"upvotes": [6], "flags": []}}, {"pk": 13, "model": "ed_news.article", "fields": {"upvotes": [], "flags": []}}, {"pk": 14, "model": "ed_news.article", "fields": {"upvotes": [5], "flags": []}}, {"pk": 15, "model": "ed_news.article", "fields": {"upvotes": [2, 7], "flags": []}}, {"pk": 16, "model": "ed_news.article", "fields": {"upvotes": [], "flags": []}}, {"pk": 17, "model": "ed_news.article", "fields": {"upvotes": [], "flags": []}}, {"pk": 18, "model": "ed_news.article", "fields": {"upvotes": [8], "flags": []}}, {"pk": 19, "model": "ed_news.article", "fields": {"upvotes": [5, 8], "flags": []}}, {"pk": 20, "model": "ed_news.article", "fields": {"upvotes": [4], "flags": []}}, {"pk": 21, "model": "ed_news.article", "fields": {"upvotes": [3], "flags": []}}, {"pk": 2, "model": "ed_news.userprofile", "fields": {"email_public": false, "user": 2, "show_invisible": false, "karma": 3}}, {"pk": 3, "model": "ed_news.userprofile", "fields": {"email_public": false, "user": 3, "show_invisible": false, "karma": 1}}, {"pk": 4, "model": "ed_news.userprofile", "fields": {"email_public": false, "user": 4, "show_invisible": false, "karma": 1}}, {"pk": 5, "model": "ed_news.userprofile", "fields": {"email_public": false, "user": 5, "show_invisible": false, "karma": 4}}, {"pk": 6, "model": "ed_news.userprofile", "fields": {"email_public": false, "user": 6, "show_invisible": false, "karma": 2}}, {"pk": 7, "model": "ed_news.userprofile", "fields": {"email_public": false, "user": 7, "show_invisible": false, "karma": 1}}, {"pk": 8, "model": "ed_news.userprofile", "fields": {"email_public": false, "user": 8, "show_invisible": false, "karma": 3}}, {"pk": 1, "model": "ed_news.comment", "fields": {"ranking_points": 0, "comment_text": "I just don't think you'll ever make a magnetic monopole.", "author": 5, "parent_submission": 1, "parent_comment": null, "visible": true, "flags": [], "submission_time": "2014-03-16T17:50:53.282Z", "upvotes": [], "downvotes": []}}, {"pk": 2, "model": "ed_news.comment", "fields": {"ranking_points": 0, "comment_text": "I just don't think you'll ever make a magnetic monopole.", "author": 5, "parent_submission": 1, "parent_comment": null, "visible": true, "flags": [], "submission_time": "2014-03-16T17:50:53.284Z", "upvotes": [], "downvotes": []}}, {"pk": 3, "model": "ed_news.comment", "fields": {"ranking_points": 0, "comment_text": "I just don't think you'll ever make a magnetic monopole.", "author": 2, "parent_submission": 1, "parent_comment": null, "visible": true, "flags": [], "submission_time": "2014-03-16T17:50:53.285Z", "upvotes": [], "downvotes": []}}, {"pk": 4, "model": "ed_news.comment", "fields": {"ranking_points": 0, "comment_text": "I just don't think you'll ever make a magnetic monopole.", "author": 7, "parent_submission": 1, "parent_comment": null, "visible": true, "flags": [], "submission_time": "2014-03-16T17:50:53.286Z", "upvotes": [], "downvotes": []}}, {"pk": 5, "model": "ed_news.comment", "fields": {"ranking_points": 0, "comment_text": "I just don't think you'll ever make a magnetic monopole.", "author": 6, "parent_submission": 1, "parent_comment": null, "visible": true, "flags": [], "submission_time": "2014-03-16T17:50:53.287Z", "upvotes": [], "downvotes": []}}, {"pk": 6, "model": "ed_news.comment", "fields": {"ranking_points": 0, "comment_text": "I just don't think you'll ever make a magnetic monopole.", "author": 8, "parent_submission": 2, "parent_comment": null, "visible": true, "flags": [], "submission_time": "2014-03-16T17:50:53.289Z", "upvotes": [], "downvotes": []}}, {"pk": 7, "model": "ed_news.comment", "fields": {"ranking_points": 0, "comment_text": "I just don't think you'll ever make a magnetic monopole.", "author": 8, "parent_submission": 2, "parent_comment": null, "visible": true, "flags": [], "submission_time": "2014-03-16T17:50:53.290Z", "upvotes": [], "downvotes": []}}, {"pk": 8, "model": "ed_news.comment", "fields": {"ranking_points": 0, "comment_text": "I just don't think you'll ever make a magnetic monopole.", "author": 5, "parent_submission": 2, "parent_comment": null, "visible": true, "flags": [], "submission_time": "2014-03-16T17:50:53.291Z", "upvotes": [], "downvotes": []}}, {"pk": 9, "model": "ed_news.comment", "fields": {"ranking_points": 0, "comment_text": "I just don't think you'll ever make a magnetic monopole.", "author": 3, "parent_submission": 2, "parent_comment": null, "visible": true, "flags": [], "submission_time": "2014-03-16T17:50:53.292Z", "upvotes": [], "downvotes": []}}, {"pk": 10, "model": "ed_news.comment", "fields": {"ranking_points": 0, "comment_text": "I just don't think you'll ever make a magnetic monopole.", "author": 2, "parent_submission": 2, "parent_comment": null, "visible": true, "flags": [], "submission_time": "2014-03-16T17:50:53.294Z", "upvotes": [], "downvotes": []}}, {"pk": 11, "model": "ed_news.comment", "fields": {"ranking_points": 0, "comment_text": "I just don't think you'll ever make a magnetic monopole.", "author": 2, "parent_submission": 3, "parent_comment": null, "visible": true, "flags": [], "submission_time": "2014-03-16T17:50:53.295Z", "upvotes": [], "downvotes": []}}, {"pk": 12, "model": "ed_news.comment", "fields": {"ranking_points": 0, "comment_text": "I just don't think you'll ever make a magnetic monopole.", "author": 2, "parent_submission": 3, "parent_comment": null, "visible": true, "flags": [], "submission_time": "2014-03-16T17:50:53.296Z", "upvotes": [], "downvotes": []}}, {"pk": 13, "model": "ed_news.comment", "fields": {"ranking_points": 0, "comment_text": "I just don't think you'll ever make a magnetic monopole.", "author": 2, "parent_submission": 3, "parent_comment": null, "visible": true, "flags": [], "submission_time": "2014-03-16T17:50:53.296Z", "upvotes": [], "downvotes": []}}, {"pk": 14, "model": "ed_news.comment", "fields": {"ranking_points": 0, "comment_text": "I just don't think you'll ever make a magnetic monopole.", "author": 2, "parent_submission": 3, "parent_comment": null, "visible": true, "flags": [], "submission_time": "2014-03-16T17:50:53.297Z", "upvotes": [], "downvotes": []}}, {"pk": 15, "model": "ed_news.comment", "fields": {"ranking_points": 0, "comment_text": "I just don't think you'll ever make a magnetic monopole.", "author": 8, "parent_submission": 3, "parent_comment": null, "visible": true, "flags": [], "submission_time": "2014-03-16T17:50:53.297Z", "upvotes": [], "downvotes": []}}, {"pk": 16, "model": "ed_news.comment", "fields": {"ranking_points": 0, "comment_text": "I just don't think you'll ever make a magnetic monopole.", "author": 5, "parent_submission": 4, "parent_comment": null, "visible": true, "flags": [], "submission_time": "2014-03-16T17:50:53.298Z", "upvotes": [], "downvotes": []}}, {"pk": 17, "model": "ed_news.comment", "fields": {"ranking_points": 0, "comment_text": "I just don't think you'll ever make a magnetic monopole.", "author": 3, "parent_submission": 4, "parent_comment": null, "visible": true, "flags": [], "submission_time": "2014-03-16T17:50:53.298Z", "upvotes": [], "downvotes": []}}, {"pk": 18, "model": "ed_news.comment", "fields": {"ranking_points": 0, "comment_text": "I just don't think you'll ever make a magnetic monopole.", "author": 8, "parent_submission": 4, "parent_comment": null, "visible": true, "flags": [], "submission_time": "2014-03-16T17:50:53.299Z", "upvotes": [], "downvotes": []}}, {"pk": 19, "model": "ed_news.comment", "fields": {"ranking_points": 0, "comment_text": "I just don't think you'll ever make a magnetic monopole.", "author": 2, "parent_submission": 4, "parent_comment": null, "visible": true, "flags": [], "submission_time": "2014-03-16T17:50:53.300Z", "upvotes": [], "downvotes": []}}, {"pk": 20, "model": "ed_news.comment", "fields": {"ranking_points": 0, "comment_text": "I just don't think you'll ever make a magnetic monopole.", "author": 2, "parent_submission": 4, "parent_comment": null, "visible": true, "flags": [], "submission_time": "2014-03-16T17:50:53.301Z", "upvotes": [], "downvotes": []}}, {"pk": 21, "model": "ed_news.comment", "fields": {"ranking_points": 0, "comment_text": "I just don't think you'll ever make a magnetic monopole.", "author": 2, "parent_submission": 5, "parent_comment": null, "visible": true, "flags": [], "submission_time": "2014-03-16T17:50:53.301Z", "upvotes": [], "downvotes": []}}, {"pk": 22, "model": "ed_news.comment", "fields": {"ranking_points": 0, "comment_text": "I just don't think you'll ever make a magnetic monopole.", "author": 6, "parent_submission": 5, "parent_comment": null, "visible": true, "flags": [], "submission_time": "2014-03-16T17:50:53.303Z", "upvotes": [], "downvotes": []}}, {"pk": 23, "model": "ed_news.comment", "fields": {"ranking_points": 0, "comment_text": "I just don't think you'll ever make a magnetic monopole.", "author": 3, "parent_submission": 5, "parent_comment": null, "visible": true, "flags": [], "submission_time": "2014-03-16T17:50:53.304Z", "upvotes": [], "downvotes": []}}, {"pk": 24, "model": "ed_news.comment", "fields": {"ranking_points": 0, "comment_text": "I just don't think you'll ever make a magnetic monopole.", "author": 3, "parent_submission": 5, "parent_comment": null, "visible": true, "flags": [], "submission_time": "2014-03-16T17:50:53.305Z", "upvotes": [], "downvotes": []}}, {"pk": 25, "model": "ed_news.comment", "fields": {"ranking_points": 0, "comment_text": "I just don't think you'll ever make a magnetic monopole.", "author": 3, "parent_submission": 5, "parent_comment": null, "visible": true, "flags": [], "submission_time": "2014-03-16T17:50:53.306Z", "upvotes": [], "downvotes": []}}, {"pk": 26, "model": "ed_news.comment", "fields": {"ranking_points": 0, "comment_text": "I just don't think you'll ever make a magnetic monopole.", "author": 8, "parent_submission": 6, "parent_comment": null, "visible": true, "flags": [], "submission_time": "2014-03-16T17:50:53.307Z", "upvotes": [], "downvotes": []}}, {"pk": 27, "model": "ed_news.comment", "fields": {"ranking_points": 0, "comment_text": "I just don't think you'll ever make a magnetic monopole.", "author": 8, "parent_submission": 6, "parent_comment": null, "visible": true, "flags": [], "submission_time": "2014-03-16T17:50:53.307Z", "upvotes": [], "downvotes": []}}, {"pk": 28, "model": "ed_news.comment", "fields": {"ranking_points": 0, "comment_text": "I just don't think you'll ever make a magnetic monopole.", "author": 6, "parent_submission": 6, "parent_comment": null, "visible": true, "flags": [], "submission_time": "2014-03-16T17:50:53.308Z", "upvotes": [], "downvotes": []}}, {"pk": 29, "model": "ed_news.comment", "fields": {"ranking_points": 0, "comment_text": "I just don't think you'll ever make a magnetic monopole.", "author": 8, "parent_submission": 6, "parent_comment": null, "visible": true, "flags": [], "submission_time": "2014-03-16T17:50:53.308Z", "upvotes": [], "downvotes": []}}, {"pk": 30, "model": "ed_news.comment", "fields": {"ranking_points": 0, "comment_text": "I just don't think you'll ever make a magnetic monopole.", "author": 5, "parent_submission": 6, "parent_comment": null, "visible": true, "flags": [], "submission_time": "2014-03-16T17:50:53.309Z", "upvotes": [], "downvotes": []}}, {"pk": 31, "model": "ed_news.comment", "fields": {"ranking_points": 0, "comment_text": "I just don't think you'll ever make a magnetic monopole.", "author": 4, "parent_submission": 7, "parent_comment": null, "visible": true, "flags": [], "submission_time": "2014-03-16T17:50:53.309Z", "upvotes": [], "downvotes": []}}, {"pk": 32, "model": "ed_news.comment", "fields": {"ranking_points": 0, "comment_text": "I just don't think you'll ever make a magnetic monopole.", "author": 3, "parent_submission": 7, "parent_comment": null, "visible": true, "flags": [], "submission_time": "2014-03-16T17:50:53.309Z", "upvotes": [], "downvotes": []}}, {"pk": 33, "model": "ed_news.comment", "fields": {"ranking_points": 0, "comment_text": "I just don't think you'll ever make a magnetic monopole.", "author": 3, "parent_submission": 7, "parent_comment": null, "visible": true, "flags": [], "submission_time": "2014-03-16T17:50:53.310Z", "upvotes": [], "downvotes": []}}, {"pk": 34, "model": "ed_news.comment", "fields": {"ranking_points": 0, "comment_text": "I just don't think you'll ever make a magnetic monopole.", "author": 2, "parent_submission": 7, "parent_comment": null, "visible": true, "flags": [], "submission_time": "2014-03-16T17:50:53.310Z", "upvotes": [], "downvotes": []}}, {"pk": 35, "model": "ed_news.comment", "fields": {"ranking_points": 0, "comment_text": "I just don't think you'll ever make a magnetic monopole.", "author": 3, "parent_submission": 7, "parent_comment": null, "visible": true, "flags": [], "submission_time": "2014-03-16T17:50:53.311Z", "upvotes": [], "downvotes": []}}, {"pk": 36, "model": "ed_news.comment", "fields": {"ranking_points": 0, "comment_text": "I just don't think you'll ever make a magnetic monopole.", "author": 2, "parent_submission": 8, "parent_comment": null, "visible": true, "flags": [], "submission_time": "2014-03-16T17:50:53.311Z", "upvotes": [], "downvotes": []}}, {"pk": 37, "model": "ed_news.comment", "fields": {"ranking_points": 0, "comment_text": "I just don't think you'll ever make a magnetic monopole.", "author": 2, "parent_submission": 8, "parent_comment": null, "visible": true, "flags": [], "submission_time": "2014-03-16T17:50:53.311Z", "upvotes": [], "downvotes": []}}, {"pk": 38, "model": "ed_news.comment", "fields": {"ranking_points": 0, "comment_text": "I just don't think you'll ever make a magnetic monopole.", "author": 8, "parent_submission": 8, "parent_comment": null, "visible": true, "flags": [], "submission_time": "2014-03-16T17:50:53.312Z", "upvotes": [], "downvotes": []}}, {"pk": 39, "model": "ed_news.comment", "fields": {"ranking_points": 0, "comment_text": "I just don't think you'll ever make a magnetic monopole.", "author": 8, "parent_submission": 8, "parent_comment": null, "visible": true, "flags": [], "submission_time": "2014-03-16T17:50:53.312Z", "upvotes": [], "downvotes": []}}, {"pk": 40, "model": "ed_news.comment", "fields": {"ranking_points": 0, "comment_text": "I just don't think you'll ever make a magnetic monopole.", "author": 5, "parent_submission": 8, "parent_comment": null, "visible": true, "flags": [], "submission_time": "2014-03-16T17:50:53.313Z", "upvotes": [], "downvotes": []}}, {"pk": 41, "model": "ed_news.comment", "fields": {"ranking_points": 0, "comment_text": "I just don't think you'll ever make a magnetic monopole.", "author": 5, "parent_submission": 9, "parent_comment": null, "visible": true, "flags": [], "submission_time": "2014-03-16T17:50:53.313Z", "upvotes": [], "downvotes": []}}, {"pk": 42, "model": "ed_news.comment", "fields": {"ranking_points": 0, "comment_text": "I just don't think you'll ever make a magnetic monopole.", "author": 2, "parent_submission": 9, "parent_comment": null, "visible": true, "flags": [], "submission_time": "2014-03-16T17:50:53.313Z", "upvotes": [], "downvotes": []}}, {"pk": 43, "model": "ed_news.comment", "fields": {"ranking_points": 0, "comment_text": "I just don't think you'll ever make a magnetic monopole.", "author": 8, "parent_submission": 9, "parent_comment": null, "visible": true, "flags": [], "submission_time": "2014-03-16T17:50:53.314Z", "upvotes": [], "downvotes": []}}, {"pk": 44, "model": "ed_news.comment", "fields": {"ranking_points": 0, "comment_text": "I just don't think you'll ever make a magnetic monopole.", "author": 7, "parent_submission": 9, "parent_comment": null, "visible": true, "flags": [], "submission_time": "2014-03-16T17:50:53.314Z", "upvotes": [], "downvotes": []}}, {"pk": 45, "model": "ed_news.comment", "fields": {"ranking_points": 0, "comment_text": "I just don't think you'll ever make a magnetic monopole.", "author": 4, "parent_submission": 9, "parent_comment": null, "visible": true, "flags": [], "submission_time": "2014-03-16T17:50:53.315Z", "upvotes": [], "downvotes": []}}, {"pk": 46, "model": "ed_news.comment", "fields": {"ranking_points": 0, "comment_text": "I just don't think you'll ever make a magnetic monopole.", "author": 4, "parent_submission": 10, "parent_comment": null, "visible": true, "flags": [], "submission_time": "2014-03-16T17:50:53.315Z", "upvotes": [], "downvotes": []}}, {"pk": 47, "model": "ed_news.comment", "fields": {"ranking_points": 0, "comment_text": "I just don't think you'll ever make a magnetic monopole.", "author": 8, "parent_submission": 10, "parent_comment": null, "visible": true, "flags": [], "submission_time": "2014-03-16T17:50:53.315Z", "upvotes": [], "downvotes": []}}, {"pk": 48, "model": "ed_news.comment", "fields": {"ranking_points": 0, "comment_text": "I just don't think you'll ever make a magnetic monopole.", "author": 6, "parent_submission": 10, "parent_comment": null, "visible": true, "flags": [], "submission_time": "2014-03-16T17:50:53.316Z", "upvotes": [], "downvotes": []}}, {"pk": 49, "model": "ed_news.comment", "fields": {"ranking_points": 0, "comment_text": "I just don't think you'll ever make a magnetic monopole.", "author": 7, "parent_submission": 10, "parent_comment": null, "visible": true, "flags": [], "submission_time": "2014-03-16T17:50:53.316Z", "upvotes": [], "downvotes": []}}, {"pk": 50, "model": "ed_news.comment", "fields": {"ranking_points": 0, "comment_text": "I just don't think you'll ever make a magnetic monopole.", "author": 7, "parent_submission": 10, "parent_comment": null, "visible": true, "flags": [], "submission_time": "2014-03-16T17:50:53.317Z", "upvotes": [], "downvotes": []}}, {"pk": 51, "model": "ed_news.comment", "fields": {"ranking_points": 0, "comment_text": "I just don't think you'll ever make a magnetic monopole.", "author": 8, "parent_submission": 11, "parent_comment": null, "visible": true, "flags": [], "submission_time": "2014-03-16T17:50:53.317Z", "upvotes": [], "downvotes": []}}, {"pk": 52, "model": "ed_news.comment", "fields": {"ranking_points": 0, "comment_text": "I just don't think you'll ever make a magnetic monopole.", "author": 4, "parent_submission": 11, "parent_comment": null, "visible": true, "flags": [], "submission_time": "2014-03-16T17:50:53.318Z", "upvotes": [], "downvotes": []}}, {"pk": 53, "model": "ed_news.comment", "fields": {"ranking_points": 0, "comment_text": "I just don't think you'll ever make a magnetic monopole.", "author": 2, "parent_submission": 11, "parent_comment": null, "visible": true, "flags": [], "submission_time": "2014-03-16T17:50:53.318Z", "upvotes": [], "downvotes": []}}, {"pk": 54, "model": "ed_news.comment", "fields": {"ranking_points": 0, "comment_text": "I just don't think you'll ever make a magnetic monopole.", "author": 6, "parent_submission": 11, "parent_comment": null, "visible": true, "flags": [], "submission_time": "2014-03-16T17:50:53.318Z", "upvotes": [], "downvotes": []}}, {"pk": 55, "model": "ed_news.comment", "fields": {"ranking_points": 0, "comment_text": "I just don't think you'll ever make a magnetic monopole.", "author": 4, "parent_submission": 11, "parent_comment": null, "visible": true, "flags": [], "submission_time": "2014-03-16T17:50:53.319Z", "upvotes": [], "downvotes": []}}, {"pk": 56, "model": "ed_news.comment", "fields": {"ranking_points": 0, "comment_text": "I just don't think you'll ever make a magnetic monopole.", "author": 6, "parent_submission": 12, "parent_comment": null, "visible": true, "flags": [], "submission_time": "2014-03-16T17:50:53.320Z", "upvotes": [], "downvotes": []}}, {"pk": 57, "model": "ed_news.comment", "fields": {"ranking_points": 0, "comment_text": "I just don't think you'll ever make a magnetic monopole.", "author": 7, "parent_submission": 12, "parent_comment": null, "visible": true, "flags": [], "submission_time": "2014-03-16T17:50:53.320Z", "upvotes": [], "downvotes": []}}, {"pk": 58, "model": "ed_news.comment", "fields": {"ranking_points": 0, "comment_text": "I just don't think you'll ever make a magnetic monopole.", "author": 7, "parent_submission": 12, "parent_comment": null, "visible": true, "flags": [], "submission_time": "2014-03-16T17:50:53.321Z", "upvotes": [], "downvotes": []}}, {"pk": 59, "model": "ed_news.comment", "fields": {"ranking_points": 0, "comment_text": "I just don't think you'll ever make a magnetic monopole.", "author": 8, "parent_submission": 12, "parent_comment": null, "visible": true, "flags": [], "submission_time": "2014-03-16T17:50:53.321Z", "upvotes": [], "downvotes": []}}, {"pk": 60, "model": "ed_news.comment", "fields": {"ranking_points": 0, "comment_text": "I just don't think you'll ever make a magnetic monopole.", "author": 6, "parent_submission": 12, "parent_comment": null, "visible": true, "flags": [], "submission_time": "2014-03-16T17:50:53.322Z", "upvotes": [], "downvotes": []}}, {"pk": 61, "model": "ed_news.comment", "fields": {"ranking_points": 0, "comment_text": "I just don't think you'll ever make a magnetic monopole.", "author": 4, "parent_submission": 13, "parent_comment": null, "visible": true, "flags": [], "submission_time": "2014-03-16T17:50:53.322Z", "upvotes": [], "downvotes": []}}, {"pk": 62, "model": "ed_news.comment", "fields": {"ranking_points": 0, "comment_text": "I just don't think you'll ever make a magnetic monopole.", "author": 2, "parent_submission": 13, "parent_comment": null, "visible": true, "flags": [], "submission_time": "2014-03-16T17:50:53.323Z", "upvotes": [], "downvotes": []}}, {"pk": 63, "model": "ed_news.comment", "fields": {"ranking_points": 0, "comment_text": "I just don't think you'll ever make a magnetic monopole.", "author": 6, "parent_submission": 13, "parent_comment": null, "visible": true, "flags": [], "submission_time": "2014-03-16T17:50:53.324Z", "upvotes": [], "downvotes": []}}, {"pk": 64, "model": "ed_news.comment", "fields": {"ranking_points": 0, "comment_text": "I just don't think you'll ever make a magnetic monopole.", "author": 4, "parent_submission": 13, "parent_comment": null, "visible": true, "flags": [], "submission_time": "2014-03-16T17:50:53.324Z", "upvotes": [], "downvotes": []}}, {"pk": 65, "model": "ed_news.comment", "fields": {"ranking_points": 0, "comment_text": "I just don't think you'll ever make a magnetic monopole.", "author": 5, "parent_submission": 13, "parent_comment": null, "visible": true, "flags": [], "submission_time": "2014-03-16T17:50:53.325Z", "upvotes": [], "downvotes": []}}, {"pk": 66, "model": "ed_news.comment", "fields": {"ranking_points": 0, "comment_text": "I just don't think you'll ever make a magnetic monopole.", "author": 8, "parent_submission": 14, "parent_comment": null, "visible": true, "flags": [], "submission_time": "2014-03-16T17:50:53.326Z", "upvotes": [], "downvotes": []}}, {"pk": 67, "model": "ed_news.comment", "fields": {"ranking_points": 0, "comment_text": "I just don't think you'll ever make a magnetic monopole.", "author": 4, "parent_submission": 14, "parent_comment": null, "visible": true, "flags": [], "submission_time": "2014-03-16T17:50:53.326Z", "upvotes": [], "downvotes": []}}, {"pk": 68, "model": "ed_news.comment", "fields": {"ranking_points": 0, "comment_text": "I just don't think you'll ever make a magnetic monopole.", "author": 8, "parent_submission": 14, "parent_comment": null, "visible": true, "flags": [], "submission_time": "2014-03-16T17:50:53.327Z", "upvotes": [], "downvotes": []}}, {"pk": 69, "model": "ed_news.comment", "fields": {"ranking_points": 0, "comment_text": "I just don't think you'll ever make a magnetic monopole.", "author": 2, "parent_submission": 14, "parent_comment": null, "visible": true, "flags": [], "submission_time": "2014-03-16T17:50:53.328Z", "upvotes": [], "downvotes": []}}, {"pk": 70, "model": "ed_news.comment", "fields": {"ranking_points": 0, "comment_text": "I just don't think you'll ever make a magnetic monopole.", "author": 2, "parent_submission": 14, "parent_comment": null, "visible": true, "flags": [], "submission_time": "2014-03-16T17:50:53.329Z", "upvotes": [], "downvotes": []}}, {"pk": 71, "model": "ed_news.comment", "fields": {"ranking_points": 0, "comment_text": "I just don't think you'll ever make a magnetic monopole.", "author": 8, "parent_submission": 15, "parent_comment": null, "visible": true, "flags": [], "submission_time": "2014-03-16T17:50:53.330Z", "upvotes": [], "downvotes": []}}, {"pk": 72, "model": "ed_news.comment", "fields": {"ranking_points": 0, "comment_text": "I just don't think you'll ever make a magnetic monopole.", "author": 4, "parent_submission": 15, "parent_comment": null, "visible": true, "flags": [], "submission_time": "2014-03-16T17:50:53.330Z", "upvotes": [], "downvotes": []}}, {"pk": 73, "model": "ed_news.comment", "fields": {"ranking_points": 0, "comment_text": "I just don't think you'll ever make a magnetic monopole.", "author": 8, "parent_submission": 15, "parent_comment": null, "visible": true, "flags": [], "submission_time": "2014-03-16T17:50:53.331Z", "upvotes": [], "downvotes": []}}, {"pk": 74, "model": "ed_news.comment", "fields": {"ranking_points": 0, "comment_text": "I just don't think you'll ever make a magnetic monopole.", "author": 4, "parent_submission": 15, "parent_comment": null, "visible": true, "flags": [], "submission_time": "2014-03-16T17:50:53.332Z", "upvotes": [], "downvotes": []}}, {"pk": 75, "model": "ed_news.comment", "fields": {"ranking_points": 0, "comment_text": "I just don't think you'll ever make a magnetic monopole.", "author": 5, "parent_submission": 15, "parent_comment": null, "visible": true, "flags": [], "submission_time": "2014-03-16T17:50:53.333Z", "upvotes": [], "downvotes": []}}, {"pk": 76, "model": "ed_news.comment", "fields": {"ranking_points": 0, "comment_text": "I just don't think you'll ever make a magnetic monopole.", "author": 8, "parent_submission": 16, "parent_comment": null, "visible": true, "flags": [], "submission_time": "2014-03-16T17:50:53.333Z", "upvotes": [], "downvotes": []}}, {"pk": 77, "model": "ed_news.comment", "fields": {"ranking_points": 0, "comment_text": "I just don't think you'll ever make a magnetic monopole.", "author": 4, "parent_submission": 16, "parent_comment": null, "visible": true, "flags": [], "submission_time": "2014-03-16T17:50:53.334Z", "upvotes": [], "downvotes": []}}, {"pk": 78, "model": "ed_news.comment", "fields": {"ranking_points": 0, "comment_text": "I just don't think you'll ever make a magnetic monopole.", "author": 5, "parent_submission": 16, "parent_comment": null, "visible": true, "flags": [], "submission_time": "2014-03-16T17:50:53.335Z", "upvotes": [], "downvotes": []}}, {"pk": 79, "model": "ed_news.comment", "fields": {"ranking_points": 0, "comment_text": "I just don't think you'll ever make a magnetic monopole.", "author": 8, "parent_submission": 16, "parent_comment": null, "visible": true, "flags": [], "submission_time": "2014-03-16T17:50:53.336Z", "upvotes": [], "downvotes": []}}, {"pk": 80, "model": "ed_news.comment", "fields": {"ranking_points": 0, "comment_text": "I just don't think you'll ever make a magnetic monopole.", "author": 2, "parent_submission": 16, "parent_comment": null, "visible": true, "flags": [], "submission_time": "2014-03-16T17:50:53.337Z", "upvotes": [], "downvotes": []}}, {"pk": 81, "model": "ed_news.comment", "fields": {"ranking_points": 0, "comment_text": "I just don't think you'll ever make a magnetic monopole.", "author": 5, "parent_submission": 17, "parent_comment": null, "visible": true, "flags": [], "submission_time": "2014-03-16T17:50:53.338Z", "upvotes": [], "downvotes": []}}, {"pk": 82, "model": "ed_news.comment", "fields": {"ranking_points": 0, "comment_text": "I just don't think you'll ever make a magnetic monopole.", "author": 6, "parent_submission": 17, "parent_comment": null, "visible": true, "flags": [], "submission_time": "2014-03-16T17:50:53.339Z", "upvotes": [], "downvotes": []}}, {"pk": 83, "model": "ed_news.comment", "fields": {"ranking_points": 0, "comment_text": "I just don't think you'll ever make a magnetic monopole.", "author": 5, "parent_submission": 17, "parent_comment": null, "visible": true, "flags": [], "submission_time": "2014-03-16T17:50:53.340Z", "upvotes": [], "downvotes": []}}, {"pk": 84, "model": "ed_news.comment", "fields": {"ranking_points": 0, "comment_text": "I just don't think you'll ever make a magnetic monopole.", "author": 6, "parent_submission": 17, "parent_comment": null, "visible": true, "flags": [], "submission_time": "2014-03-16T17:50:53.341Z", "upvotes": [], "downvotes": []}}, {"pk": 85, "model": "ed_news.comment", "fields": {"ranking_points": 0, "comment_text": "I just don't think you'll ever make a magnetic monopole.", "author": 5, "parent_submission": 17, "parent_comment": null, "visible": true, "flags": [], "submission_time": "2014-03-16T17:50:53.342Z", "upvotes": [], "downvotes": []}}, {"pk": 86, "model": "ed_news.comment", "fields": {"ranking_points": 0, "comment_text": "I just don't think you'll ever make a magnetic monopole.", "author": 2, "parent_submission": 18, "parent_comment": null, "visible": true, "flags": [], "submission_time": "2014-03-16T17:50:53.343Z", "upvotes": [], "downvotes": []}}, {"pk": 87, "model": "ed_news.comment", "fields": {"ranking_points": 0, "comment_text": "I just don't think you'll ever make a magnetic monopole.", "author": 6, "parent_submission": 18, "parent_comment": null, "visible": true, "flags": [], "submission_time": "2014-03-16T17:50:53.344Z", "upvotes": [], "downvotes": []}}, {"pk": 88, "model": "ed_news.comment", "fields": {"ranking_points": 0, "comment_text": "I just don't think you'll ever make a magnetic monopole.", "author": 2, "parent_submission": 18, "parent_comment": null, "visible": true, "flags": [], "submission_time": "2014-03-16T17:50:53.345Z", "upvotes": [], "downvotes": []}}, {"pk": 89, "model": "ed_news.comment", "fields": {"ranking_points": 0, "comment_text": "I just don't think you'll ever make a magnetic monopole.", "author": 3, "parent_submission": 18, "parent_comment": null, "visible": true, "flags": [], "submission_time": "2014-03-16T17:50:53.346Z", "upvotes": [], "downvotes": []}}, {"pk": 90, "model": "ed_news.comment", "fields": {"ranking_points": 0, "comment_text": "I just don't think you'll ever make a magnetic monopole.", "author": 8, "parent_submission": 18, "parent_comment": null, "visible": true, "flags": [], "submission_time": "2014-03-16T17:50:53.348Z", "upvotes": [], "downvotes": []}}, {"pk": 91, "model": "ed_news.comment", "fields": {"ranking_points": 0, "comment_text": "I just don't think you'll ever make a magnetic monopole.", "author": 6, "parent_submission": 19, "parent_comment": null, "visible": true, "flags": [], "submission_time": "2014-03-16T17:50:53.348Z", "upvotes": [], "downvotes": []}}, {"pk": 92, "model": "ed_news.comment", "fields": {"ranking_points": 0, "comment_text": "I just don't think you'll ever make a magnetic monopole.", "author": 5, "parent_submission": 19, "parent_comment": null, "visible": true, "flags": [], "submission_time": "2014-03-16T17:50:53.349Z", "upvotes": [], "downvotes": []}}, {"pk": 93, "model": "ed_news.comment", "fields": {"ranking_points": 0, "comment_text": "I just don't think you'll ever make a magnetic monopole.", "author": 7, "parent_submission": 19, "parent_comment": null, "visible": true, "flags": [], "submission_time": "2014-03-16T17:50:53.351Z", "upvotes": [], "downvotes": []}}, {"pk": 94, "model": "ed_news.comment", "fields": {"ranking_points": 0, "comment_text": "I just don't think you'll ever make a magnetic monopole.", "author": 2, "parent_submission": 19, "parent_comment": null, "visible": true, "flags": [], "submission_time": "2014-03-16T17:50:53.352Z", "upvotes": [], "downvotes": []}}, {"pk": 95, "model": "ed_news.comment", "fields": {"ranking_points": 0, "comment_text": "I just don't think you'll ever make a magnetic monopole.", "author": 2, "parent_submission": 19, "parent_comment": null, "visible": true, "flags": [], "submission_time": "2014-03-16T17:50:53.353Z", "upvotes": [], "downvotes": []}}, {"pk": 96, "model": "ed_news.comment", "fields": {"ranking_points": 0, "comment_text": "I just don't think you'll ever make a magnetic monopole.", "author": 7, "parent_submission": 20, "parent_comment": null, "visible": true, "flags": [], "submission_time": "2014-03-16T17:50:53.354Z", "upvotes": [], "downvotes": []}}, {"pk": 97, "model": "ed_news.comment", "fields": {"ranking_points": 0, "comment_text": "I just don't think you'll ever make a magnetic monopole.", "author": 8, "parent_submission": 20, "parent_comment": null, "visible": true, "flags": [], "submission_time": "2014-03-16T17:50:53.355Z", "upvotes": [], "downvotes": []}}, {"pk": 98, "model": "ed_news.comment", "fields": {"ranking_points": 0, "comment_text": "I just don't think you'll ever make a magnetic monopole.", "author": 4, "parent_submission": 20, "parent_comment": null, "visible": true, "flags": [], "submission_time": "2014-03-16T17:50:53.356Z", "upvotes": [], "downvotes": []}}, {"pk": 99, "model": "ed_news.comment", "fields": {"ranking_points": 0, "comment_text": "I just don't think you'll ever make a magnetic monopole.", "author": 2, "parent_submission": 20, "parent_comment": null, "visible": true, "flags": [], "submission_time": "2014-03-16T17:50:53.357Z", "upvotes": [], "downvotes": []}}, {"pk": 100, "model": "ed_news.comment", "fields": {"ranking_points": 0, "comment_text": "I just don't think you'll ever make a magnetic monopole.", "author": 6, "parent_submission": 20, "parent_comment": null, "visible": true, "flags": [], "submission_time": "2014-03-16T17:50:53.358Z", "upvotes": [], "downvotes": []}}, {"pk": 101, "model": "ed_news.comment", "fields": {"ranking_points": 0, "comment_text": "I just don't think you'll ever make a magnetic monopole.", "author": 7, "parent_submission": 21, "parent_comment": null, "visible": true, "flags": [], "submission_time": "2014-03-16T17:50:53.360Z", "upvotes": [], "downvotes": []}}, {"pk": 102, "model": "ed_news.comment", "fields": {"ranking_points": 0, "comment_text": "I just don't think you'll ever make a magnetic monopole.", "author": 2, "parent_submission": 21, "parent_comment": null, "visible": true, "flags": [], "submission_time": "2014-03-16T17:50:53.361Z", "upvotes": [], "downvotes": []}}, {"pk": 103, "model": "ed_news.comment", "fields": {"ranking_points": 0, "comment_text": "I just don't think you'll ever make a magnetic monopole.", "author": 7, "parent_submission": 21, "parent_comment": null, "visible": true, "flags": [], "submission_time": "2014-03-16T17:50:53.362Z", "upvotes": [], "downvotes": []}}, {"pk": 104, "model": "ed_news.comment", "fields": {"ranking_points": 0, "comment_text": "I just don't think you'll ever make a magnetic monopole.", "author": 6, "parent_submission": 21, "parent_comment": null, "visible": true, "flags": [], "submission_time": "2014-03-16T17:50:53.363Z", "upvotes": [], "downvotes": []}}, {"pk": 105, "model": "ed_news.comment", "fields": {"ranking_points": 0, "comment_text": "I just don't think you'll ever make a magnetic monopole.", "author": 2, "parent_submission": 21, "parent_comment": null, "visible": true, "flags": [], "submission_time": "2014-03-16T17:50:53.363Z", "upvotes": [], "downvotes": []}}, {"pk": 106, "model": "ed_news.comment", "fields": {"ranking_points": 0, "comment_text": "Yeah, I was kind of thinking that.", "author": 2, "parent_submission": 13, "parent_comment": 61, "visible": true, "flags": [], "submission_time": "2014-03-16T17:50:53.369Z", "upvotes": [], "downvotes": []}}, {"pk": 107, "model": "ed_news.comment", "fields": {"ranking_points": 0, "comment_text": "Yeah, I was kind of thinking that.", "author": 2, "parent_submission": 2, "parent_comment": 7, "visible": true, "flags": [], "submission_time": "2014-03-16T17:50:53.371Z", "upvotes": [], "downvotes": []}}, {"pk": 108, "model": "ed_news.comment", "fields": {"ranking_points": 0, "comment_text": "Yeah, I was kind of thinking that.", "author": 2, "parent_submission": 20, "parent_comment": 98, "visible": true, "flags": [], "submission_time": "2014-03-16T17:50:53.372Z", "upvotes": [], "downvotes": []}}, {"pk": 109, "model": "ed_news.comment", "fields": {"ranking_points": 0, "comment_text": "Yeah, I was kind of thinking that.", "author": 2, "parent_submission": 3, "parent_comment": 12, "visible": true, "flags": [], "submission_time": "2014-03-16T17:50:53.374Z", "upvotes": [], "downvotes": []}}, {"pk": 110, "model": "ed_news.comment", "fields": {"ranking_points": 0, "comment_text": "Yeah, I was kind of thinking that.", "author": 2, "parent_submission": 8, "parent_comment": 36, "visible": true, "flags": [], "submission_time": "2014-03-16T17:50:53.376Z", "upvotes": [], "downvotes": []}}, {"pk": 111, "model": "ed_news.comment", "fields": {"ranking_points": 0, "comment_text": "Yeah, I was kind of thinking that.", "author": 2, "parent_submission": 16, "parent_comment": 77, "visible": true, "flags": [], "submission_time": "2014-03-16T17:50:53.378Z", "upvotes": [], "downvotes": []}}, {"pk": 112, "model": "ed_news.comment", "fields": {"ranking_points": 0, "comment_text": "Yeah, I was kind of thinking that.", "author": 2, "parent_submission": 17, "parent_comment": 84, "visible": true, "flags": [], "submission_time": "2014-03-16T17:50:53.380Z", "upvotes": [], "downvotes": []}}, {"pk": 113, "model": "ed_news.comment", "fields": {"ranking_points": 0, "comment_text": "Yeah, I was kind of thinking that.", "author": 2, "parent_submission": 3, "parent_comment": 14, "visible": true, "flags": [], "submission_time": "2014-03-16T17:50:53.381Z", "upvotes": [], "downvotes": []}}, {"pk": 114, "model": "ed_news.comment", "fields": {"ranking_points": 0, "comment_text": "Yeah, I was kind of thinking that.", "author": 2, "parent_submission": 6, "parent_comment": 29, "visible": true, "flags": [], "submission_time": "2014-03-16T17:50:53.383Z", "upvotes": [], "downvotes": []}}, {"pk": 115, "model": "ed_news.comment", "fields": {"ranking_points": 0, "comment_text": "Yeah, I was kind of thinking that.", "author": 2, "parent_submission": 19, "parent_comment": 93, "visible": true, "flags": [], "submission_time": "2014-03-16T17:50:53.386Z", "upvotes": [], "downvotes": []}}, {"pk": 116, "model": "ed_news.comment", "fields": {"ranking_points": 0, "comment_text": "Yeah, I was kind of thinking that.", "author": 2, "parent_submission": 6, "parent_comment": 28, "visible": true, "flags": [], "submission_time": "2014-03-16T17:50:53.389Z", "upvotes": [], "downvotes": []}}, {"pk": 117, "model": "ed_news.comment", "fields": {"ranking_points": 0, "comment_text": "Yeah, I was kind of thinking that.", "author": 2, "parent_submission": 15, "parent_comment": 71, "visible": true, "flags": [], "submission_time": "2014-03-16T17:50:53.393Z", "upvotes": [], "downvotes": []}}, {"pk": 118, "model": "ed_news.comment", "fields": {"ranking_points": 0, "comment_text": "Yeah, I was kind of thinking that.", "author": 2, "parent_submission": 3, "parent_comment": 14, "visible": true, "flags": [], "submission_time": "2014-03-16T17:50:53.394Z", "upvotes": [], "downvotes": []}}, {"pk": 119, "model": "ed_news.comment", "fields": {"ranking_points": 0, "comment_text": "Yeah, I was kind of thinking that.", "author": 2, "parent_submission": 4, "parent_comment": 16, "visible": true, "flags": [], "submission_time": "2014-03-16T17:50:53.397Z", "upvotes": [], "downvotes": []}}, {"pk": 120, "model": "ed_news.comment", "fields": {"ranking_points": 0, "comment_text": "Yeah, I was kind of thinking that.", "author": 2, "parent_submission": 17, "parent_comment": 82, "visible": true, "flags": [], "submission_time": "2014-03-16T17:50:53.400Z", "upvotes": [], "downvotes": []}}, {"pk": 121, "model": "ed_news.comment", "fields": {"ranking_points": 0, "comment_text": "Yeah, I was kind of thinking that.", "author": 3, "parent_submission": 19, "parent_comment": 92, "visible": true, "flags": [], "submission_time": "2014-03-16T17:50:53.402Z", "upvotes": [], "downvotes": []}}, {"pk": 122, "model": "ed_news.comment", "fields": {"ranking_points": 0, "comment_text": "Yeah, I was kind of thinking that.", "author": 3, "parent_submission": 17, "parent_comment": 85, "visible": true, "flags": [], "submission_time": "2014-03-16T17:50:53.405Z", "upvotes": [], "downvotes": []}}, {"pk": 123, "model": "ed_news.comment", "fields": {"ranking_points": 0, "comment_text": "Yeah, I was kind of thinking that.", "author": 3, "parent_submission": 14, "parent_comment": 70, "visible": true, "flags": [], "submission_time": "2014-03-16T17:50:53.408Z", "upvotes": [], "downvotes": []}}, {"pk": 124, "model": "ed_news.comment", "fields": {"ranking_points": 0, "comment_text": "Yeah, I was kind of thinking that.", "author": 3, "parent_submission": 2, "parent_comment": 8, "visible": true, "flags": [], "submission_time": "2014-03-16T17:50:53.411Z", "upvotes": [], "downvotes": []}}, {"pk": 125, "model": "ed_news.comment", "fields": {"ranking_points": 0, "comment_text": "Yeah, I was kind of thinking that.", "author": 3, "parent_submission": 5, "parent_comment": 23, "visible": true, "flags": [], "submission_time": "2014-03-16T17:50:53.414Z", "upvotes": [], "downvotes": []}}, {"pk": 126, "model": "ed_news.comment", "fields": {"ranking_points": 0, "comment_text": "Yeah, I was kind of thinking that.", "author": 3, "parent_submission": 6, "parent_comment": 26, "visible": true, "flags": [], "submission_time": "2014-03-16T17:50:53.416Z", "upvotes": [], "downvotes": []}}, {"pk": 127, "model": "ed_news.comment", "fields": {"ranking_points": 0, "comment_text": "Yeah, I was kind of thinking that.", "author": 3, "parent_submission": 7, "parent_comment": 34, "visible": true, "flags": [], "submission_time": "2014-03-16T17:50:53.420Z", "upvotes": [], "downvotes": []}}, {"pk": 128, "model": "ed_news.comment", "fields": {"ranking_points": 0, "comment_text": "Yeah, I was kind of thinking that.", "author": 3, "parent_submission": 11, "parent_comment": 54, "visible": true, "flags": [], "submission_time": "2014-03-16T17:50:53.422Z", "upvotes": [], "downvotes": []}}, {"pk": 129, "model": "ed_news.comment", "fields": {"ranking_points": 0, "comment_text": "Yeah, I was kind of thinking that.", "author": 3, "parent_submission": 8, "parent_comment": 37, "visible": true, "flags": [], "submission_time": "2014-03-16T17:50:53.424Z", "upvotes": [], "downvotes": []}}, {"pk": 130, "model": "ed_news.comment", "fields": {"ranking_points": 0, "comment_text": "Yeah, I was kind of thinking that.", "author": 3, "parent_submission": 16, "parent_comment": 78, "visible": true, "flags": [], "submission_time": "2014-03-16T17:50:53.427Z", "upvotes": [], "downvotes": []}}, {"pk": 131, "model": "ed_news.comment", "fields": {"ranking_points": 0, "comment_text": "Yeah, I was kind of thinking that.", "author": 3, "parent_submission": 13, "parent_comment": 63, "visible": true, "flags": [], "submission_time": "2014-03-16T17:50:53.430Z", "upvotes": [], "downvotes": []}}, {"pk": 132, "model": "ed_news.comment", "fields": {"ranking_points": 0, "comment_text": "Yeah, I was kind of thinking that.", "author": 3, "parent_submission": 4, "parent_comment": 17, "visible": true, "flags": [], "submission_time": "2014-03-16T17:50:53.433Z", "upvotes": [], "downvotes": []}}, {"pk": 133, "model": "ed_news.comment", "fields": {"ranking_points": 0, "comment_text": "Yeah, I was kind of thinking that.", "author": 3, "parent_submission": 11, "parent_comment": 52, "visible": true, "flags": [], "submission_time": "2014-03-16T17:50:53.436Z", "upvotes": [], "downvotes": []}}, {"pk": 134, "model": "ed_news.comment", "fields": {"ranking_points": 0, "comment_text": "Yeah, I was kind of thinking that.", "author": 3, "parent_submission": 16, "parent_comment": 76, "visible": true, "flags": [], "submission_time": "2014-03-16T17:50:53.439Z", "upvotes": [], "downvotes": []}}, {"pk": 135, "model": "ed_news.comment", "fields": {"ranking_points": 0, "comment_text": "Yeah, I was kind of thinking that.", "author": 3, "parent_submission": 21, "parent_comment": 104, "visible": true, "flags": [], "submission_time": "2014-03-16T17:50:53.442Z", "upvotes": [], "downvotes": []}}, {"pk": 136, "model": "ed_news.comment", "fields": {"ranking_points": 0, "comment_text": "Yeah, I was kind of thinking that.", "author": 4, "parent_submission": 4, "parent_comment": 19, "visible": true, "flags": [], "submission_time": "2014-03-16T17:50:53.445Z", "upvotes": [], "downvotes": []}}, {"pk": 137, "model": "ed_news.comment", "fields": {"ranking_points": 0, "comment_text": "Yeah, I was kind of thinking that.", "author": 4, "parent_submission": 11, "parent_comment": 52, "visible": true, "flags": [], "submission_time": "2014-03-16T17:50:53.446Z", "upvotes": [], "downvotes": []}}, {"pk": 138, "model": "ed_news.comment", "fields": {"ranking_points": 0, "comment_text": "Yeah, I was kind of thinking that.", "author": 4, "parent_submission": 19, "parent_comment": 95, "visible": true, "flags": [], "submission_time": "2014-03-16T17:50:53.449Z", "upvotes": [], "downvotes": []}}, {"pk": 139, "model": "ed_news.comment", "fields": {"ranking_points": 0, "comment_text": "Yeah, I was kind of thinking that.", "author": 4, "parent_submission": 16, "parent_comment": 80, "visible": true, "flags": [], "submission_time": "2014-03-16T17:50:53.451Z", "upvotes": [], "downvotes": []}}, {"pk": 140, "model": "ed_news.comment", "fields": {"ranking_points": 0, "comment_text": "Yeah, I was kind of thinking that.", "author": 4, "parent_submission": 15, "parent_comment": 75, "visible": true, "flags": [], "submission_time": "2014-03-16T17:50:53.454Z", "upvotes": [], "downvotes": []}}, {"pk": 141, "model": "ed_news.comment", "fields": {"ranking_points": 0, "comment_text": "Yeah, I was kind of thinking that.", "author": 4, "parent_submission": 20, "parent_comment": 97, "visible": true, "flags": [], "submission_time": "2014-03-16T17:50:53.457Z", "upvotes": [], "downvotes": []}}, {"pk": 142, "model": "ed_news.comment", "fields": {"ranking_points": 0, "comment_text": "Yeah, I was kind of thinking that.", "author": 4, "parent_submission": 4, "parent_comment": 20, "visible": true, "flags": [], "submission_time": "2014-03-16T17:50:53.459Z", "upvotes": [], "downvotes": []}}, {"pk": 143, "model": "ed_news.comment", "fields": {"ranking_points": 0, "comment_text": "Yeah, I was kind of thinking that.", "author": 4, "parent_submission": 15, "parent_comment": 74, "visible": true, "flags": [], "submission_time": "2014-03-16T17:50:53.462Z", "upvotes": [], "downvotes": []}}, {"pk": 144, "model": "ed_news.comment", "fields": {"ranking_points": 0, "comment_text": "Yeah, I was kind of thinking that.", "author": 4, "parent_submission": 8, "parent_comment": 39, "visible": true, "flags": [], "submission_time": "2014-03-16T17:50:53.465Z", "upvotes": [], "downvotes": []}}, {"pk": 145, "model": "ed_news.comment", "fields": {"ranking_points": 0, "comment_text": "Yeah, I was kind of thinking that.", "author": 4, "parent_submission": 3, "parent_comment": 13, "visible": true, "flags": [], "submission_time": "2014-03-16T17:50:53.467Z", "upvotes": [], "downvotes": []}}, {"pk": 146, "model": "ed_news.comment", "fields": {"ranking_points": 0, "comment_text": "Yeah, I was kind of thinking that.", "author": 4, "parent_submission": 12, "parent_comment": 56, "visible": true, "flags": [], "submission_time": "2014-03-16T17:50:53.471Z", "upvotes": [], "downvotes": []}}, {"pk": 147, "model": "ed_news.comment", "fields": {"ranking_points": 0, "comment_text": "Yeah, I was kind of thinking that.", "author": 4, "parent_submission": 9, "parent_comment": 44, "visible": true, "flags": [], "submission_time": "2014-03-16T17:50:53.473Z", "upvotes": [], "downvotes": []}}, {"pk": 148, "model": "ed_news.comment", "fields": {"ranking_points": 0, "comment_text": "Yeah, I was kind of thinking that.", "author": 4, "parent_submission": 5, "parent_comment": 22, "visible": true, "flags": [], "submission_time": "2014-03-16T17:50:53.476Z", "upvotes": [], "downvotes": []}}, {"pk": 149, "model": "ed_news.comment", "fields": {"ranking_points": 0, "comment_text": "Yeah, I was kind of thinking that.", "author": 4, "parent_submission": 19, "parent_comment": 93, "visible": true, "flags": [], "submission_time": "2014-03-16T17:50:53.478Z", "upvotes": [], "downvotes": []}}, {"pk": 150, "model": "ed_news.comment", "fields": {"ranking_points": 0, "comment_text": "Yeah, I was kind of thinking that.", "author": 4, "parent_submission": 21, "parent_comment": 101, "visible": true, "flags": [], "submission_time": "2014-03-16T17:50:53.481Z", "upvotes": [], "downvotes": []}}, {"pk": 151, "model": "ed_news.comment", "fields": {"ranking_points": 0, "comment_text": "Yeah, I was kind of thinking that.", "author": 5, "parent_submission": 9, "parent_comment": 43, "visible": true, "flags": [], "submission_time": "2014-03-16T17:50:53.483Z", "upvotes": [], "downvotes": []}}, {"pk": 152, "model": "ed_news.comment", "fields": {"ranking_points": 0, "comment_text": "Yeah, I was kind of thinking that.", "author": 5, "parent_submission": 10, "parent_comment": 47, "visible": true, "flags": [], "submission_time": "2014-03-16T17:50:53.485Z", "upvotes": [], "downvotes": []}}, {"pk": 153, "model": "ed_news.comment", "fields": {"ranking_points": 0, "comment_text": "Yeah, I was kind of thinking that.", "author": 5, "parent_submission": 9, "parent_comment": 45, "visible": true, "flags": [], "submission_time": "2014-03-16T17:50:53.488Z", "upvotes": [], "downvotes": []}}, {"pk": 154, "model": "ed_news.comment", "fields": {"ranking_points": 0, "comment_text": "Yeah, I was kind of thinking that.", "author": 5, "parent_submission": 7, "parent_comment": 34, "visible": true, "flags": [], "submission_time": "2014-03-16T17:50:53.489Z", "upvotes": [], "downvotes": []}}, {"pk": 155, "model": "ed_news.comment", "fields": {"ranking_points": 0, "comment_text": "Yeah, I was kind of thinking that.", "author": 5, "parent_submission": 21, "parent_comment": 102, "visible": true, "flags": [], "submission_time": "2014-03-16T17:50:53.492Z", "upvotes": [], "downvotes": []}}, {"pk": 156, "model": "ed_news.comment", "fields": {"ranking_points": 0, "comment_text": "Yeah, I was kind of thinking that.", "author": 5, "parent_submission": 15, "parent_comment": 75, "visible": true, "flags": [], "submission_time": "2014-03-16T17:50:53.494Z", "upvotes": [], "downvotes": []}}, {"pk": 157, "model": "ed_news.comment", "fields": {"ranking_points": 0, "comment_text": "Yeah, I was kind of thinking that.", "author": 5, "parent_submission": 1, "parent_comment": 2, "visible": true, "flags": [], "submission_time": "2014-03-16T17:50:53.496Z", "upvotes": [], "downvotes": []}}, {"pk": 158, "model": "ed_news.comment", "fields": {"ranking_points": 0, "comment_text": "Yeah, I was kind of thinking that.", "author": 5, "parent_submission": 10, "parent_comment": 48, "visible": true, "flags": [], "submission_time": "2014-03-16T17:50:53.498Z", "upvotes": [], "downvotes": []}}, {"pk": 159, "model": "ed_news.comment", "fields": {"ranking_points": 0, "comment_text": "Yeah, I was kind of thinking that.", "author": 5, "parent_submission": 18, "parent_comment": 88, "visible": true, "flags": [], "submission_time": "2014-03-16T17:50:53.500Z", "upvotes": [], "downvotes": []}}, {"pk": 160, "model": "ed_news.comment", "fields": {"ranking_points": 0, "comment_text": "Yeah, I was kind of thinking that.", "author": 5, "parent_submission": 1, "parent_comment": 4, "visible": true, "flags": [], "submission_time": "2014-03-16T17:50:53.501Z", "upvotes": [], "downvotes": []}}, {"pk": 161, "model": "ed_news.comment", "fields": {"ranking_points": 0, "comment_text": "Yeah, I was kind of thinking that.", "author": 5, "parent_submission": 9, "parent_comment": 45, "visible": true, "flags": [], "submission_time": "2014-03-16T17:50:53.502Z", "upvotes": [], "downvotes": []}}, {"pk": 162, "model": "ed_news.comment", "fields": {"ranking_points": 0, "comment_text": "Yeah, I was kind of thinking that.", "author": 5, "parent_submission": 6, "parent_comment": 29, "visible": true, "flags": [], "submission_time": "2014-03-16T17:50:53.502Z", "upvotes": [], "downvotes": []}}, {"pk": 163, "model": "ed_news.comment", "fields": {"ranking_points": 0, "comment_text": "Yeah, I was kind of thinking that.", "author": 5, "parent_submission": 3, "parent_comment": 11, "visible": true, "flags": [], "submission_time": "2014-03-16T17:50:53.504Z", "upvotes": [], "downvotes": []}}, {"pk": 164, "model": "ed_news.comment", "fields": {"ranking_points": 0, "comment_text": "Yeah, I was kind of thinking that.", "author": 5, "parent_submission": 15, "parent_comment": 73, "visible": true, "flags": [], "submission_time": "2014-03-16T17:50:53.507Z", "upvotes": [], "downvotes": []}}, {"pk": 165, "model": "ed_news.comment", "fields": {"ranking_points": 0, "comment_text": "Yeah, I was kind of thinking that.", "author": 5, "parent_submission": 13, "parent_comment": 63, "visible": true, "flags": [], "submission_time": "2014-03-16T17:50:53.508Z", "upvotes": [], "downvotes": []}}, {"pk": 166, "model": "ed_news.comment", "fields": {"ranking_points": 0, "comment_text": "Yeah, I was kind of thinking that.", "author": 6, "parent_submission": 6, "parent_comment": 30, "visible": true, "flags": [], "submission_time": "2014-03-16T17:50:53.510Z", "upvotes": [], "downvotes": []}}, {"pk": 167, "model": "ed_news.comment", "fields": {"ranking_points": 0, "comment_text": "Yeah, I was kind of thinking that.", "author": 6, "parent_submission": 18, "parent_comment": 90, "visible": true, "flags": [], "submission_time": "2014-03-16T17:50:53.512Z", "upvotes": [], "downvotes": []}}, {"pk": 168, "model": "ed_news.comment", "fields": {"ranking_points": 0, "comment_text": "Yeah, I was kind of thinking that.", "author": 6, "parent_submission": 4, "parent_comment": 18, "visible": true, "flags": [], "submission_time": "2014-03-16T17:50:53.513Z", "upvotes": [], "downvotes": []}}, {"pk": 169, "model": "ed_news.comment", "fields": {"ranking_points": 0, "comment_text": "Yeah, I was kind of thinking that.", "author": 6, "parent_submission": 20, "parent_comment": 97, "visible": true, "flags": [], "submission_time": "2014-03-16T17:50:53.514Z", "upvotes": [], "downvotes": []}}, {"pk": 170, "model": "ed_news.comment", "fields": {"ranking_points": 0, "comment_text": "Yeah, I was kind of thinking that.", "author": 6, "parent_submission": 6, "parent_comment": 29, "visible": true, "flags": [], "submission_time": "2014-03-16T17:50:53.515Z", "upvotes": [], "downvotes": []}}, {"pk": 171, "model": "ed_news.comment", "fields": {"ranking_points": 0, "comment_text": "Yeah, I was kind of thinking that.", "author": 6, "parent_submission": 21, "parent_comment": 102, "visible": true, "flags": [], "submission_time": "2014-03-16T17:50:53.515Z", "upvotes": [], "downvotes": []}}, {"pk": 172, "model": "ed_news.comment", "fields": {"ranking_points": 0, "comment_text": "Yeah, I was kind of thinking that.", "author": 6, "parent_submission": 14, "parent_comment": 66, "visible": true, "flags": [], "submission_time": "2014-03-16T17:50:53.517Z", "upvotes": [], "downvotes": []}}, {"pk": 173, "model": "ed_news.comment", "fields": {"ranking_points": 0, "comment_text": "Yeah, I was kind of thinking that.", "author": 6, "parent_submission": 1, "parent_comment": 5, "visible": true, "flags": [], "submission_time": "2014-03-16T17:50:53.519Z", "upvotes": [], "downvotes": []}}, {"pk": 174, "model": "ed_news.comment", "fields": {"ranking_points": 0, "comment_text": "Yeah, I was kind of thinking that.", "author": 6, "parent_submission": 3, "parent_comment": 13, "visible": true, "flags": [], "submission_time": "2014-03-16T17:50:53.520Z", "upvotes": [], "downvotes": []}}, {"pk": 175, "model": "ed_news.comment", "fields": {"ranking_points": 0, "comment_text": "Yeah, I was kind of thinking that.", "author": 6, "parent_submission": 9, "parent_comment": 41, "visible": true, "flags": [], "submission_time": "2014-03-16T17:50:53.523Z", "upvotes": [], "downvotes": []}}, {"pk": 176, "model": "ed_news.comment", "fields": {"ranking_points": 0, "comment_text": "Yeah, I was kind of thinking that.", "author": 6, "parent_submission": 13, "parent_comment": 61, "visible": true, "flags": [], "submission_time": "2014-03-16T17:50:53.524Z", "upvotes": [], "downvotes": []}}, {"pk": 177, "model": "ed_news.comment", "fields": {"ranking_points": 0, "comment_text": "Yeah, I was kind of thinking that.", "author": 6, "parent_submission": 15, "parent_comment": 72, "visible": true, "flags": [], "submission_time": "2014-03-16T17:50:53.527Z", "upvotes": [], "downvotes": []}}, {"pk": 178, "model": "ed_news.comment", "fields": {"ranking_points": 0, "comment_text": "Yeah, I was kind of thinking that.", "author": 6, "parent_submission": 21, "parent_comment": 103, "visible": true, "flags": [], "submission_time": "2014-03-16T17:50:53.530Z", "upvotes": [], "downvotes": []}}, {"pk": 179, "model": "ed_news.comment", "fields": {"ranking_points": 0, "comment_text": "Yeah, I was kind of thinking that.", "author": 6, "parent_submission": 10, "parent_comment": 48, "visible": true, "flags": [], "submission_time": "2014-03-16T17:50:53.531Z", "upvotes": [], "downvotes": []}}, {"pk": 180, "model": "ed_news.comment", "fields": {"ranking_points": 0, "comment_text": "Yeah, I was kind of thinking that.", "author": 6, "parent_submission": 16, "parent_comment": 80, "visible": true, "flags": [], "submission_time": "2014-03-16T17:50:53.531Z", "upvotes": [], "downvotes": []}}, {"pk": 181, "model": "ed_news.comment", "fields": {"ranking_points": 0, "comment_text": "Yeah, I was kind of thinking that.", "author": 7, "parent_submission": 13, "parent_comment": 63, "visible": true, "flags": [], "submission_time": "2014-03-16T17:50:53.532Z", "upvotes": [], "downvotes": []}}, {"pk": 182, "model": "ed_news.comment", "fields": {"ranking_points": 0, "comment_text": "Yeah, I was kind of thinking that.", "author": 7, "parent_submission": 10, "parent_comment": 47, "visible": true, "flags": [], "submission_time": "2014-03-16T17:50:53.533Z", "upvotes": [], "downvotes": []}}, {"pk": 183, "model": "ed_news.comment", "fields": {"ranking_points": 0, "comment_text": "Yeah, I was kind of thinking that.", "author": 7, "parent_submission": 17, "parent_comment": 85, "visible": true, "flags": [], "submission_time": "2014-03-16T17:50:53.535Z", "upvotes": [], "downvotes": []}}, {"pk": 184, "model": "ed_news.comment", "fields": {"ranking_points": 0, "comment_text": "Yeah, I was kind of thinking that.", "author": 7, "parent_submission": 14, "parent_comment": 69, "visible": true, "flags": [], "submission_time": "2014-03-16T17:50:53.538Z", "upvotes": [], "downvotes": []}}, {"pk": 185, "model": "ed_news.comment", "fields": {"ranking_points": 0, "comment_text": "Yeah, I was kind of thinking that.", "author": 7, "parent_submission": 1, "parent_comment": 1, "visible": true, "flags": [], "submission_time": "2014-03-16T17:50:53.540Z", "upvotes": [], "downvotes": []}}, {"pk": 186, "model": "ed_news.comment", "fields": {"ranking_points": 0, "comment_text": "Yeah, I was kind of thinking that.", "author": 7, "parent_submission": 20, "parent_comment": 100, "visible": true, "flags": [], "submission_time": "2014-03-16T17:50:53.543Z", "upvotes": [], "downvotes": []}}, {"pk": 187, "model": "ed_news.comment", "fields": {"ranking_points": 0, "comment_text": "Yeah, I was kind of thinking that.", "author": 7, "parent_submission": 17, "parent_comment": 82, "visible": true, "flags": [], "submission_time": "2014-03-16T17:50:53.544Z", "upvotes": [], "downvotes": []}}, {"pk": 188, "model": "ed_news.comment", "fields": {"ranking_points": 0, "comment_text": "Yeah, I was kind of thinking that.", "author": 7, "parent_submission": 14, "parent_comment": 69, "visible": true, "flags": [], "submission_time": "2014-03-16T17:50:53.545Z", "upvotes": [], "downvotes": []}}, {"pk": 189, "model": "ed_news.comment", "fields": {"ranking_points": 0, "comment_text": "Yeah, I was kind of thinking that.", "author": 7, "parent_submission": 1, "parent_comment": 4, "visible": true, "flags": [], "submission_time": "2014-03-16T17:50:53.546Z", "upvotes": [], "downvotes": []}}, {"pk": 190, "model": "ed_news.comment", "fields": {"ranking_points": 0, "comment_text": "Yeah, I was kind of thinking that.", "author": 7, "parent_submission": 13, "parent_comment": 61, "visible": true, "flags": [], "submission_time": "2014-03-16T17:50:53.547Z", "upvotes": [], "downvotes": []}}, {"pk": 191, "model": "ed_news.comment", "fields": {"ranking_points": 0, "comment_text": "Yeah, I was kind of thinking that.", "author": 7, "parent_submission": 5, "parent_comment": 22, "visible": true, "flags": [], "submission_time": "2014-03-16T17:50:53.547Z", "upvotes": [], "downvotes": []}}, {"pk": 192, "model": "ed_news.comment", "fields": {"ranking_points": 0, "comment_text": "Yeah, I was kind of thinking that.", "author": 7, "parent_submission": 19, "parent_comment": 92, "visible": true, "flags": [], "submission_time": "2014-03-16T17:50:53.548Z", "upvotes": [], "downvotes": []}}, {"pk": 193, "model": "ed_news.comment", "fields": {"ranking_points": 0, "comment_text": "Yeah, I was kind of thinking that.", "author": 7, "parent_submission": 4, "parent_comment": 18, "visible": true, "flags": [], "submission_time": "2014-03-16T17:50:53.549Z", "upvotes": [], "downvotes": []}}, {"pk": 194, "model": "ed_news.comment", "fields": {"ranking_points": 0, "comment_text": "Yeah, I was kind of thinking that.", "author": 7, "parent_submission": 16, "parent_comment": 76, "visible": true, "flags": [], "submission_time": "2014-03-16T17:50:53.550Z", "upvotes": [], "downvotes": []}}, {"pk": 195, "model": "ed_news.comment", "fields": {"ranking_points": 0, "comment_text": "Yeah, I was kind of thinking that.", "author": 7, "parent_submission": 20, "parent_comment": 96, "visible": true, "flags": [], "submission_time": "2014-03-16T17:50:53.553Z", "upvotes": [], "downvotes": []}}, {"pk": 196, "model": "ed_news.comment", "fields": {"ranking_points": 0, "comment_text": "Yeah, I was kind of thinking that.", "author": 8, "parent_submission": 7, "parent_comment": 31, "visible": true, "flags": [], "submission_time": "2014-03-16T17:50:53.556Z", "upvotes": [], "downvotes": []}}, {"pk": 197, "model": "ed_news.comment", "fields": {"ranking_points": 0, "comment_text": "Yeah, I was kind of thinking that.", "author": 8, "parent_submission": 18, "parent_comment": 86, "visible": true, "flags": [], "submission_time": "2014-03-16T17:50:53.559Z", "upvotes": [], "downvotes": []}}, {"pk": 198, "model": "ed_news.comment", "fields": {"ranking_points": 0, "comment_text": "Yeah, I was kind of thinking that.", "author": 8, "parent_submission": 10, "parent_comment": 50, "visible": true, "flags": [], "submission_time": "2014-03-16T17:50:53.562Z", "upvotes": [], "downvotes": []}}, {"pk": 199, "model": "ed_news.comment", "fields": {"ranking_points": 0, "comment_text": "Yeah, I was kind of thinking that.", "author": 8, "parent_submission": 7, "parent_comment": 31, "visible": true, "flags": [], "submission_time": "2014-03-16T17:50:53.563Z", "upvotes": [], "downvotes": []}}, {"pk": 200, "model": "ed_news.comment", "fields": {"ranking_points": 0, "comment_text": "Yeah, I was kind of thinking that.", "author": 8, "parent_submission": 18, "parent_comment": 88, "visible": true, "flags": [], "submission_time": "2014-03-16T17:50:53.564Z", "upvotes": [], "downvotes": []}}, {"pk": 201, "model": "ed_news.comment", "fields": {"ranking_points": 0, "comment_text": "Yeah, I was kind of thinking that.", "author": 8, "parent_submission": 7, "parent_comment": 31, "visible": true, "flags": [], "submission_time": "2014-03-16T17:50:53.564Z", "upvotes": [], "downvotes": []}}, {"pk": 202, "model": "ed_news.comment", "fields": {"ranking_points": 0, "comment_text": "Yeah, I was kind of thinking that.", "author": 8, "parent_submission": 1, "parent_comment": 3, "visible": true, "flags": [], "submission_time": "2014-03-16T17:50:53.567Z", "upvotes": [], "downvotes": []}}, {"pk": 203, "model": "ed_news.comment", "fields": {"ranking_points": 0, "comment_text": "Yeah, I was kind of thinking that.", "author": 8, "parent_submission": 8, "parent_comment": 39, "visible": true, "flags": [], "submission_time": "2014-03-16T17:50:53.569Z", "upvotes": [], "downvotes": []}}, {"pk": 204, "model": "ed_news.comment", "fields": {"ranking_points": 0, "comment_text": "Yeah, I was kind of thinking that.", "author": 8, "parent_submission": 9, "parent_comment": 44, "visible": true, "flags": [], "submission_time": "2014-03-16T17:50:53.570Z", "upvotes": [], "downvotes": []}}, {"pk": 205, "model": "ed_news.comment", "fields": {"ranking_points": 0, "comment_text": "Yeah, I was kind of thinking that.", "author": 8, "parent_submission": 5, "parent_comment": 24, "visible": true, "flags": [], "submission_time": "2014-03-16T17:50:53.573Z", "upvotes": [], "downvotes": []}}, {"pk": 206, "model": "ed_news.comment", "fields": {"ranking_points": 0, "comment_text": "Yeah, I was kind of thinking that.", "author": 8, "parent_submission": 9, "parent_comment": 41, "visible": true, "flags": [], "submission_time": "2014-03-16T17:50:53.574Z", "upvotes": [], "downvotes": []}}, {"pk": 207, "model": "ed_news.comment", "fields": {"ranking_points": 0, "comment_text": "Yeah, I was kind of thinking that.", "author": 8, "parent_submission": 20, "parent_comment": 98, "visible": true, "flags": [], "submission_time": "2014-03-16T17:50:53.575Z", "upvotes": [], "downvotes": []}}, {"pk": 208, "model": "ed_news.comment", "fields": {"ranking_points": 0, "comment_text": "Yeah, I was kind of thinking that.", "author": 8, "parent_submission": 10, "parent_comment": 46, "visible": true, "flags": [], "submission_time": "2014-03-16T17:50:53.576Z", "upvotes": [], "downvotes": []}}, {"pk": 209, "model": "ed_news.comment", "fields": {"ranking_points": 0, "comment_text": "Yeah, I was kind of thinking that.", "author": 8, "parent_submission": 1, "parent_comment": 2, "visible": true, "flags": [], "submission_time": "2014-03-16T17:50:53.577Z", "upvotes": [], "downvotes": []}}, {"pk": 210, "model": "ed_news.comment", "fields": {"ranking_points": 0, "comment_text": "Yeah, I was kind of thinking that.", "author": 8, "parent_submission": 14, "parent_comment": 70, "visible": true, "flags": [], "submission_time": "2014-03-16T17:50:53.578Z", "upvotes": [], "downvotes": []}}]