[{"pk": 1, "model": "contenttypes.contenttype", "fields": {"model": "logentry", "name": "log entry", "app_label": "admin"}}, {"pk": 2, "model": "contenttypes.contenttype", "fields": {"model": "permission", "name": "permission", "app_label": "auth"}}, {"pk": 3, "model": "contenttypes.contenttype", "fields": {"model": "group", "name": "group", "app_label": "auth"}}, {"pk": 4, "model": "contenttypes.contenttype", "fields": {"model": "user", "name": "user", "app_label": "auth"}}, {"pk": 5, "model": "contenttypes.contenttype", "fields": {"model": "contenttype", "name": "content type", "app_label": "contenttypes"}}, {"pk": 6, "model": "contenttypes.contenttype", "fields": {"model": "session", "name": "session", "app_label": "sessions"}}, {"pk": 7, "model": "contenttypes.contenttype", "fields": {"model": "migrationhistory", "name": "migration history", "app_label": "south"}}, {"pk": 8, "model": "contenttypes.contenttype", "fields": {"model": "submission", "name": "submission", "app_label": "ed_news"}}, {"pk": 9, "model": "contenttypes.contenttype", "fields": {"model": "article", "name": "article", "app_label": "ed_news"}}, {"pk": 10, "model": "contenttypes.contenttype", "fields": {"model": "textpost", "name": "text post", "app_label": "ed_news"}}, {"pk": 11, "model": "contenttypes.contenttype", "fields": {"model": "userprofile", "name": "user profile", "app_label": "ed_news"}}, {"pk": 12, "model": "contenttypes.contenttype", "fields": {"model": "comment", "name": "comment", "app_label": "ed_news"}}, {"pk": "acbjay9yup7bkot5t2hzvp7aeolrzsfb", "model": "sessions.session", "fields": {"expire_date": "2014-04-08T13:56:09.027Z", "session_data": "MDhmMTFiODUxNmYxNDk1MjUwNGZkNjFhNTkyZGExZTI3NDc0MDc3ZTp7Il9hdXRoX3VzZXJfYmFja2VuZCI6ImRqYW5nby5jb250cmliLmF1dGguYmFja2VuZHMuTW9kZWxCYWNrZW5kIiwiX2F1dGhfdXNlcl9pZCI6N30="}}, {"pk": 1, "model": "south.migrationhistory", "fields": {"applied": "2014-03-25T13:56:08.037Z", "app_name": "ed_news", "migration": "0001_initial"}}, {"pk": 2, "model": "south.migrationhistory", "fields": {"applied": "2014-03-25T13:56:08.092Z", "app_name": "ed_news", "migration": "0002_auto__add_field_textpost_url"}}, {"pk": 3, "model": "south.migrationhistory", "fields": {"applied": "2014-03-25T13:56:08.164Z", "app_name": "ed_news", "migration": "0003_auto__del_field_article_url__del_field_textpost_url__add_field_submiss"}}, {"pk": 1, "model": "auth.permission", "fields": {"codename": "add_logentry", "name": "Can add log entry", "content_type": 1}}, {"pk": 2, "model": "auth.permission", "fields": {"codename": "change_logentry", "name": "Can change log entry", "content_type": 1}}, {"pk": 3, "model": "auth.permission", "fields": {"codename": "delete_logentry", "name": "Can delete log entry", "content_type": 1}}, {"pk": 4, "model": "auth.permission", "fields": {"codename": "add_permission", "name": "Can add permission", "content_type": 2}}, {"pk": 5, "model": "auth.permission", "fields": {"codename": "change_permission", "name": "Can change permission", "content_type": 2}}, {"pk": 6, "model": "auth.permission", "fields": {"codename": "delete_permission", "name": "Can delete permission", "content_type": 2}}, {"pk": 7, "model": "auth.permission", "fields": {"codename": "add_group", "name": "Can add group", "content_type": 3}}, {"pk": 8, "model": "auth.permission", "fields": {"codename": "change_group", "name": "Can change group", "content_type": 3}}, {"pk": 9, "model": "auth.permission", "fields": {"codename": "delete_group", "name": "Can delete group", "content_type": 3}}, {"pk": 10, "model": "auth.permission", "fields": {"codename": "add_user", "name": "Can add user", "content_type": 4}}, {"pk": 11, "model": "auth.permission", "fields": {"codename": "change_user", "name": "Can change user", "content_type": 4}}, {"pk": 12, "model": "auth.permission", "fields": {"codename": "delete_user", "name": "Can delete user", "content_type": 4}}, {"pk": 13, "model": "auth.permission", "fields": {"codename": "add_contenttype", "name": "Can add content type", "content_type": 5}}, {"pk": 14, "model": "auth.permission", "fields": {"codename": "change_contenttype", "name": "Can change content type", "content_type": 5}}, {"pk": 15, "model": "auth.permission", "fields": {"codename": "delete_contenttype", "name": "Can delete content type", "content_type": 5}}, {"pk": 16, "model": "auth.permission", "fields": {"codename": "add_session", "name": "Can add session", "content_type": 6}}, {"pk": 17, "model": "auth.permission", "fields": {"codename": "change_session", "name": "Can change session", "content_type": 6}}, {"pk": 18, "model": "auth.permission", "fields": {"codename": "delete_session", "name": "Can delete session", "content_type": 6}}, {"pk": 19, "model": "auth.permission", "fields": {"codename": "add_migrationhistory", "name": "Can add migration history", "content_type": 7}}, {"pk": 20, "model": "auth.permission", "fields": {"codename": "change_migrationhistory", "name": "Can change migration history", "content_type": 7}}, {"pk": 21, "model": "auth.permission", "fields": {"codename": "delete_migrationhistory", "name": "Can delete migration history", "content_type": 7}}, {"pk": 22, "model": "auth.permission", "fields": {"codename": "add_submission", "name": "Can add submission", "content_type": 8}}, {"pk": 23, "model": "auth.permission", "fields": {"codename": "change_submission", "name": "Can change submission", "content_type": 8}}, {"pk": 24, "model": "auth.permission", "fields": {"codename": "delete_submission", "name": "Can delete submission", "content_type": 8}}, {"pk": 25, "model": "auth.permission", "fields": {"codename": "add_article", "name": "Can add article", "content_type": 9}}, {"pk": 26, "model": "auth.permission", "fields": {"codename": "change_article", "name": "Can change article", "content_type": 9}}, {"pk": 27, "model": "auth.permission", "fields": {"codename": "delete_article", "name": "Can delete article", "content_type": 9}}, {"pk": 28, "model": "auth.permission", "fields": {"codename": "add_textpost", "name": "Can add text post", "content_type": 10}}, {"pk": 29, "model": "auth.permission", "fields": {"codename": "change_textpost", "name": "Can change text post", "content_type": 10}}, {"pk": 30, "model": "auth.permission", "fields": {"codename": "delete_textpost", "name": "Can delete text post", "content_type": 10}}, {"pk": 31, "model": "auth.permission", "fields": {"codename": "add_userprofile", "name": "Can add user profile", "content_type": 11}}, {"pk": 32, "model": "auth.permission", "fields": {"codename": "change_userprofile", "name": "Can change user profile", "content_type": 11}}, {"pk": 33, "model": "auth.permission", "fields": {"codename": "delete_userprofile", "name": "Can delete user profile", "content_type": 11}}, {"pk": 34, "model": "auth.permission", "fields": {"codename": "add_comment", "name": "Can add comment", "content_type": 12}}, {"pk": 35, "model": "auth.permission", "fields": {"codename": "change_comment", "name": "Can change comment", "content_type": 12}}, {"pk": 36, "model": "auth.permission", "fields": {"codename": "delete_comment", "name": "Can delete comment", "content_type": 12}}, {"pk": 37, "model": "auth.permission", "fields": {"codename": "can_downvote_comment", "name": "Can downvote comments", "content_type": 12}}, {"pk": 38, "model": "auth.permission", "fields": {"codename": "can_flag_comment", "name": "Can flag comments", "content_type": 12}}, {"pk": 39, "model": "auth.permission", "fields": {"codename": "can_flag_submission", "name": "Can flag submissions", "content_type": 8}}, {"pk": 1, "model": "auth.group", "fields": {"name": "Active Members", "permissions": [37, 38, 39]}}, {"pk": 1, "model": "auth.user", "fields": {"username": "user_0", "first_name": "", "last_name": "", "is_active": true, "is_superuser": false, "is_staff": false, "last_login": "2014-03-25T13:56:08.596Z", "groups": [], "user_permissions": [], "password": "pbkdf2_sha256$12000$QYMvVwltctty$I50ppCqSvvYJ1rQCrIbDjtb0JC+mB+KoTnCdHsFhJTI=", "email": "", "date_joined": "2014-03-25T13:56:08.229Z"}}, {"pk": 2, "model": "auth.user", "fields": {"username": "user_1", "first_name": "", "last_name": "", "is_active": true, "is_superuser": false, "is_staff": false, "last_login": "2014-03-25T13:56:08.658Z", "groups": [], "user_permissions": [], "password": "pbkdf2_sha256$12000$gWIrLYdyOter$fghxB6L43YZVGNhuuT5FyJ8XX+zO4klgp7n4KLAOR0c=", "email": "", "date_joined": "2014-03-25T13:56:08.280Z"}}, {"pk": 3, "model": "auth.user", "fields": {"username": "user_2", "first_name": "", "last_name": "", "is_active": true, "is_superuser": false, "is_staff": false, "last_login": "2014-03-25T13:56:08.730Z", "groups": [], "user_permissions": [], "password": "pbkdf2_sha256$12000$NGYRAX2cF3YG$sB8tBCiLanGAwjgY51/KSJux682Lu2qjtNQnVMJYGLs=", "email": "", "date_joined": "2014-03-25T13:56:08.326Z"}}, {"pk": 4, "model": "auth.user", "fields": {"username": "user_3", "first_name": "", "last_name": "", "is_active": true, "is_superuser": false, "is_staff": false, "last_login": "2014-03-25T13:56:08.811Z", "groups": [], "user_permissions": [], "password": "pbkdf2_sha256$12000$aTezns9IT7kV$2GkI/VMxc1xd/XNqaYXXbF5qKaORlBCTZj9o5WtN8js=", "email": "", "date_joined": "2014-03-25T13:56:08.366Z"}}, {"pk": 5, "model": "auth.user", "fields": {"username": "user_4", "first_name": "", "last_name": "", "is_active": true, "is_superuser": false, "is_staff": false, "last_login": "2014-03-25T13:56:08.878Z", "groups": [], "user_permissions": [], "password": "pbkdf2_sha256$12000$jHVybAE3MRCk$Cp5jviKiXwR9c/9RFa1/2PxOKSutgAuAhHpc1Zt9vL0=", "email": "", "date_joined": "2014-03-25T13:56:08.415Z"}}, {"pk": 6, "model": "auth.user", "fields": {"username": "user_5", "first_name": "", "last_name": "", "is_active": true, "is_superuser": false, "is_staff": false, "last_login": "2014-03-25T13:56:08.954Z", "groups": [], "user_permissions": [], "password": "pbkdf2_sha256$12000$kXiDyRgR1a0d$7uKPL6YDpE4LTfoS6hbSjDyJFFo1LhJXuDpkuIXySog=", "email": "", "date_joined": "2014-03-25T13:56:08.463Z"}}, {"pk": 7, "model": "auth.user", "fields": {"username": "user_6", "first_name": "", "last_name": "", "is_active": true, "is_superuser": false, "is_staff": false, "last_login": "2014-03-25T13:56:09.026Z", "groups": [], "user_permissions": [], "password": "pbkdf2_sha256$12000$wCtOY0X8m8JV$XvoDUXZut/8LQVBcqh3XhMavN6wKk2AWxdqXig8k+eU=", "email": "", "date_joined": "2014-03-25T13:56:08.509Z"}}, {"pk": 1, "model": "ed_news.submission", "fields": {"ranking_points": 40, "title": "I googled my username: user_0-0", "url": "http://google.com/#q=user_0-0", "visible": true, "flags": [], "submission_time": "2014-03-24T10:40:03.601Z", "submitter": 1, "upvotes": []}}, {"pk": 2, "model": "ed_news.submission", "fields": {"ranking_points": 50, "title": "I googled my username: user_0-1", "url": "http://google.com/#q=user_0-1", "visible": true, "flags": [], "submission_time": "2014-03-23T14:46:26.605Z", "submitter": 1, "upvotes": [2]}}, {"pk": 3, "model": "ed_news.submission", "fields": {"ranking_points": 105, "title": "I googled my username: user_0-2", "url": "http://google.com/#q=user_0-2", "visible": true, "flags": [], "submission_time": "2014-03-23T14:39:21.611Z", "submitter": 1, "upvotes": [2, 7]}}, {"pk": 4, "model": "ed_news.submission", "fields": {"ranking_points": 75, "title": "I googled my username: user_1-0", "url": "http://google.com/#q=user_1-0", "visible": true, "flags": [], "submission_time": "2014-03-23T23:19:29.663Z", "submitter": 2, "upvotes": [5]}}, {"pk": 5, "model": "ed_news.submission", "fields": {"ranking_points": 65, "title": "I googled my username: user_1-1", "url": "http://google.com/#q=user_1-1", "visible": true, "flags": [], "submission_time": "2014-03-24T03:32:20.672Z", "submitter": 2, "upvotes": []}}, {"pk": 6, "model": "ed_news.submission", "fields": {"ranking_points": 88, "title": "I googled my username: user_1-2", "url": "http://google.com/#q=user_1-2", "visible": true, "flags": [], "submission_time": "2014-03-24T17:55:23.677Z", "submitter": 2, "upvotes": [3]}}, {"pk": 7, "model": "ed_news.submission", "fields": {"ranking_points": 133, "title": "I googled my username: user_2-0", "url": "http://google.com/#q=user_2-0", "visible": true, "flags": [], "submission_time": "2014-03-25T12:36:11.735Z", "submitter": 3, "upvotes": [4, 5]}}, {"pk": 8, "model": "ed_news.submission", "fields": {"ranking_points": 139, "title": "I googled my username: user_2-1", "url": "http://google.com/#q=user_2-1", "visible": true, "flags": [], "submission_time": "2014-03-25T11:57:44.740Z", "submitter": 3, "upvotes": [4, 7]}}, {"pk": 9, "model": "ed_news.submission", "fields": {"ranking_points": 95, "title": "I googled my username: user_2-2", "url": "http://google.com/#q=user_2-2", "visible": true, "flags": [], "submission_time": "2014-03-25T06:55:10.745Z", "submitter": 3, "upvotes": []}}, {"pk": 10, "model": "ed_news.submission", "fields": {"ranking_points": 80, "title": "I googled my username: user_3-0", "url": "http://google.com/#q=user_3-0", "visible": true, "flags": [], "submission_time": "2014-03-24T09:41:41.819Z", "submitter": 4, "upvotes": [3, 4, 5]}}, {"pk": 11, "model": "ed_news.submission", "fields": {"ranking_points": 55, "title": "I googled my username: user_3-1", "url": "http://google.com/#q=user_3-1", "visible": true, "flags": [], "submission_time": "2014-03-23T18:35:17.825Z", "submitter": 4, "upvotes": [3]}}, {"pk": 12, "model": "ed_news.submission", "fields": {"ranking_points": 102, "title": "I googled my username: user_3-2", "url": "http://google.com/#q=user_3-2", "visible": true, "flags": [], "submission_time": "2014-03-25T10:39:23.830Z", "submitter": 4, "upvotes": []}}, {"pk": 13, "model": "ed_news.submission", "fields": {"ranking_points": 55, "title": "I googled my username: user_4-0", "url": "http://google.com/#q=user_4-0", "visible": true, "flags": [], "submission_time": "2014-03-23T15:32:50.886Z", "submitter": 5, "upvotes": [2, 7]}}, {"pk": 14, "model": "ed_news.submission", "fields": {"ranking_points": 70, "title": "I googled my username: user_4-1", "url": "http://google.com/#q=user_4-1", "visible": true, "flags": [], "submission_time": "2014-03-24T13:21:28.891Z", "submitter": 5, "upvotes": [1]}}, {"pk": 15, "model": "ed_news.submission", "fields": {"ranking_points": 49, "title": "I googled my username: user_4-2", "url": "http://google.com/#q=user_4-2", "visible": true, "flags": [], "submission_time": "2014-03-24T20:15:47.897Z", "submitter": 5, "upvotes": [1]}}, {"pk": 16, "model": "ed_news.submission", "fields": {"ranking_points": 45, "title": "I googled my username: user_5-0", "url": "http://google.com/#q=user_5-0", "visible": true, "flags": [], "submission_time": "2014-03-24T08:25:55.959Z", "submitter": 6, "upvotes": []}}, {"pk": 17, "model": "ed_news.submission", "fields": {"ranking_points": 41, "title": "I googled my username: user_5-1", "url": "http://google.com/#q=user_5-1", "visible": true, "flags": [], "submission_time": "2014-03-24T17:31:58.963Z", "submitter": 6, "upvotes": []}}, {"pk": 18, "model": "ed_news.submission", "fields": {"ranking_points": 124, "title": "I googled my username: user_5-2", "url": "http://google.com/#q=user_5-2", "visible": true, "flags": [], "submission_time": "2014-03-25T04:04:11.968Z", "submitter": 6, "upvotes": [1]}}, {"pk": 19, "model": "ed_news.submission", "fields": {"ranking_points": 50, "title": "I googled my username: user_6-0", "url": "http://google.com/#q=user_6-0", "visible": true, "flags": [], "submission_time": "2014-03-24T15:57:28.031Z", "submitter": 7, "upvotes": [6]}}, {"pk": 20, "model": "ed_news.submission", "fields": {"ranking_points": 40, "title": "I googled my username: user_6-1", "url": "http://google.com/#q=user_6-1", "visible": true, "flags": [], "submission_time": "2014-03-24T04:31:50.037Z", "submitter": 7, "upvotes": []}}, {"pk": 21, "model": "ed_news.submission", "fields": {"ranking_points": 165, "title": "I googled my username: user_6-2", "url": "http://google.com/#q=user_6-2", "visible": true, "flags": [], "submission_time": "2014-03-25T12:56:36.043Z", "submitter": 7, "upvotes": [6]}}, {"pk": 1, "model": "ed_news.article", "fields": {"upvotes": [], "flags": []}}, {"pk": 2, "model": "ed_news.article", "fields": {"upvotes": [2], "flags": []}}, {"pk": 3, "model": "ed_news.article", "fields": {"upvotes": [2, 7], "flags": []}}, {"pk": 4, "model": "ed_news.article", "fields": {"upvotes": [5], "flags": []}}, {"pk": 5, "model": "ed_news.article", "fields": {"upvotes": [], "flags": []}}, {"pk": 6, "model": "ed_news.article", "fields": {"upvotes": [3], "flags": []}}, {"pk": 7, "model": "ed_news.article", "fields": {"upvotes": [4, 5], "flags": []}}, {"pk": 8, "model": "ed_news.article", "fields": {"upvotes": [4, 7], "flags": []}}, {"pk": 9, "model": "ed_news.article", "fields": {"upvotes": [], "flags": []}}, {"pk": 10, "model": "ed_news.article", "fields": {"upvotes": [3, 4, 5], "flags": []}}, {"pk": 11, "model": "ed_news.article", "fields": {"upvotes": [3], "flags": []}}, {"pk": 12, "model": "ed_news.article", "fields": {"upvotes": [], "flags": []}}, {"pk": 13, "model": "ed_news.article", "fields": {"upvotes": [2, 7], "flags": []}}, {"pk": 14, "model": "ed_news.article", "fields": {"upvotes": [1], "flags": []}}, {"pk": 15, "model": "ed_news.article", "fields": {"upvotes": [1], "flags": []}}, {"pk": 16, "model": "ed_news.article", "fields": {"upvotes": [], "flags": []}}, {"pk": 17, "model": "ed_news.article", "fields": {"upvotes": [], "flags": []}}, {"pk": 18, "model": "ed_news.article", "fields": {"upvotes": [1], "flags": []}}, {"pk": 19, "model": "ed_news.article", "fields": {"upvotes": [6], "flags": []}}, {"pk": 20, "model": "ed_news.article", "fields": {"upvotes": [], "flags": []}}, {"pk": 21, "model": "ed_news.article", "fields": {"upvotes": [6], "flags": []}}, {"pk": 1, "model": "ed_news.userprofile", "fields": {"email_public": false, "user": 1, "show_invisible": false, "karma": 2}}, {"pk": 2, "model": "ed_news.userprofile", "fields": {"email_public": false, "user": 2, "show_invisible": false, "karma": 2}}, {"pk": 3, "model": "ed_news.userprofile", "fields": {"email_public": false, "user": 3, "show_invisible": false, "karma": 2}}, {"pk": 4, "model": "ed_news.userprofile", "fields": {"email_public": false, "user": 4, "show_invisible": false, "karma": 2}}, {"pk": 5, "model": "ed_news.userprofile", "fields": {"email_public": false, "user": 5, "show_invisible": false, "karma": 4}}, {"pk": 6, "model": "ed_news.userprofile", "fields": {"email_public": false, "user": 6, "show_invisible": false, "karma": 1}}, {"pk": 7, "model": "ed_news.userprofile", "fields": {"email_public": false, "user": 7, "show_invisible": false, "karma": 2}}, {"pk": 1, "model": "ed_news.comment", "fields": {"ranking_points": 0, "comment_text": "I just don't think you'll ever make a magnetic monopole. 0", "author": 1, "parent_submission": 1, "parent_comment": null, "visible": true, "flags": [], "submission_time": "2014-03-24T14:43:42.051Z", "upvotes": [], "downvotes": []}}, {"pk": 2, "model": "ed_news.comment", "fields": {"ranking_points": 0, "comment_text": "I just don't think you'll ever make a magnetic monopole. 1", "author": 3, "parent_submission": 1, "parent_comment": null, "visible": true, "flags": [], "submission_time": "2014-03-24T13:07:52.054Z", "upvotes": [], "downvotes": []}}, {"pk": 3, "model": "ed_news.comment", "fields": {"ranking_points": 0, "comment_text": "I just don't think you'll ever make a magnetic monopole. 2", "author": 2, "parent_submission": 1, "parent_comment": null, "visible": true, "flags": [], "submission_time": "2014-03-25T02:33:33.057Z", "upvotes": [], "downvotes": []}}, {"pk": 4, "model": "ed_news.comment", "fields": {"ranking_points": 0, "comment_text": "I just don't think you'll ever make a magnetic monopole. 3", "author": 3, "parent_submission": 1, "parent_comment": null, "visible": true, "flags": [], "submission_time": "2014-03-25T02:06:57.060Z", "upvotes": [], "downvotes": []}}, {"pk": 5, "model": "ed_news.comment", "fields": {"ranking_points": 0, "comment_text": "I just don't think you'll ever make a magnetic monopole. 4", "author": 3, "parent_submission": 1, "parent_comment": null, "visible": true, "flags": [], "submission_time": "2014-03-25T11:45:16.062Z", "upvotes": [], "downvotes": []}}, {"pk": 6, "model": "ed_news.comment", "fields": {"ranking_points": 0, "comment_text": "I just don't think you'll ever make a magnetic monopole. 5", "author": 6, "parent_submission": 2, "parent_comment": null, "visible": true, "flags": [], "submission_time": "2014-03-23T14:57:44.064Z", "upvotes": [], "downvotes": []}}, {"pk": 7, "model": "ed_news.comment", "fields": {"ranking_points": 0, "comment_text": "I just don't think you'll ever make a magnetic monopole. 6", "author": 2, "parent_submission": 2, "parent_comment": null, "visible": true, "flags": [], "submission_time": "2014-03-23T18:18:34.067Z", "upvotes": [], "downvotes": []}}, {"pk": 8, "model": "ed_news.comment", "fields": {"ranking_points": 0, "comment_text": "I just don't think you'll ever make a magnetic monopole. 7", "author": 2, "parent_submission": 2, "parent_comment": null, "visible": true, "flags": [], "submission_time": "2014-03-25T03:20:34.070Z", "upvotes": [], "downvotes": []}}, {"pk": 9, "model": "ed_news.comment", "fields": {"ranking_points": 0, "comment_text": "I just don't think you'll ever make a magnetic monopole. 8", "author": 6, "parent_submission": 2, "parent_comment": null, "visible": true, "flags": [], "submission_time": "2014-03-23T21:49:12.072Z", "upvotes": [], "downvotes": []}}, {"pk": 10, "model": "ed_news.comment", "fields": {"ranking_points": 0, "comment_text": "I just don't think you'll ever make a magnetic monopole. 9", "author": 7, "parent_submission": 2, "parent_comment": null, "visible": true, "flags": [], "submission_time": "2014-03-25T11:03:04.074Z", "upvotes": [], "downvotes": []}}, {"pk": 11, "model": "ed_news.comment", "fields": {"ranking_points": 0, "comment_text": "I just don't think you'll ever make a magnetic monopole. 10", "author": 3, "parent_submission": 3, "parent_comment": null, "visible": true, "flags": [], "submission_time": "2014-03-25T06:22:55.076Z", "upvotes": [], "downvotes": []}}, {"pk": 12, "model": "ed_news.comment", "fields": {"ranking_points": 0, "comment_text": "I just don't think you'll ever make a magnetic monopole. 11", "author": 1, "parent_submission": 3, "parent_comment": null, "visible": true, "flags": [], "submission_time": "2014-03-24T01:13:17.078Z", "upvotes": [], "downvotes": []}}, {"pk": 13, "model": "ed_news.comment", "fields": {"ranking_points": 0, "comment_text": "I just don't think you'll ever make a magnetic monopole. 12", "author": 1, "parent_submission": 3, "parent_comment": null, "visible": true, "flags": [], "submission_time": "2014-03-24T01:12:06.080Z", "upvotes": [], "downvotes": []}}, {"pk": 14, "model": "ed_news.comment", "fields": {"ranking_points": 0, "comment_text": "I just don't think you'll ever make a magnetic monopole. 13", "author": 3, "parent_submission": 3, "parent_comment": null, "visible": true, "flags": [], "submission_time": "2014-03-23T19:36:43.082Z", "upvotes": [], "downvotes": []}}, {"pk": 15, "model": "ed_news.comment", "fields": {"ranking_points": 0, "comment_text": "I just don't think you'll ever make a magnetic monopole. 14", "author": 6, "parent_submission": 3, "parent_comment": null, "visible": true, "flags": [], "submission_time": "2014-03-24T19:35:21.083Z", "upvotes": [], "downvotes": []}}, {"pk": 16, "model": "ed_news.comment", "fields": {"ranking_points": 0, "comment_text": "I just don't think you'll ever make a magnetic monopole. 15", "author": 2, "parent_submission": 4, "parent_comment": null, "visible": true, "flags": [], "submission_time": "2014-03-25T07:17:30.085Z", "upvotes": [], "downvotes": []}}, {"pk": 17, "model": "ed_news.comment", "fields": {"ranking_points": 0, "comment_text": "I just don't think you'll ever make a magnetic monopole. 16", "author": 3, "parent_submission": 4, "parent_comment": null, "visible": true, "flags": [], "submission_time": "2014-03-24T20:57:06.087Z", "upvotes": [], "downvotes": []}}, {"pk": 18, "model": "ed_news.comment", "fields": {"ranking_points": 0, "comment_text": "I just don't think you'll ever make a magnetic monopole. 17", "author": 7, "parent_submission": 4, "parent_comment": null, "visible": true, "flags": [], "submission_time": "2014-03-25T01:52:14.089Z", "upvotes": [], "downvotes": []}}, {"pk": 19, "model": "ed_news.comment", "fields": {"ranking_points": 0, "comment_text": "I just don't think you'll ever make a magnetic monopole. 18", "author": 1, "parent_submission": 4, "parent_comment": null, "visible": true, "flags": [], "submission_time": "2014-03-24T03:55:05.091Z", "upvotes": [], "downvotes": []}}, {"pk": 20, "model": "ed_news.comment", "fields": {"ranking_points": 0, "comment_text": "I just don't think you'll ever make a magnetic monopole. 19", "author": 3, "parent_submission": 4, "parent_comment": null, "visible": true, "flags": [], "submission_time": "2014-03-24T11:09:30.092Z", "upvotes": [], "downvotes": []}}, {"pk": 21, "model": "ed_news.comment", "fields": {"ranking_points": 0, "comment_text": "I just don't think you'll ever make a magnetic monopole. 20", "author": 7, "parent_submission": 5, "parent_comment": null, "visible": true, "flags": [], "submission_time": "2014-03-25T01:26:00.093Z", "upvotes": [], "downvotes": []}}, {"pk": 22, "model": "ed_news.comment", "fields": {"ranking_points": 0, "comment_text": "I just don't think you'll ever make a magnetic monopole. 21", "author": 3, "parent_submission": 5, "parent_comment": null, "visible": true, "flags": [], "submission_time": "2014-03-25T05:55:09.094Z", "upvotes": [], "downvotes": []}}, {"pk": 23, "model": "ed_news.comment", "fields": {"ranking_points": 0, "comment_text": "I just don't think you'll ever make a magnetic monopole. 22", "author": 4, "parent_submission": 5, "parent_comment": null, "visible": true, "flags": [], "submission_time": "2014-03-25T05:44:09.095Z", "upvotes": [], "downvotes": []}}, {"pk": 24, "model": "ed_news.comment", "fields": {"ranking_points": 0, "comment_text": "I just don't think you'll ever make a magnetic monopole. 23", "author": 7, "parent_submission": 5, "parent_comment": null, "visible": true, "flags": [], "submission_time": "2014-03-24T06:29:28.097Z", "upvotes": [], "downvotes": []}}, {"pk": 25, "model": "ed_news.comment", "fields": {"ranking_points": 0, "comment_text": "I just don't think you'll ever make a magnetic monopole. 24", "author": 7, "parent_submission": 5, "parent_comment": null, "visible": true, "flags": [], "submission_time": "2014-03-24T21:58:52.100Z", "upvotes": [], "downvotes": []}}, {"pk": 26, "model": "ed_news.comment", "fields": {"ranking_points": 0, "comment_text": "I just don't think you'll ever make a magnetic monopole. 25", "author": 6, "parent_submission": 6, "parent_comment": null, "visible": true, "flags": [], "submission_time": "2014-03-25T08:25:41.102Z", "upvotes": [], "downvotes": []}}, {"pk": 27, "model": "ed_news.comment", "fields": {"ranking_points": 0, "comment_text": "I just don't think you'll ever make a magnetic monopole. 26", "author": 5, "parent_submission": 6, "parent_comment": null, "visible": true, "flags": [], "submission_time": "2014-03-25T05:29:45.104Z", "upvotes": [], "downvotes": []}}, {"pk": 28, "model": "ed_news.comment", "fields": {"ranking_points": 0, "comment_text": "I just don't think you'll ever make a magnetic monopole. 27", "author": 5, "parent_submission": 6, "parent_comment": null, "visible": true, "flags": [], "submission_time": "2014-03-25T11:24:45.106Z", "upvotes": [], "downvotes": []}}, {"pk": 29, "model": "ed_news.comment", "fields": {"ranking_points": 0, "comment_text": "I just don't think you'll ever make a magnetic monopole. 28", "author": 4, "parent_submission": 6, "parent_comment": null, "visible": true, "flags": [], "submission_time": "2014-03-25T11:35:25.109Z", "upvotes": [], "downvotes": []}}, {"pk": 30, "model": "ed_news.comment", "fields": {"ranking_points": 0, "comment_text": "I just don't think you'll ever make a magnetic monopole. 29", "author": 4, "parent_submission": 6, "parent_comment": null, "visible": true, "flags": [], "submission_time": "2014-03-25T07:23:06.111Z", "upvotes": [], "downvotes": []}}, {"pk": 31, "model": "ed_news.comment", "fields": {"ranking_points": 0, "comment_text": "I just don't think you'll ever make a magnetic monopole. 30", "author": 7, "parent_submission": 7, "parent_comment": null, "visible": true, "flags": [], "submission_time": "2014-03-25T13:09:57.114Z", "upvotes": [], "downvotes": []}}, {"pk": 32, "model": "ed_news.comment", "fields": {"ranking_points": 0, "comment_text": "I just don't think you'll ever make a magnetic monopole. 31", "author": 1, "parent_submission": 7, "parent_comment": null, "visible": true, "flags": [], "submission_time": "2014-03-25T13:12:19.116Z", "upvotes": [], "downvotes": []}}, {"pk": 33, "model": "ed_news.comment", "fields": {"ranking_points": 0, "comment_text": "I just don't think you'll ever make a magnetic monopole. 32", "author": 5, "parent_submission": 7, "parent_comment": null, "visible": true, "flags": [], "submission_time": "2014-03-25T13:32:20.119Z", "upvotes": [], "downvotes": []}}, {"pk": 34, "model": "ed_news.comment", "fields": {"ranking_points": 0, "comment_text": "I just don't think you'll ever make a magnetic monopole. 33", "author": 5, "parent_submission": 7, "parent_comment": null, "visible": true, "flags": [], "submission_time": "2014-03-25T12:42:56.122Z", "upvotes": [], "downvotes": []}}, {"pk": 35, "model": "ed_news.comment", "fields": {"ranking_points": 0, "comment_text": "I just don't think you'll ever make a magnetic monopole. 34", "author": 6, "parent_submission": 7, "parent_comment": null, "visible": true, "flags": [], "submission_time": "2014-03-25T13:01:46.124Z", "upvotes": [], "downvotes": []}}, {"pk": 36, "model": "ed_news.comment", "fields": {"ranking_points": 0, "comment_text": "I just don't think you'll ever make a magnetic monopole. 35", "author": 5, "parent_submission": 8, "parent_comment": null, "visible": true, "flags": [], "submission_time": "2014-03-25T13:23:36.127Z", "upvotes": [], "downvotes": []}}, {"pk": 37, "model": "ed_news.comment", "fields": {"ranking_points": 0, "comment_text": "I just don't think you'll ever make a magnetic monopole. 36", "author": 3, "parent_submission": 8, "parent_comment": null, "visible": true, "flags": [], "submission_time": "2014-03-25T12:33:10.130Z", "upvotes": [], "downvotes": []}}, {"pk": 38, "model": "ed_news.comment", "fields": {"ranking_points": 0, "comment_text": "I just don't think you'll ever make a magnetic monopole. 37", "author": 4, "parent_submission": 8, "parent_comment": null, "visible": true, "flags": [], "submission_time": "2014-03-25T12:17:31.133Z", "upvotes": [], "downvotes": []}}, {"pk": 39, "model": "ed_news.comment", "fields": {"ranking_points": 0, "comment_text": "I just don't think you'll ever make a magnetic monopole. 38", "author": 2, "parent_submission": 8, "parent_comment": null, "visible": true, "flags": [], "submission_time": "2014-03-25T12:18:43.135Z", "upvotes": [], "downvotes": []}}, {"pk": 40, "model": "ed_news.comment", "fields": {"ranking_points": 0, "comment_text": "I just don't think you'll ever make a magnetic monopole. 39", "author": 1, "parent_submission": 8, "parent_comment": null, "visible": true, "flags": [], "submission_time": "2014-03-25T13:32:51.138Z", "upvotes": [], "downvotes": []}}, {"pk": 41, "model": "ed_news.comment", "fields": {"ranking_points": 0, "comment_text": "I just don't think you'll ever make a magnetic monopole. 40", "author": 3, "parent_submission": 9, "parent_comment": null, "visible": true, "flags": [], "submission_time": "2014-03-25T13:09:19.140Z", "upvotes": [], "downvotes": []}}, {"pk": 42, "model": "ed_news.comment", "fields": {"ranking_points": 0, "comment_text": "I just don't think you'll ever make a magnetic monopole. 41", "author": 3, "parent_submission": 9, "parent_comment": null, "visible": true, "flags": [], "submission_time": "2014-03-25T07:04:22.143Z", "upvotes": [], "downvotes": []}}, {"pk": 43, "model": "ed_news.comment", "fields": {"ranking_points": 0, "comment_text": "I just don't think you'll ever make a magnetic monopole. 42", "author": 6, "parent_submission": 9, "parent_comment": null, "visible": true, "flags": [], "submission_time": "2014-03-25T11:52:00.146Z", "upvotes": [], "downvotes": []}}, {"pk": 44, "model": "ed_news.comment", "fields": {"ranking_points": 0, "comment_text": "I just don't think you'll ever make a magnetic monopole. 43", "author": 5, "parent_submission": 9, "parent_comment": null, "visible": true, "flags": [], "submission_time": "2014-03-25T10:00:20.149Z", "upvotes": [], "downvotes": []}}, {"pk": 45, "model": "ed_news.comment", "fields": {"ranking_points": 0, "comment_text": "I just don't think you'll ever make a magnetic monopole. 44", "author": 4, "parent_submission": 9, "parent_comment": null, "visible": true, "flags": [], "submission_time": "2014-03-25T13:02:31.151Z", "upvotes": [], "downvotes": []}}, {"pk": 46, "model": "ed_news.comment", "fields": {"ranking_points": 0, "comment_text": "I just don't think you'll ever make a magnetic monopole. 45", "author": 5, "parent_submission": 10, "parent_comment": null, "visible": true, "flags": [], "submission_time": "2014-03-24T13:01:51.154Z", "upvotes": [], "downvotes": []}}, {"pk": 47, "model": "ed_news.comment", "fields": {"ranking_points": 0, "comment_text": "I just don't think you'll ever make a magnetic monopole. 46", "author": 3, "parent_submission": 10, "parent_comment": null, "visible": true, "flags": [], "submission_time": "2014-03-25T11:44:16.156Z", "upvotes": [], "downvotes": []}}, {"pk": 48, "model": "ed_news.comment", "fields": {"ranking_points": 0, "comment_text": "I just don't think you'll ever make a magnetic monopole. 47", "author": 3, "parent_submission": 10, "parent_comment": null, "visible": true, "flags": [], "submission_time": "2014-03-24T11:50:18.159Z", "upvotes": [], "downvotes": []}}, {"pk": 49, "model": "ed_news.comment", "fields": {"ranking_points": 0, "comment_text": "I just don't think you'll ever make a magnetic monopole. 48", "author": 3, "parent_submission": 10, "parent_comment": null, "visible": true, "flags": [], "submission_time": "2014-03-25T09:28:01.162Z", "upvotes": [], "downvotes": []}}, {"pk": 50, "model": "ed_news.comment", "fields": {"ranking_points": 0, "comment_text": "I just don't think you'll ever make a magnetic monopole. 49", "author": 4, "parent_submission": 10, "parent_comment": null, "visible": true, "flags": [], "submission_time": "2014-03-25T13:37:46.164Z", "upvotes": [], "downvotes": []}}, {"pk": 51, "model": "ed_news.comment", "fields": {"ranking_points": 0, "comment_text": "I just don't think you'll ever make a magnetic monopole. 50", "author": 6, "parent_submission": 11, "parent_comment": null, "visible": true, "flags": [], "submission_time": "2014-03-24T06:32:11.167Z", "upvotes": [], "downvotes": []}}, {"pk": 52, "model": "ed_news.comment", "fields": {"ranking_points": 0, "comment_text": "I just don't think you'll ever make a magnetic monopole. 51", "author": 4, "parent_submission": 11, "parent_comment": null, "visible": true, "flags": [], "submission_time": "2014-03-24T12:54:15.169Z", "upvotes": [], "downvotes": []}}, {"pk": 53, "model": "ed_news.comment", "fields": {"ranking_points": 0, "comment_text": "I just don't think you'll ever make a magnetic monopole. 52", "author": 5, "parent_submission": 11, "parent_comment": null, "visible": true, "flags": [], "submission_time": "2014-03-24T03:32:00.172Z", "upvotes": [], "downvotes": []}}, {"pk": 54, "model": "ed_news.comment", "fields": {"ranking_points": 0, "comment_text": "I just don't think you'll ever make a magnetic monopole. 53", "author": 1, "parent_submission": 11, "parent_comment": null, "visible": true, "flags": [], "submission_time": "2014-03-25T02:49:56.175Z", "upvotes": [], "downvotes": []}}, {"pk": 55, "model": "ed_news.comment", "fields": {"ranking_points": 0, "comment_text": "I just don't think you'll ever make a magnetic monopole. 54", "author": 1, "parent_submission": 11, "parent_comment": null, "visible": true, "flags": [], "submission_time": "2014-03-25T11:01:41.177Z", "upvotes": [], "downvotes": []}}, {"pk": 56, "model": "ed_news.comment", "fields": {"ranking_points": 0, "comment_text": "I just don't think you'll ever make a magnetic monopole. 55", "author": 6, "parent_submission": 12, "parent_comment": null, "visible": true, "flags": [], "submission_time": "2014-03-25T12:03:56.180Z", "upvotes": [], "downvotes": []}}, {"pk": 57, "model": "ed_news.comment", "fields": {"ranking_points": 0, "comment_text": "I just don't think you'll ever make a magnetic monopole. 56", "author": 5, "parent_submission": 12, "parent_comment": null, "visible": true, "flags": [], "submission_time": "2014-03-25T11:14:02.183Z", "upvotes": [], "downvotes": []}}, {"pk": 58, "model": "ed_news.comment", "fields": {"ranking_points": 0, "comment_text": "I just don't think you'll ever make a magnetic monopole. 57", "author": 3, "parent_submission": 12, "parent_comment": null, "visible": true, "flags": [], "submission_time": "2014-03-25T10:53:47.185Z", "upvotes": [], "downvotes": []}}, {"pk": 59, "model": "ed_news.comment", "fields": {"ranking_points": 0, "comment_text": "I just don't think you'll ever make a magnetic monopole. 58", "author": 5, "parent_submission": 12, "parent_comment": null, "visible": true, "flags": [], "submission_time": "2014-03-25T13:09:14.188Z", "upvotes": [], "downvotes": []}}, {"pk": 60, "model": "ed_news.comment", "fields": {"ranking_points": 0, "comment_text": "I just don't think you'll ever make a magnetic monopole. 59", "author": 6, "parent_submission": 12, "parent_comment": null, "visible": true, "flags": [], "submission_time": "2014-03-25T12:35:36.191Z", "upvotes": [], "downvotes": []}}, {"pk": 61, "model": "ed_news.comment", "fields": {"ranking_points": 0, "comment_text": "I just don't think you'll ever make a magnetic monopole. 60", "author": 7, "parent_submission": 13, "parent_comment": null, "visible": true, "flags": [], "submission_time": "2014-03-23T16:20:04.193Z", "upvotes": [], "downvotes": []}}, {"pk": 62, "model": "ed_news.comment", "fields": {"ranking_points": 0, "comment_text": "I just don't think you'll ever make a magnetic monopole. 61", "author": 3, "parent_submission": 13, "parent_comment": null, "visible": true, "flags": [], "submission_time": "2014-03-25T08:44:04.196Z", "upvotes": [], "downvotes": []}}, {"pk": 63, "model": "ed_news.comment", "fields": {"ranking_points": 0, "comment_text": "I just don't think you'll ever make a magnetic monopole. 62", "author": 7, "parent_submission": 13, "parent_comment": null, "visible": true, "flags": [], "submission_time": "2014-03-24T03:51:07.198Z", "upvotes": [], "downvotes": []}}, {"pk": 64, "model": "ed_news.comment", "fields": {"ranking_points": 0, "comment_text": "I just don't think you'll ever make a magnetic monopole. 63", "author": 2, "parent_submission": 13, "parent_comment": null, "visible": true, "flags": [], "submission_time": "2014-03-24T16:30:17.201Z", "upvotes": [], "downvotes": []}}, {"pk": 65, "model": "ed_news.comment", "fields": {"ranking_points": 0, "comment_text": "I just don't think you'll ever make a magnetic monopole. 64", "author": 7, "parent_submission": 13, "parent_comment": null, "visible": true, "flags": [], "submission_time": "2014-03-24T07:27:25.203Z", "upvotes": [], "downvotes": []}}, {"pk": 66, "model": "ed_news.comment", "fields": {"ranking_points": 0, "comment_text": "I just don't think you'll ever make a magnetic monopole. 65", "author": 1, "parent_submission": 14, "parent_comment": null, "visible": true, "flags": [], "submission_time": "2014-03-25T12:07:28.205Z", "upvotes": [], "downvotes": []}}, {"pk": 67, "model": "ed_news.comment", "fields": {"ranking_points": 0, "comment_text": "I just don't think you'll ever make a magnetic monopole. 66", "author": 2, "parent_submission": 14, "parent_comment": null, "visible": true, "flags": [], "submission_time": "2014-03-25T05:49:07.206Z", "upvotes": [], "downvotes": []}}, {"pk": 68, "model": "ed_news.comment", "fields": {"ranking_points": 0, "comment_text": "I just don't think you'll ever make a magnetic monopole. 67", "author": 1, "parent_submission": 14, "parent_comment": null, "visible": true, "flags": [], "submission_time": "2014-03-25T08:38:50.208Z", "upvotes": [], "downvotes": []}}, {"pk": 69, "model": "ed_news.comment", "fields": {"ranking_points": 0, "comment_text": "I just don't think you'll ever make a magnetic monopole. 68", "author": 5, "parent_submission": 14, "parent_comment": null, "visible": true, "flags": [], "submission_time": "2014-03-25T02:29:21.211Z", "upvotes": [], "downvotes": []}}, {"pk": 70, "model": "ed_news.comment", "fields": {"ranking_points": 0, "comment_text": "I just don't think you'll ever make a magnetic monopole. 69", "author": 4, "parent_submission": 14, "parent_comment": null, "visible": true, "flags": [], "submission_time": "2014-03-25T09:32:53.213Z", "upvotes": [], "downvotes": []}}, {"pk": 71, "model": "ed_news.comment", "fields": {"ranking_points": 0, "comment_text": "I just don't think you'll ever make a magnetic monopole. 70", "author": 6, "parent_submission": 15, "parent_comment": null, "visible": true, "flags": [], "submission_time": "2014-03-24T21:35:20.216Z", "upvotes": [], "downvotes": []}}, {"pk": 72, "model": "ed_news.comment", "fields": {"ranking_points": 0, "comment_text": "I just don't think you'll ever make a magnetic monopole. 71", "author": 1, "parent_submission": 15, "parent_comment": null, "visible": true, "flags": [], "submission_time": "2014-03-25T12:55:19.218Z", "upvotes": [], "downvotes": []}}, {"pk": 73, "model": "ed_news.comment", "fields": {"ranking_points": 0, "comment_text": "I just don't think you'll ever make a magnetic monopole. 72", "author": 2, "parent_submission": 15, "parent_comment": null, "visible": true, "flags": [], "submission_time": "2014-03-25T06:16:08.220Z", "upvotes": [], "downvotes": []}}, {"pk": 74, "model": "ed_news.comment", "fields": {"ranking_points": 0, "comment_text": "I just don't think you'll ever make a magnetic monopole. 73", "author": 2, "parent_submission": 15, "parent_comment": null, "visible": true, "flags": [], "submission_time": "2014-03-25T06:20:18.223Z", "upvotes": [], "downvotes": []}}, {"pk": 75, "model": "ed_news.comment", "fields": {"ranking_points": 0, "comment_text": "I just don't think you'll ever make a magnetic monopole. 74", "author": 6, "parent_submission": 15, "parent_comment": null, "visible": true, "flags": [], "submission_time": "2014-03-25T05:33:08.225Z", "upvotes": [], "downvotes": []}}, {"pk": 76, "model": "ed_news.comment", "fields": {"ranking_points": 0, "comment_text": "I just don't think you'll ever make a magnetic monopole. 75", "author": 7, "parent_submission": 16, "parent_comment": null, "visible": true, "flags": [], "submission_time": "2014-03-25T04:53:18.227Z", "upvotes": [], "downvotes": []}}, {"pk": 77, "model": "ed_news.comment", "fields": {"ranking_points": 0, "comment_text": "I just don't think you'll ever make a magnetic monopole. 76", "author": 1, "parent_submission": 16, "parent_comment": null, "visible": true, "flags": [], "submission_time": "2014-03-25T07:25:45.229Z", "upvotes": [], "downvotes": []}}, {"pk": 78, "model": "ed_news.comment", "fields": {"ranking_points": 0, "comment_text": "I just don't think you'll ever make a magnetic monopole. 77", "author": 4, "parent_submission": 16, "parent_comment": null, "visible": true, "flags": [], "submission_time": "2014-03-24T10:50:48.232Z", "upvotes": [], "downvotes": []}}, {"pk": 79, "model": "ed_news.comment", "fields": {"ranking_points": 0, "comment_text": "I just don't think you'll ever make a magnetic monopole. 78", "author": 3, "parent_submission": 16, "parent_comment": null, "visible": true, "flags": [], "submission_time": "2014-03-24T23:46:21.234Z", "upvotes": [], "downvotes": []}}, {"pk": 80, "model": "ed_news.comment", "fields": {"ranking_points": 0, "comment_text": "I just don't think you'll ever make a magnetic monopole. 79", "author": 5, "parent_submission": 16, "parent_comment": null, "visible": true, "flags": [], "submission_time": "2014-03-25T07:39:48.236Z", "upvotes": [], "downvotes": []}}, {"pk": 81, "model": "ed_news.comment", "fields": {"ranking_points": 0, "comment_text": "I just don't think you'll ever make a magnetic monopole. 80", "author": 6, "parent_submission": 17, "parent_comment": null, "visible": true, "flags": [], "submission_time": "2014-03-25T02:18:02.239Z", "upvotes": [], "downvotes": []}}, {"pk": 82, "model": "ed_news.comment", "fields": {"ranking_points": 0, "comment_text": "I just don't think you'll ever make a magnetic monopole. 81", "author": 6, "parent_submission": 17, "parent_comment": null, "visible": true, "flags": [], "submission_time": "2014-03-24T20:16:40.241Z", "upvotes": [], "downvotes": []}}, {"pk": 83, "model": "ed_news.comment", "fields": {"ranking_points": 0, "comment_text": "I just don't think you'll ever make a magnetic monopole. 82", "author": 6, "parent_submission": 17, "parent_comment": null, "visible": true, "flags": [], "submission_time": "2014-03-24T18:45:18.244Z", "upvotes": [], "downvotes": []}}, {"pk": 84, "model": "ed_news.comment", "fields": {"ranking_points": 0, "comment_text": "I just don't think you'll ever make a magnetic monopole. 83", "author": 5, "parent_submission": 17, "parent_comment": null, "visible": true, "flags": [], "submission_time": "2014-03-25T03:05:07.246Z", "upvotes": [], "downvotes": []}}, {"pk": 85, "model": "ed_news.comment", "fields": {"ranking_points": 0, "comment_text": "I just don't think you'll ever make a magnetic monopole. 84", "author": 2, "parent_submission": 17, "parent_comment": null, "visible": true, "flags": [], "submission_time": "2014-03-25T01:36:23.249Z", "upvotes": [], "downvotes": []}}, {"pk": 86, "model": "ed_news.comment", "fields": {"ranking_points": 0, "comment_text": "I just don't think you'll ever make a magnetic monopole. 85", "author": 6, "parent_submission": 18, "parent_comment": null, "visible": true, "flags": [], "submission_time": "2014-03-25T06:01:32.252Z", "upvotes": [], "downvotes": []}}, {"pk": 87, "model": "ed_news.comment", "fields": {"ranking_points": 0, "comment_text": "I just don't think you'll ever make a magnetic monopole. 86", "author": 5, "parent_submission": 18, "parent_comment": null, "visible": true, "flags": [], "submission_time": "2014-03-25T09:23:12.254Z", "upvotes": [], "downvotes": []}}, {"pk": 88, "model": "ed_news.comment", "fields": {"ranking_points": 0, "comment_text": "I just don't think you'll ever make a magnetic monopole. 87", "author": 4, "parent_submission": 18, "parent_comment": null, "visible": true, "flags": [], "submission_time": "2014-03-25T05:35:48.257Z", "upvotes": [], "downvotes": []}}, {"pk": 89, "model": "ed_news.comment", "fields": {"ranking_points": 0, "comment_text": "I just don't think you'll ever make a magnetic monopole. 88", "author": 1, "parent_submission": 18, "parent_comment": null, "visible": true, "flags": [], "submission_time": "2014-03-25T05:25:18.259Z", "upvotes": [], "downvotes": []}}, {"pk": 90, "model": "ed_news.comment", "fields": {"ranking_points": 0, "comment_text": "I just don't think you'll ever make a magnetic monopole. 89", "author": 7, "parent_submission": 18, "parent_comment": null, "visible": true, "flags": [], "submission_time": "2014-03-25T06:55:48.262Z", "upvotes": [], "downvotes": []}}, {"pk": 91, "model": "ed_news.comment", "fields": {"ranking_points": 0, "comment_text": "I just don't think you'll ever make a magnetic monopole. 90", "author": 1, "parent_submission": 19, "parent_comment": null, "visible": true, "flags": [], "submission_time": "2014-03-25T13:43:48.265Z", "upvotes": [], "downvotes": []}}, {"pk": 92, "model": "ed_news.comment", "fields": {"ranking_points": 0, "comment_text": "I just don't think you'll ever make a magnetic monopole. 91", "author": 3, "parent_submission": 19, "parent_comment": null, "visible": true, "flags": [], "submission_time": "2014-03-24T21:10:34.268Z", "upvotes": [], "downvotes": []}}, {"pk": 93, "model": "ed_news.comment", "fields": {"ranking_points": 0, "comment_text": "I just don't think you'll ever make a magnetic monopole. 92", "author": 3, "parent_submission": 19, "parent_comment": null, "visible": true, "flags": [], "submission_time": "2014-03-24T16:47:39.271Z", "upvotes": [], "downvotes": []}}, {"pk": 94, "model": "ed_news.comment", "fields": {"ranking_points": 0, "comment_text": "I just don't think you'll ever make a magnetic monopole. 93", "author": 3, "parent_submission": 19, "parent_comment": null, "visible": true, "flags": [], "submission_time": "2014-03-25T12:11:50.273Z", "upvotes": [], "downvotes": []}}, {"pk": 95, "model": "ed_news.comment", "fields": {"ranking_points": 0, "comment_text": "I just don't think you'll ever make a magnetic monopole. 94", "author": 1, "parent_submission": 19, "parent_comment": null, "visible": true, "flags": [], "submission_time": "2014-03-24T22:06:13.276Z", "upvotes": [], "downvotes": []}}, {"pk": 96, "model": "ed_news.comment", "fields": {"ranking_points": 0, "comment_text": "I just don't think you'll ever make a magnetic monopole. 95", "author": 4, "parent_submission": 20, "parent_comment": null, "visible": true, "flags": [], "submission_time": "2014-03-25T13:22:28.279Z", "upvotes": [], "downvotes": []}}, {"pk": 97, "model": "ed_news.comment", "fields": {"ranking_points": 0, "comment_text": "I just don't think you'll ever make a magnetic monopole. 96", "author": 7, "parent_submission": 20, "parent_comment": null, "visible": true, "flags": [], "submission_time": "2014-03-24T19:39:25.281Z", "upvotes": [], "downvotes": []}}, {"pk": 98, "model": "ed_news.comment", "fields": {"ranking_points": 0, "comment_text": "I just don't think you'll ever make a magnetic monopole. 97", "author": 6, "parent_submission": 20, "parent_comment": null, "visible": true, "flags": [], "submission_time": "2014-03-24T12:57:31.284Z", "upvotes": [], "downvotes": []}}, {"pk": 99, "model": "ed_news.comment", "fields": {"ranking_points": 0, "comment_text": "I just don't think you'll ever make a magnetic monopole. 98", "author": 1, "parent_submission": 20, "parent_comment": null, "visible": true, "flags": [], "submission_time": "2014-03-24T08:05:36.286Z", "upvotes": [], "downvotes": []}}, {"pk": 100, "model": "ed_news.comment", "fields": {"ranking_points": 0, "comment_text": "I just don't think you'll ever make a magnetic monopole. 99", "author": 5, "parent_submission": 20, "parent_comment": null, "visible": true, "flags": [], "submission_time": "2014-03-24T21:41:44.289Z", "upvotes": [], "downvotes": []}}, {"pk": 101, "model": "ed_news.comment", "fields": {"ranking_points": 0, "comment_text": "I just don't think you'll ever make a magnetic monopole. 100", "author": 3, "parent_submission": 21, "parent_comment": null, "visible": true, "flags": [], "submission_time": "2014-03-25T13:38:49.292Z", "upvotes": [], "downvotes": []}}, {"pk": 102, "model": "ed_news.comment", "fields": {"ranking_points": 0, "comment_text": "I just don't think you'll ever make a magnetic monopole. 101", "author": 1, "parent_submission": 21, "parent_comment": null, "visible": true, "flags": [], "submission_time": "2014-03-25T13:47:59.294Z", "upvotes": [], "downvotes": []}}, {"pk": 103, "model": "ed_news.comment", "fields": {"ranking_points": 0, "comment_text": "I just don't think you'll ever make a magnetic monopole. 102", "author": 7, "parent_submission": 21, "parent_comment": null, "visible": true, "flags": [], "submission_time": "2014-03-25T13:45:27.297Z", "upvotes": [], "downvotes": []}}, {"pk": 104, "model": "ed_news.comment", "fields": {"ranking_points": 0, "comment_text": "I just don't think you'll ever make a magnetic monopole. 103", "author": 2, "parent_submission": 21, "parent_comment": null, "visible": true, "flags": [], "submission_time": "2014-03-25T13:03:12.300Z", "upvotes": [], "downvotes": []}}, {"pk": 105, "model": "ed_news.comment", "fields": {"ranking_points": 0, "comment_text": "I just don't think you'll ever make a magnetic monopole. 104", "author": 1, "parent_submission": 21, "parent_comment": null, "visible": true, "flags": [], "submission_time": "2014-03-25T13:02:07.302Z", "upvotes": [], "downvotes": []}}, {"pk": 106, "model": "ed_news.comment", "fields": {"ranking_points": 0, "comment_text": "Yeah, I was kind of thinking that. 105", "author": 1, "parent_submission": 18, "parent_comment": 89, "visible": true, "flags": [], "submission_time": "2014-03-25T13:31:52.312Z", "upvotes": [], "downvotes": []}}, {"pk": 107, "model": "ed_news.comment", "fields": {"ranking_points": 0, "comment_text": "Yeah, I was kind of thinking that. 106", "author": 1, "parent_submission": 9, "parent_comment": 43, "visible": true, "flags": [], "submission_time": "2014-03-25T11:57:55.319Z", "upvotes": [], "downvotes": []}}, {"pk": 108, "model": "ed_news.comment", "fields": {"ranking_points": 0, "comment_text": "Yeah, I was kind of thinking that. 107", "author": 1, "parent_submission": 3, "parent_comment": 15, "visible": true, "flags": [], "submission_time": "2014-03-24T19:50:44.326Z", "upvotes": [], "downvotes": []}}, {"pk": 109, "model": "ed_news.comment", "fields": {"ranking_points": 0, "comment_text": "Yeah, I was kind of thinking that. 108", "author": 1, "parent_submission": 14, "parent_comment": 70, "visible": true, "flags": [], "submission_time": "2014-03-25T10:54:51.333Z", "upvotes": [], "downvotes": []}}, {"pk": 110, "model": "ed_news.comment", "fields": {"ranking_points": 0, "comment_text": "Yeah, I was kind of thinking that. 109", "author": 1, "parent_submission": 2, "parent_comment": 9, "visible": true, "flags": [], "submission_time": "2014-03-24T13:21:42.339Z", "upvotes": [], "downvotes": []}}, {"pk": 111, "model": "ed_news.comment", "fields": {"ranking_points": 0, "comment_text": "Yeah, I was kind of thinking that. 110", "author": 1, "parent_submission": 6, "parent_comment": 30, "visible": true, "flags": [], "submission_time": "2014-03-25T09:11:35.344Z", "upvotes": [], "downvotes": []}}, {"pk": 112, "model": "ed_news.comment", "fields": {"ranking_points": 0, "comment_text": "Yeah, I was kind of thinking that. 111", "author": 1, "parent_submission": 5, "parent_comment": 25, "visible": true, "flags": [], "submission_time": "2014-03-24T22:21:45.349Z", "upvotes": [], "downvotes": []}}, {"pk": 113, "model": "ed_news.comment", "fields": {"ranking_points": 0, "comment_text": "Yeah, I was kind of thinking that. 112", "author": 1, "parent_submission": 11, "parent_comment": 53, "visible": true, "flags": [], "submission_time": "2014-03-24T21:54:41.355Z", "upvotes": [], "downvotes": []}}, {"pk": 114, "model": "ed_news.comment", "fields": {"ranking_points": 0, "comment_text": "Yeah, I was kind of thinking that. 113", "author": 1, "parent_submission": 18, "parent_comment": 87, "visible": true, "flags": [], "submission_time": "2014-03-25T10:56:57.363Z", "upvotes": [], "downvotes": []}}, {"pk": 115, "model": "ed_news.comment", "fields": {"ranking_points": 0, "comment_text": "Yeah, I was kind of thinking that. 114", "author": 1, "parent_submission": 1, "parent_comment": 5, "visible": true, "flags": [], "submission_time": "2014-03-25T12:35:04.370Z", "upvotes": [], "downvotes": []}}, {"pk": 116, "model": "ed_news.comment", "fields": {"ranking_points": 0, "comment_text": "Yeah, I was kind of thinking that. 115", "author": 1, "parent_submission": 4, "parent_comment": 19, "visible": true, "flags": [], "submission_time": "2014-03-25T00:42:01.378Z", "upvotes": [], "downvotes": []}}, {"pk": 117, "model": "ed_news.comment", "fields": {"ranking_points": 0, "comment_text": "Yeah, I was kind of thinking that. 116", "author": 1, "parent_submission": 1, "parent_comment": 4, "visible": true, "flags": [], "submission_time": "2014-03-25T02:08:24.387Z", "upvotes": [], "downvotes": []}}, {"pk": 118, "model": "ed_news.comment", "fields": {"ranking_points": 0, "comment_text": "Yeah, I was kind of thinking that. 117", "author": 1, "parent_submission": 4, "parent_comment": 19, "visible": true, "flags": [], "submission_time": "2014-03-24T13:47:09.396Z", "upvotes": [], "downvotes": []}}, {"pk": 119, "model": "ed_news.comment", "fields": {"ranking_points": 0, "comment_text": "Yeah, I was kind of thinking that. 118", "author": 1, "parent_submission": 14, "parent_comment": 67, "visible": true, "flags": [], "submission_time": "2014-03-25T05:52:50.403Z", "upvotes": [], "downvotes": []}}, {"pk": 120, "model": "ed_news.comment", "fields": {"ranking_points": 0, "comment_text": "Yeah, I was kind of thinking that. 119", "author": 1, "parent_submission": 4, "parent_comment": 19, "visible": true, "flags": [], "submission_time": "2014-03-24T15:43:04.411Z", "upvotes": [], "downvotes": []}}, {"pk": 121, "model": "ed_news.comment", "fields": {"ranking_points": 0, "comment_text": "Yeah, I was kind of thinking that. 120", "author": 2, "parent_submission": 21, "parent_comment": 103, "visible": true, "flags": [], "submission_time": "2014-03-25T13:46:23.415Z", "upvotes": [], "downvotes": []}}, {"pk": 122, "model": "ed_news.comment", "fields": {"ranking_points": 0, "comment_text": "Yeah, I was kind of thinking that. 121", "author": 2, "parent_submission": 4, "parent_comment": 16, "visible": true, "flags": [], "submission_time": "2014-03-25T13:04:06.420Z", "upvotes": [], "downvotes": []}}, {"pk": 123, "model": "ed_news.comment", "fields": {"ranking_points": 0, "comment_text": "Yeah, I was kind of thinking that. 122", "author": 2, "parent_submission": 14, "parent_comment": 66, "visible": true, "flags": [], "submission_time": "2014-03-25T13:55:37.424Z", "upvotes": [], "downvotes": []}}, {"pk": 124, "model": "ed_news.comment", "fields": {"ranking_points": 0, "comment_text": "Yeah, I was kind of thinking that. 123", "author": 2, "parent_submission": 10, "parent_comment": 50, "visible": true, "flags": [], "submission_time": "2014-03-25T13:37:54.431Z", "upvotes": [], "downvotes": []}}, {"pk": 125, "model": "ed_news.comment", "fields": {"ranking_points": 0, "comment_text": "Yeah, I was kind of thinking that. 124", "author": 2, "parent_submission": 16, "parent_comment": 79, "visible": true, "flags": [], "submission_time": "2014-03-25T09:28:31.435Z", "upvotes": [], "downvotes": []}}, {"pk": 126, "model": "ed_news.comment", "fields": {"ranking_points": 0, "comment_text": "Yeah, I was kind of thinking that. 125", "author": 2, "parent_submission": 18, "parent_comment": 87, "visible": true, "flags": [], "submission_time": "2014-03-25T12:57:20.439Z", "upvotes": [], "downvotes": []}}, {"pk": 127, "model": "ed_news.comment", "fields": {"ranking_points": 0, "comment_text": "Yeah, I was kind of thinking that. 126", "author": 2, "parent_submission": 3, "parent_comment": 14, "visible": true, "flags": [], "submission_time": "2014-03-25T08:00:04.443Z", "upvotes": [], "downvotes": []}}, {"pk": 128, "model": "ed_news.comment", "fields": {"ranking_points": 0, "comment_text": "Yeah, I was kind of thinking that. 127", "author": 2, "parent_submission": 3, "parent_comment": 14, "visible": true, "flags": [], "submission_time": "2014-03-23T21:59:43.447Z", "upvotes": [], "downvotes": []}}, {"pk": 129, "model": "ed_news.comment", "fields": {"ranking_points": 0, "comment_text": "Yeah, I was kind of thinking that. 128", "author": 2, "parent_submission": 2, "parent_comment": 9, "visible": true, "flags": [], "submission_time": "2014-03-24T13:38:27.451Z", "upvotes": [], "downvotes": []}}, {"pk": 130, "model": "ed_news.comment", "fields": {"ranking_points": 0, "comment_text": "Yeah, I was kind of thinking that. 129", "author": 2, "parent_submission": 6, "parent_comment": 26, "visible": true, "flags": [], "submission_time": "2014-03-25T09:48:30.455Z", "upvotes": [], "downvotes": []}}, {"pk": 131, "model": "ed_news.comment", "fields": {"ranking_points": 0, "comment_text": "Yeah, I was kind of thinking that. 130", "author": 2, "parent_submission": 6, "parent_comment": 28, "visible": true, "flags": [], "submission_time": "2014-03-25T11:58:56.460Z", "upvotes": [], "downvotes": []}}, {"pk": 132, "model": "ed_news.comment", "fields": {"ranking_points": 0, "comment_text": "Yeah, I was kind of thinking that. 131", "author": 2, "parent_submission": 17, "parent_comment": 85, "visible": true, "flags": [], "submission_time": "2014-03-25T05:12:11.465Z", "upvotes": [], "downvotes": []}}, {"pk": 133, "model": "ed_news.comment", "fields": {"ranking_points": 0, "comment_text": "Yeah, I was kind of thinking that. 132", "author": 2, "parent_submission": 4, "parent_comment": 118, "visible": true, "flags": [], "submission_time": "2014-03-25T12:47:47.469Z", "upvotes": [], "downvotes": []}}, {"pk": 134, "model": "ed_news.comment", "fields": {"ranking_points": 0, "comment_text": "Yeah, I was kind of thinking that. 133", "author": 2, "parent_submission": 11, "parent_comment": 55, "visible": true, "flags": [], "submission_time": "2014-03-25T11:44:30.473Z", "upvotes": [], "downvotes": []}}, {"pk": 135, "model": "ed_news.comment", "fields": {"ranking_points": 0, "comment_text": "Yeah, I was kind of thinking that. 134", "author": 2, "parent_submission": 12, "parent_comment": 58, "visible": true, "flags": [], "submission_time": "2014-03-25T12:02:39.477Z", "upvotes": [], "downvotes": []}}, {"pk": 136, "model": "ed_news.comment", "fields": {"ranking_points": 0, "comment_text": "Yeah, I was kind of thinking that. 135", "author": 3, "parent_submission": 20, "parent_comment": 99, "visible": true, "flags": [], "submission_time": "2014-03-24T16:39:00.482Z", "upvotes": [], "downvotes": []}}, {"pk": 137, "model": "ed_news.comment", "fields": {"ranking_points": 0, "comment_text": "Yeah, I was kind of thinking that. 136", "author": 3, "parent_submission": 4, "parent_comment": 118, "visible": true, "flags": [], "submission_time": "2014-03-24T21:08:47.486Z", "upvotes": [], "downvotes": []}}, {"pk": 138, "model": "ed_news.comment", "fields": {"ranking_points": 0, "comment_text": "Yeah, I was kind of thinking that. 137", "author": 3, "parent_submission": 6, "parent_comment": 130, "visible": true, "flags": [], "submission_time": "2014-03-25T13:41:14.492Z", "upvotes": [], "downvotes": []}}, {"pk": 139, "model": "ed_news.comment", "fields": {"ranking_points": 0, "comment_text": "Yeah, I was kind of thinking that. 138", "author": 3, "parent_submission": 3, "parent_comment": 15, "visible": true, "flags": [], "submission_time": "2014-03-25T04:20:17.497Z", "upvotes": [], "downvotes": []}}, {"pk": 140, "model": "ed_news.comment", "fields": {"ranking_points": 0, "comment_text": "Yeah, I was kind of thinking that. 139", "author": 3, "parent_submission": 9, "parent_comment": 45, "visible": true, "flags": [], "submission_time": "2014-03-25T13:22:04.502Z", "upvotes": [], "downvotes": []}}, {"pk": 141, "model": "ed_news.comment", "fields": {"ranking_points": 0, "comment_text": "Yeah, I was kind of thinking that. 140", "author": 3, "parent_submission": 5, "parent_comment": 112, "visible": true, "flags": [], "submission_time": "2014-03-25T06:25:58.507Z", "upvotes": [], "downvotes": []}}, {"pk": 142, "model": "ed_news.comment", "fields": {"ranking_points": 0, "comment_text": "Yeah, I was kind of thinking that. 141", "author": 3, "parent_submission": 18, "parent_comment": 114, "visible": true, "flags": [], "submission_time": "2014-03-25T11:59:30.513Z", "upvotes": [], "downvotes": []}}, {"pk": 143, "model": "ed_news.comment", "fields": {"ranking_points": 0, "comment_text": "Yeah, I was kind of thinking that. 142", "author": 3, "parent_submission": 8, "parent_comment": 40, "visible": true, "flags": [], "submission_time": "2014-03-25T13:38:44.519Z", "upvotes": [], "downvotes": []}}, {"pk": 144, "model": "ed_news.comment", "fields": {"ranking_points": 0, "comment_text": "Yeah, I was kind of thinking that. 143", "author": 3, "parent_submission": 5, "parent_comment": 24, "visible": true, "flags": [], "submission_time": "2014-03-25T10:19:22.525Z", "upvotes": [], "downvotes": []}}, {"pk": 145, "model": "ed_news.comment", "fields": {"ranking_points": 0, "comment_text": "Yeah, I was kind of thinking that. 144", "author": 3, "parent_submission": 3, "parent_comment": 108, "visible": true, "flags": [], "submission_time": "2014-03-25T00:06:56.533Z", "upvotes": [], "downvotes": []}}, {"pk": 146, "model": "ed_news.comment", "fields": {"ranking_points": 0, "comment_text": "Yeah, I was kind of thinking that. 145", "author": 3, "parent_submission": 14, "parent_comment": 70, "visible": true, "flags": [], "submission_time": "2014-03-25T10:38:38.541Z", "upvotes": [], "downvotes": []}}, {"pk": 147, "model": "ed_news.comment", "fields": {"ranking_points": 0, "comment_text": "Yeah, I was kind of thinking that. 146", "author": 3, "parent_submission": 6, "parent_comment": 131, "visible": true, "flags": [], "submission_time": "2014-03-25T12:22:54.551Z", "upvotes": [], "downvotes": []}}, {"pk": 148, "model": "ed_news.comment", "fields": {"ranking_points": 0, "comment_text": "Yeah, I was kind of thinking that. 147", "author": 3, "parent_submission": 21, "parent_comment": 103, "visible": true, "flags": [], "submission_time": "2014-03-25T13:52:57.558Z", "upvotes": [], "downvotes": []}}, {"pk": 149, "model": "ed_news.comment", "fields": {"ranking_points": 0, "comment_text": "Yeah, I was kind of thinking that. 148", "author": 3, "parent_submission": 3, "parent_comment": 12, "visible": true, "flags": [], "submission_time": "2014-03-24T18:46:37.563Z", "upvotes": [], "downvotes": []}}, {"pk": 150, "model": "ed_news.comment", "fields": {"ranking_points": 0, "comment_text": "Yeah, I was kind of thinking that. 149", "author": 3, "parent_submission": 10, "parent_comment": 49, "visible": true, "flags": [], "submission_time": "2014-03-25T12:51:34.569Z", "upvotes": [], "downvotes": []}}, {"pk": 151, "model": "ed_news.comment", "fields": {"ranking_points": 0, "comment_text": "Yeah, I was kind of thinking that. 150", "author": 4, "parent_submission": 18, "parent_comment": 89, "visible": true, "flags": [], "submission_time": "2014-03-25T06:26:50.578Z", "upvotes": [], "downvotes": []}}, {"pk": 152, "model": "ed_news.comment", "fields": {"ranking_points": 0, "comment_text": "Yeah, I was kind of thinking that. 151", "author": 4, "parent_submission": 16, "parent_comment": 125, "visible": true, "flags": [], "submission_time": "2014-03-25T12:17:06.585Z", "upvotes": [], "downvotes": []}}, {"pk": 153, "model": "ed_news.comment", "fields": {"ranking_points": 0, "comment_text": "Yeah, I was kind of thinking that. 152", "author": 4, "parent_submission": 21, "parent_comment": 148, "visible": true, "flags": [], "submission_time": "2014-03-25T13:55:21.593Z", "upvotes": [], "downvotes": []}}, {"pk": 154, "model": "ed_news.comment", "fields": {"ranking_points": 0, "comment_text": "Yeah, I was kind of thinking that. 153", "author": 4, "parent_submission": 18, "parent_comment": 86, "visible": true, "flags": [], "submission_time": "2014-03-25T11:46:50.598Z", "upvotes": [], "downvotes": []}}, {"pk": 155, "model": "ed_news.comment", "fields": {"ranking_points": 0, "comment_text": "Yeah, I was kind of thinking that. 154", "author": 4, "parent_submission": 19, "parent_comment": 94, "visible": true, "flags": [], "submission_time": "2014-03-25T12:20:03.604Z", "upvotes": [], "downvotes": []}}, {"pk": 156, "model": "ed_news.comment", "fields": {"ranking_points": 0, "comment_text": "Yeah, I was kind of thinking that. 155", "author": 4, "parent_submission": 9, "parent_comment": 140, "visible": true, "flags": [], "submission_time": "2014-03-25T13:26:56.611Z", "upvotes": [], "downvotes": []}}, {"pk": 157, "model": "ed_news.comment", "fields": {"ranking_points": 0, "comment_text": "Yeah, I was kind of thinking that. 156", "author": 4, "parent_submission": 14, "parent_comment": 119, "visible": true, "flags": [], "submission_time": "2014-03-25T08:23:21.617Z", "upvotes": [], "downvotes": []}}, {"pk": 158, "model": "ed_news.comment", "fields": {"ranking_points": 0, "comment_text": "Yeah, I was kind of thinking that. 157", "author": 4, "parent_submission": 12, "parent_comment": 56, "visible": true, "flags": [], "submission_time": "2014-03-25T12:07:13.622Z", "upvotes": [], "downvotes": []}}, {"pk": 159, "model": "ed_news.comment", "fields": {"ranking_points": 0, "comment_text": "Yeah, I was kind of thinking that. 158", "author": 4, "parent_submission": 14, "parent_comment": 70, "visible": true, "flags": [], "submission_time": "2014-03-25T12:18:32.630Z", "upvotes": [], "downvotes": []}}, {"pk": 160, "model": "ed_news.comment", "fields": {"ranking_points": 0, "comment_text": "Yeah, I was kind of thinking that. 159", "author": 4, "parent_submission": 9, "parent_comment": 43, "visible": true, "flags": [], "submission_time": "2014-03-25T13:21:37.637Z", "upvotes": [], "downvotes": []}}, {"pk": 161, "model": "ed_news.comment", "fields": {"ranking_points": 0, "comment_text": "Yeah, I was kind of thinking that. 160", "author": 4, "parent_submission": 10, "parent_comment": 47, "visible": true, "flags": [], "submission_time": "2014-03-25T12:13:52.642Z", "upvotes": [], "downvotes": []}}, {"pk": 162, "model": "ed_news.comment", "fields": {"ranking_points": 0, "comment_text": "Yeah, I was kind of thinking that. 161", "author": 4, "parent_submission": 6, "parent_comment": 131, "visible": true, "flags": [], "submission_time": "2014-03-25T13:00:52.648Z", "upvotes": [], "downvotes": []}}, {"pk": 163, "model": "ed_news.comment", "fields": {"ranking_points": 0, "comment_text": "Yeah, I was kind of thinking that. 162", "author": 4, "parent_submission": 9, "parent_comment": 156, "visible": true, "flags": [], "submission_time": "2014-03-25T13:46:20.653Z", "upvotes": [], "downvotes": []}}, {"pk": 164, "model": "ed_news.comment", "fields": {"ranking_points": 0, "comment_text": "Yeah, I was kind of thinking that. 163", "author": 4, "parent_submission": 20, "parent_comment": 100, "visible": true, "flags": [], "submission_time": "2014-03-24T23:48:41.659Z", "upvotes": [], "downvotes": []}}, {"pk": 165, "model": "ed_news.comment", "fields": {"ranking_points": 0, "comment_text": "Yeah, I was kind of thinking that. 164", "author": 4, "parent_submission": 9, "parent_comment": 107, "visible": true, "flags": [], "submission_time": "2014-03-25T13:44:44.666Z", "upvotes": [], "downvotes": []}}, {"pk": 166, "model": "ed_news.comment", "fields": {"ranking_points": 0, "comment_text": "Yeah, I was kind of thinking that. 165", "author": 5, "parent_submission": 11, "parent_comment": 53, "visible": true, "flags": [], "submission_time": "2014-03-24T12:30:32.675Z", "upvotes": [], "downvotes": []}}, {"pk": 167, "model": "ed_news.comment", "fields": {"ranking_points": 0, "comment_text": "Yeah, I was kind of thinking that. 166", "author": 5, "parent_submission": 15, "parent_comment": 71, "visible": true, "flags": [], "submission_time": "2014-03-25T10:18:50.685Z", "upvotes": [], "downvotes": []}}, {"pk": 168, "model": "ed_news.comment", "fields": {"ranking_points": 0, "comment_text": "Yeah, I was kind of thinking that. 167", "author": 5, "parent_submission": 19, "parent_comment": 94, "visible": true, "flags": [], "submission_time": "2014-03-25T13:09:58.695Z", "upvotes": [], "downvotes": []}}, {"pk": 169, "model": "ed_news.comment", "fields": {"ranking_points": 0, "comment_text": "Yeah, I was kind of thinking that. 168", "author": 5, "parent_submission": 12, "parent_comment": 58, "visible": true, "flags": [], "submission_time": "2014-03-25T12:19:41.706Z", "upvotes": [], "downvotes": []}}, {"pk": 170, "model": "ed_news.comment", "fields": {"ranking_points": 0, "comment_text": "Yeah, I was kind of thinking that. 169", "author": 5, "parent_submission": 18, "parent_comment": 89, "visible": true, "flags": [], "submission_time": "2014-03-25T05:57:30.713Z", "upvotes": [], "downvotes": []}}, {"pk": 171, "model": "ed_news.comment", "fields": {"ranking_points": 0, "comment_text": "Yeah, I was kind of thinking that. 170", "author": 5, "parent_submission": 6, "parent_comment": 29, "visible": true, "flags": [], "submission_time": "2014-03-25T12:40:33.719Z", "upvotes": [], "downvotes": []}}, {"pk": 172, "model": "ed_news.comment", "fields": {"ranking_points": 0, "comment_text": "Yeah, I was kind of thinking that. 171", "author": 5, "parent_submission": 15, "parent_comment": 75, "visible": true, "flags": [], "submission_time": "2014-03-25T12:19:34.726Z", "upvotes": [], "downvotes": []}}, {"pk": 173, "model": "ed_news.comment", "fields": {"ranking_points": 0, "comment_text": "Yeah, I was kind of thinking that. 172", "author": 5, "parent_submission": 11, "parent_comment": 51, "visible": true, "flags": [], "submission_time": "2014-03-24T10:40:26.733Z", "upvotes": [], "downvotes": []}}, {"pk": 174, "model": "ed_news.comment", "fields": {"ranking_points": 0, "comment_text": "Yeah, I was kind of thinking that. 173", "author": 5, "parent_submission": 13, "parent_comment": 61, "visible": true, "flags": [], "submission_time": "2014-03-24T21:23:52.740Z", "upvotes": [], "downvotes": []}}, {"pk": 175, "model": "ed_news.comment", "fields": {"ranking_points": 0, "comment_text": "Yeah, I was kind of thinking that. 174", "author": 5, "parent_submission": 5, "parent_comment": 23, "visible": true, "flags": [], "submission_time": "2014-03-25T09:21:45.750Z", "upvotes": [], "downvotes": []}}, {"pk": 176, "model": "ed_news.comment", "fields": {"ranking_points": 0, "comment_text": "Yeah, I was kind of thinking that. 175", "author": 5, "parent_submission": 4, "parent_comment": 19, "visible": true, "flags": [], "submission_time": "2014-03-24T15:58:56.759Z", "upvotes": [], "downvotes": []}}, {"pk": 177, "model": "ed_news.comment", "fields": {"ranking_points": 0, "comment_text": "Yeah, I was kind of thinking that. 176", "author": 5, "parent_submission": 4, "parent_comment": 133, "visible": true, "flags": [], "submission_time": "2014-03-25T13:08:58.767Z", "upvotes": [], "downvotes": []}}, {"pk": 178, "model": "ed_news.comment", "fields": {"ranking_points": 0, "comment_text": "Yeah, I was kind of thinking that. 177", "author": 5, "parent_submission": 5, "parent_comment": 22, "visible": true, "flags": [], "submission_time": "2014-03-25T12:14:43.773Z", "upvotes": [], "downvotes": []}}, {"pk": 179, "model": "ed_news.comment", "fields": {"ranking_points": 0, "comment_text": "Yeah, I was kind of thinking that. 178", "author": 5, "parent_submission": 18, "parent_comment": 126, "visible": true, "flags": [], "submission_time": "2014-03-25T13:43:07.782Z", "upvotes": [], "downvotes": []}}, {"pk": 180, "model": "ed_news.comment", "fields": {"ranking_points": 0, "comment_text": "Yeah, I was kind of thinking that. 179", "author": 5, "parent_submission": 3, "parent_comment": 14, "visible": true, "flags": [], "submission_time": "2014-03-24T22:36:25.793Z", "upvotes": [], "downvotes": []}}, {"pk": 181, "model": "ed_news.comment", "fields": {"ranking_points": 0, "comment_text": "Yeah, I was kind of thinking that. 180", "author": 6, "parent_submission": 3, "parent_comment": 11, "visible": true, "flags": [], "submission_time": "2014-03-25T09:51:42.802Z", "upvotes": [], "downvotes": []}}, {"pk": 182, "model": "ed_news.comment", "fields": {"ranking_points": 0, "comment_text": "Yeah, I was kind of thinking that. 181", "author": 6, "parent_submission": 5, "parent_comment": 141, "visible": true, "flags": [], "submission_time": "2014-03-25T06:52:06.808Z", "upvotes": [], "downvotes": []}}, {"pk": 183, "model": "ed_news.comment", "fields": {"ranking_points": 0, "comment_text": "Yeah, I was kind of thinking that. 182", "author": 6, "parent_submission": 10, "parent_comment": 48, "visible": true, "flags": [], "submission_time": "2014-03-25T13:31:55.813Z", "upvotes": [], "downvotes": []}}, {"pk": 184, "model": "ed_news.comment", "fields": {"ranking_points": 0, "comment_text": "Yeah, I was kind of thinking that. 183", "author": 6, "parent_submission": 3, "parent_comment": 108, "visible": true, "flags": [], "submission_time": "2014-03-24T22:17:31.818Z", "upvotes": [], "downvotes": []}}, {"pk": 185, "model": "ed_news.comment", "fields": {"ranking_points": 0, "comment_text": "Yeah, I was kind of thinking that. 184", "author": 6, "parent_submission": 17, "parent_comment": 84, "visible": true, "flags": [], "submission_time": "2014-03-25T06:05:55.823Z", "upvotes": [], "downvotes": []}}, {"pk": 186, "model": "ed_news.comment", "fields": {"ranking_points": 0, "comment_text": "Yeah, I was kind of thinking that. 185", "author": 6, "parent_submission": 6, "parent_comment": 29, "visible": true, "flags": [], "submission_time": "2014-03-25T13:36:52.830Z", "upvotes": [], "downvotes": []}}, {"pk": 187, "model": "ed_news.comment", "fields": {"ranking_points": 0, "comment_text": "Yeah, I was kind of thinking that. 186", "author": 6, "parent_submission": 21, "parent_comment": 105, "visible": true, "flags": [], "submission_time": "2014-03-25T13:07:49.839Z", "upvotes": [], "downvotes": []}}, {"pk": 188, "model": "ed_news.comment", "fields": {"ranking_points": 0, "comment_text": "Yeah, I was kind of thinking that. 187", "author": 6, "parent_submission": 6, "parent_comment": 111, "visible": true, "flags": [], "submission_time": "2014-03-25T12:22:28.849Z", "upvotes": [], "downvotes": []}}, {"pk": 189, "model": "ed_news.comment", "fields": {"ranking_points": 0, "comment_text": "Yeah, I was kind of thinking that. 188", "author": 6, "parent_submission": 10, "parent_comment": 49, "visible": true, "flags": [], "submission_time": "2014-03-25T11:06:51.858Z", "upvotes": [], "downvotes": []}}, {"pk": 190, "model": "ed_news.comment", "fields": {"ranking_points": 0, "comment_text": "Yeah, I was kind of thinking that. 189", "author": 6, "parent_submission": 16, "parent_comment": 125, "visible": true, "flags": [], "submission_time": "2014-03-25T11:55:10.868Z", "upvotes": [], "downvotes": []}}, {"pk": 191, "model": "ed_news.comment", "fields": {"ranking_points": 0, "comment_text": "Yeah, I was kind of thinking that. 190", "author": 6, "parent_submission": 12, "parent_comment": 59, "visible": true, "flags": [], "submission_time": "2014-03-25T13:53:39.877Z", "upvotes": [], "downvotes": []}}, {"pk": 192, "model": "ed_news.comment", "fields": {"ranking_points": 0, "comment_text": "Yeah, I was kind of thinking that. 191", "author": 6, "parent_submission": 3, "parent_comment": 145, "visible": true, "flags": [], "submission_time": "2014-03-25T04:33:30.883Z", "upvotes": [], "downvotes": []}}, {"pk": 193, "model": "ed_news.comment", "fields": {"ranking_points": 0, "comment_text": "Yeah, I was kind of thinking that. 192", "author": 6, "parent_submission": 16, "parent_comment": 80, "visible": true, "flags": [], "submission_time": "2014-03-25T09:36:09.907Z", "upvotes": [], "downvotes": []}}, {"pk": 194, "model": "ed_news.comment", "fields": {"ranking_points": 0, "comment_text": "Yeah, I was kind of thinking that. 193", "author": 6, "parent_submission": 21, "parent_comment": 153, "visible": true, "flags": [], "submission_time": "2014-03-25T13:55:35.914Z", "upvotes": [], "downvotes": []}}, {"pk": 195, "model": "ed_news.comment", "fields": {"ranking_points": 0, "comment_text": "Yeah, I was kind of thinking that. 194", "author": 6, "parent_submission": 14, "parent_comment": 69, "visible": true, "flags": [], "submission_time": "2014-03-25T08:51:57.921Z", "upvotes": [], "downvotes": []}}, {"pk": 196, "model": "ed_news.comment", "fields": {"ranking_points": 0, "comment_text": "Yeah, I was kind of thinking that. 195", "author": 7, "parent_submission": 5, "parent_comment": 144, "visible": true, "flags": [], "submission_time": "2014-03-25T13:42:53.929Z", "upvotes": [], "downvotes": []}}, {"pk": 197, "model": "ed_news.comment", "fields": {"ranking_points": 0, "comment_text": "Yeah, I was kind of thinking that. 196", "author": 7, "parent_submission": 2, "parent_comment": 110, "visible": true, "flags": [], "submission_time": "2014-03-24T20:29:20.940Z", "upvotes": [], "downvotes": []}}, {"pk": 198, "model": "ed_news.comment", "fields": {"ranking_points": 0, "comment_text": "Yeah, I was kind of thinking that. 197", "author": 7, "parent_submission": 20, "parent_comment": 96, "visible": true, "flags": [], "submission_time": "2014-03-25T13:23:20.951Z", "upvotes": [], "downvotes": []}}, {"pk": 199, "model": "ed_news.comment", "fields": {"ranking_points": 0, "comment_text": "Yeah, I was kind of thinking that. 198", "author": 7, "parent_submission": 3, "parent_comment": 15, "visible": true, "flags": [], "submission_time": "2014-03-25T07:31:10.961Z", "upvotes": [], "downvotes": []}}, {"pk": 200, "model": "ed_news.comment", "fields": {"ranking_points": 0, "comment_text": "Yeah, I was kind of thinking that. 199", "author": 7, "parent_submission": 3, "parent_comment": 180, "visible": true, "flags": [], "submission_time": "2014-03-25T05:09:00.967Z", "upvotes": [], "downvotes": []}}, {"pk": 201, "model": "ed_news.comment", "fields": {"ranking_points": 0, "comment_text": "Yeah, I was kind of thinking that. 200", "author": 7, "parent_submission": 17, "parent_comment": 83, "visible": true, "flags": [], "submission_time": "2014-03-25T06:38:48.974Z", "upvotes": [], "downvotes": []}}, {"pk": 202, "model": "ed_news.comment", "fields": {"ranking_points": 0, "comment_text": "Yeah, I was kind of thinking that. 201", "author": 7, "parent_submission": 1, "parent_comment": 2, "visible": true, "flags": [], "submission_time": "2014-03-25T08:53:54.984Z", "upvotes": [], "downvotes": []}}, {"pk": 203, "model": "ed_news.comment", "fields": {"ranking_points": 0, "comment_text": "Yeah, I was kind of thinking that. 202", "author": 7, "parent_submission": 7, "parent_comment": 34, "visible": true, "flags": [], "submission_time": "2014-03-25T13:06:50.994Z", "upvotes": [], "downvotes": []}}, {"pk": 204, "model": "ed_news.comment", "fields": {"ranking_points": 0, "comment_text": "Yeah, I was kind of thinking that. 203", "author": 7, "parent_submission": 13, "parent_comment": 174, "visible": true, "flags": [], "submission_time": "2014-03-25T05:44:52.000Z", "upvotes": [], "downvotes": []}}, {"pk": 205, "model": "ed_news.comment", "fields": {"ranking_points": 0, "comment_text": "Yeah, I was kind of thinking that. 204", "author": 7, "parent_submission": 19, "parent_comment": 93, "visible": true, "flags": [], "submission_time": "2014-03-24T21:23:42.006Z", "upvotes": [], "downvotes": []}}, {"pk": 206, "model": "ed_news.comment", "fields": {"ranking_points": 0, "comment_text": "Yeah, I was kind of thinking that. 205", "author": 7, "parent_submission": 6, "parent_comment": 188, "visible": true, "flags": [], "submission_time": "2014-03-25T12:33:58.012Z", "upvotes": [], "downvotes": []}}, {"pk": 207, "model": "ed_news.comment", "fields": {"ranking_points": 0, "comment_text": "Yeah, I was kind of thinking that. 206", "author": 7, "parent_submission": 18, "parent_comment": 87, "visible": true, "flags": [], "submission_time": "2014-03-25T12:17:52.018Z", "upvotes": [], "downvotes": []}}, {"pk": 208, "model": "ed_news.comment", "fields": {"ranking_points": 0, "comment_text": "Yeah, I was kind of thinking that. 207", "author": 7, "parent_submission": 8, "parent_comment": 40, "visible": true, "flags": [], "submission_time": "2014-03-25T13:41:06.025Z", "upvotes": [], "downvotes": []}}, {"pk": 209, "model": "ed_news.comment", "fields": {"ranking_points": 0, "comment_text": "Yeah, I was kind of thinking that. 208", "author": 7, "parent_submission": 5, "parent_comment": 24, "visible": true, "flags": [], "submission_time": "2014-03-24T18:19:02.033Z", "upvotes": [], "downvotes": []}}, {"pk": 210, "model": "ed_news.comment", "fields": {"ranking_points": 0, "comment_text": "Yeah, I was kind of thinking that. 209", "author": 7, "parent_submission": 18, "parent_comment": 154, "visible": true, "flags": [], "submission_time": "2014-03-25T11:59:09.043Z", "upvotes": [], "downvotes": []}}]