[{"pk": 1, "model": "contenttypes.contenttype", "fields": {"model": "logentry", "name": "log entry", "app_label": "admin"}}, {"pk": 2, "model": "contenttypes.contenttype", "fields": {"model": "permission", "name": "permission", "app_label": "auth"}}, {"pk": 3, "model": "contenttypes.contenttype", "fields": {"model": "group", "name": "group", "app_label": "auth"}}, {"pk": 4, "model": "contenttypes.contenttype", "fields": {"model": "user", "name": "user", "app_label": "auth"}}, {"pk": 5, "model": "contenttypes.contenttype", "fields": {"model": "contenttype", "name": "content type", "app_label": "contenttypes"}}, {"pk": 6, "model": "contenttypes.contenttype", "fields": {"model": "session", "name": "session", "app_label": "sessions"}}, {"pk": 7, "model": "contenttypes.contenttype", "fields": {"model": "migrationhistory", "name": "migration history", "app_label": "south"}}, {"pk": 8, "model": "contenttypes.contenttype", "fields": {"model": "submission", "name": "submission", "app_label": "ed_news"}}, {"pk": 9, "model": "contenttypes.contenttype", "fields": {"model": "article", "name": "article", "app_label": "ed_news"}}, {"pk": 10, "model": "contenttypes.contenttype", "fields": {"model": "textpost", "name": "text post", "app_label": "ed_news"}}, {"pk": 11, "model": "contenttypes.contenttype", "fields": {"model": "userprofile", "name": "user profile", "app_label": "ed_news"}}, {"pk": 12, "model": "contenttypes.contenttype", "fields": {"model": "comment", "name": "comment", "app_label": "ed_news"}}, {"pk": "7t6iv0khl95mdmn563zdaxvl0f26aihm", "model": "sessions.session", "fields": {"expire_date": "2014-03-24T15:29:35.541Z", "session_data": "MDI5ZjNmMDYxNmU2NDgzN2NlN2MwYTA1Yzc0MzAyYjU4NzQxMjkyOTp7Il9hdXRoX3VzZXJfYmFja2VuZCI6ImRqYW5nby5jb250cmliLmF1dGguYmFja2VuZHMuTW9kZWxCYWNrZW5kIiwiX2F1dGhfdXNlcl9pZCI6OH0="}}, {"pk": 1, "model": "south.migrationhistory", "fields": {"applied": "2014-03-10T15:29:34.468Z", "app_name": "ed_news", "migration": "0001_initial"}}, {"pk": 2, "model": "south.migrationhistory", "fields": {"applied": "2014-03-10T15:29:34.513Z", "app_name": "ed_news", "migration": "0002_auto__add_field_textpost_url"}}, {"pk": 3, "model": "south.migrationhistory", "fields": {"applied": "2014-03-10T15:29:34.577Z", "app_name": "ed_news", "migration": "0003_auto__del_field_article_url__del_field_textpost_url__add_field_submiss"}}, {"pk": 1, "model": "auth.permission", "fields": {"codename": "add_logentry", "name": "Can add log entry", "content_type": 1}}, {"pk": 2, "model": "auth.permission", "fields": {"codename": "change_logentry", "name": "Can change log entry", "content_type": 1}}, {"pk": 3, "model": "auth.permission", "fields": {"codename": "delete_logentry", "name": "Can delete log entry", "content_type": 1}}, {"pk": 4, "model": "auth.permission", "fields": {"codename": "add_permission", "name": "Can add permission", "content_type": 2}}, {"pk": 5, "model": "auth.permission", "fields": {"codename": "change_permission", "name": "Can change permission", "content_type": 2}}, {"pk": 6, "model": "auth.permission", "fields": {"codename": "delete_permission", "name": "Can delete permission", "content_type": 2}}, {"pk": 7, "model": "auth.permission", "fields": {"codename": "add_group", "name": "Can add group", "content_type": 3}}, {"pk": 8, "model": "auth.permission", "fields": {"codename": "change_group", "name": "Can change group", "content_type": 3}}, {"pk": 9, "model": "auth.permission", "fields": {"codename": "delete_group", "name": "Can delete group", "content_type": 3}}, {"pk": 10, "model": "auth.permission", "fields": {"codename": "add_user", "name": "Can add user", "content_type": 4}}, {"pk": 11, "model": "auth.permission", "fields": {"codename": "change_user", "name": "Can change user", "content_type": 4}}, {"pk": 12, "model": "auth.permission", "fields": {"codename": "delete_user", "name": "Can delete user", "content_type": 4}}, {"pk": 13, "model": "auth.permission", "fields": {"codename": "add_contenttype", "name": "Can add content type", "content_type": 5}}, {"pk": 14, "model": "auth.permission", "fields": {"codename": "change_contenttype", "name": "Can change content type", "content_type": 5}}, {"pk": 15, "model": "auth.permission", "fields": {"codename": "delete_contenttype", "name": "Can delete content type", "content_type": 5}}, {"pk": 16, "model": "auth.permission", "fields": {"codename": "add_session", "name": "Can add session", "content_type": 6}}, {"pk": 17, "model": "auth.permission", "fields": {"codename": "change_session", "name": "Can change session", "content_type": 6}}, {"pk": 18, "model": "auth.permission", "fields": {"codename": "delete_session", "name": "Can delete session", "content_type": 6}}, {"pk": 19, "model": "auth.permission", "fields": {"codename": "add_migrationhistory", "name": "Can add migration history", "content_type": 7}}, {"pk": 20, "model": "auth.permission", "fields": {"codename": "change_migrationhistory", "name": "Can change migration history", "content_type": 7}}, {"pk": 21, "model": "auth.permission", "fields": {"codename": "delete_migrationhistory", "name": "Can delete migration history", "content_type": 7}}, {"pk": 22, "model": "auth.permission", "fields": {"codename": "add_submission", "name": "Can add submission", "content_type": 8}}, {"pk": 23, "model": "auth.permission", "fields": {"codename": "change_submission", "name": "Can change submission", "content_type": 8}}, {"pk": 24, "model": "auth.permission", "fields": {"codename": "delete_submission", "name": "Can delete submission", "content_type": 8}}, {"pk": 25, "model": "auth.permission", "fields": {"codename": "add_article", "name": "Can add article", "content_type": 9}}, {"pk": 26, "model": "auth.permission", "fields": {"codename": "change_article", "name": "Can change article", "content_type": 9}}, {"pk": 27, "model": "auth.permission", "fields": {"codename": "delete_article", "name": "Can delete article", "content_type": 9}}, {"pk": 28, "model": "auth.permission", "fields": {"codename": "add_textpost", "name": "Can add text post", "content_type": 10}}, {"pk": 29, "model": "auth.permission", "fields": {"codename": "change_textpost", "name": "Can change text post", "content_type": 10}}, {"pk": 30, "model": "auth.permission", "fields": {"codename": "delete_textpost", "name": "Can delete text post", "content_type": 10}}, {"pk": 31, "model": "auth.permission", "fields": {"codename": "add_userprofile", "name": "Can add user profile", "content_type": 11}}, {"pk": 32, "model": "auth.permission", "fields": {"codename": "change_userprofile", "name": "Can change user profile", "content_type": 11}}, {"pk": 33, "model": "auth.permission", "fields": {"codename": "delete_userprofile", "name": "Can delete user profile", "content_type": 11}}, {"pk": 34, "model": "auth.permission", "fields": {"codename": "add_comment", "name": "Can add comment", "content_type": 12}}, {"pk": 35, "model": "auth.permission", "fields": {"codename": "change_comment", "name": "Can change comment", "content_type": 12}}, {"pk": 36, "model": "auth.permission", "fields": {"codename": "delete_comment", "name": "Can delete comment", "content_type": 12}}, {"pk": 37, "model": "auth.permission", "fields": {"codename": "can_downvote_comment", "name": "Can downvote comments", "content_type": 12}}, {"pk": 38, "model": "auth.permission", "fields": {"codename": "can_flag_comment", "name": "Can flag comments", "content_type": 12}}, {"pk": 39, "model": "auth.permission", "fields": {"codename": "can_flag_submission", "name": "Can flag submissions", "content_type": 8}}, {"pk": 2, "model": "auth.group", "fields": {"name": "Active Members", "permissions": [37, 38, 39]}}, {"pk": 2, "model": "auth.user", "fields": {"username": "user_0", "first_name": "", "last_name": "", "is_active": true, "is_superuser": false, "is_staff": false, "last_login": "2014-03-10T15:29:35.141Z", "groups": [], "user_permissions": [], "password": "pbkdf2_sha256$12000$fuD2n0dAjADo$SuKwVjCTmV6Kmw5AR1x9FQmqK3NYP9lqlMOIhlfHJTw=", "email": "", "date_joined": "2014-03-10T15:29:34.745Z"}}, {"pk": 3, "model": "auth.user", "fields": {"username": "user_1", "first_name": "", "last_name": "", "is_active": true, "is_superuser": false, "is_staff": false, "last_login": "2014-03-10T15:29:35.213Z", "groups": [], "user_permissions": [], "password": "pbkdf2_sha256$12000$WLRtgmugnttB$q1oROPIULgfPIXrGpx4BBgdgvnbKmBHho81mkrbZyz0=", "email": "", "date_joined": "2014-03-10T15:29:34.804Z"}}, {"pk": 4, "model": "auth.user", "fields": {"username": "user_2", "first_name": "", "last_name": "", "is_active": true, "is_superuser": false, "is_staff": false, "last_login": "2014-03-10T15:29:35.273Z", "groups": [], "user_permissions": [], "password": "pbkdf2_sha256$12000$0lHbBMPOCXS5$e+n1Uyc1ka/z582ODsrPQ+0/p/4MFgjWmsaNRqtD6K4=", "email": "", "date_joined": "2014-03-10T15:29:34.859Z"}}, {"pk": 5, "model": "auth.user", "fields": {"username": "user_3", "first_name": "", "last_name": "", "is_active": true, "is_superuser": false, "is_staff": false, "last_login": "2014-03-10T15:29:35.338Z", "groups": [], "user_permissions": [], "password": "pbkdf2_sha256$12000$snphDNERiQ1x$Ha0WP94TUi2J3z7En+MNTCp48NUMuZM5dM8ydE0QYe8=", "email": "", "date_joined": "2014-03-10T15:29:34.904Z"}}, {"pk": 6, "model": "auth.user", "fields": {"username": "user_4", "first_name": "", "last_name": "", "is_active": true, "is_superuser": false, "is_staff": false, "last_login": "2014-03-10T15:29:35.406Z", "groups": [], "user_permissions": [], "password": "pbkdf2_sha256$12000$yecI1bSIY15b$ydcSCEsvfgWQd/RCHDXn6CkfFbvAPi46MdYU0/MXJ30=", "email": "", "date_joined": "2014-03-10T15:29:34.948Z"}}, {"pk": 7, "model": "auth.user", "fields": {"username": "user_5", "first_name": "", "last_name": "", "is_active": true, "is_superuser": false, "is_staff": false, "last_login": "2014-03-10T15:29:35.474Z", "groups": [], "user_permissions": [], "password": "pbkdf2_sha256$12000$TLec8pbGtXPi$wmBvpOmIQYZK/wiAuHro8n8ZYpyoyt2ZaPG4aA4sung=", "email": "", "date_joined": "2014-03-10T15:29:34.992Z"}}, {"pk": 8, "model": "auth.user", "fields": {"username": "user_6", "first_name": "", "last_name": "", "is_active": true, "is_superuser": false, "is_staff": false, "last_login": "2014-03-10T15:29:35.540Z", "groups": [], "user_permissions": [], "password": "pbkdf2_sha256$12000$3D8a1uNSbr8t$Vnr93Cygeqy3+S/Yr0Z9hkBfu62S5M7sTPzRmtvGwxM=", "email": "", "date_joined": "2014-03-10T15:29:35.045Z"}}, {"pk": 1, "model": "ed_news.submission", "fields": {"ranking_points": 149, "title": "I googled my username: user_00", "url": "http://google.com/#q=user_00", "visible": true, "flags": [], "submission_time": "2014-03-10T15:29:35.144Z", "submitter": 2, "upvotes": [4]}}, {"pk": 2, "model": "ed_news.submission", "fields": {"ranking_points": 179, "title": "I googled my username: user_01", "url": "http://google.com/#q=user_01", "visible": true, "flags": [], "submission_time": "2014-03-10T15:29:35.150Z", "submitter": 2, "upvotes": [6]}}, {"pk": 3, "model": "ed_news.submission", "fields": {"ranking_points": 164, "title": "I googled my username: user_10", "url": "http://google.com/#q=user_10", "visible": true, "flags": [], "submission_time": "2014-03-10T15:29:35.216Z", "submitter": 3, "upvotes": [2, 6]}}, {"pk": 4, "model": "ed_news.submission", "fields": {"ranking_points": 164, "title": "I googled my username: user_11", "url": "http://google.com/#q=user_11", "visible": true, "flags": [], "submission_time": "2014-03-10T15:29:35.219Z", "submitter": 3, "upvotes": [5, 7]}}, {"pk": 5, "model": "ed_news.submission", "fields": {"ranking_points": 144, "title": "I googled my username: user_20", "url": "http://google.com/#q=user_20", "visible": true, "flags": [], "submission_time": "2014-03-10T15:29:35.276Z", "submitter": 4, "upvotes": [6, 8]}}, {"pk": 6, "model": "ed_news.submission", "fields": {"ranking_points": 179, "title": "I googled my username: user_21", "url": "http://google.com/#q=user_21", "visible": true, "flags": [], "submission_time": "2014-03-10T15:29:35.279Z", "submitter": 4, "upvotes": [3]}}, {"pk": 7, "model": "ed_news.submission", "fields": {"ranking_points": 144, "title": "I googled my username: user_30", "url": "http://google.com/#q=user_30", "visible": true, "flags": [], "submission_time": "2014-03-10T15:29:35.340Z", "submitter": 5, "upvotes": [5]}}, {"pk": 8, "model": "ed_news.submission", "fields": {"ranking_points": 154, "title": "I googled my username: user_31", "url": "http://google.com/#q=user_31", "visible": true, "flags": [], "submission_time": "2014-03-10T15:29:35.344Z", "submitter": 5, "upvotes": [3, 7]}}, {"pk": 9, "model": "ed_news.submission", "fields": {"ranking_points": 144, "title": "I googled my username: user_40", "url": "http://google.com/#q=user_40", "visible": true, "flags": [], "submission_time": "2014-03-10T15:29:35.411Z", "submitter": 6, "upvotes": []}}, {"pk": 10, "model": "ed_news.submission", "fields": {"ranking_points": 129, "title": "I googled my username: user_41", "url": "http://google.com/#q=user_41", "visible": true, "flags": [], "submission_time": "2014-03-10T15:29:35.415Z", "submitter": 6, "upvotes": [8]}}, {"pk": 11, "model": "ed_news.submission", "fields": {"ranking_points": 154, "title": "I googled my username: user_50", "url": "http://google.com/#q=user_50", "visible": true, "flags": [], "submission_time": "2014-03-10T15:29:35.477Z", "submitter": 7, "upvotes": [7]}}, {"pk": 12, "model": "ed_news.submission", "fields": {"ranking_points": 144, "title": "I googled my username: user_51", "url": "http://google.com/#q=user_51", "visible": true, "flags": [], "submission_time": "2014-03-10T15:29:35.481Z", "submitter": 7, "upvotes": [2]}}, {"pk": 13, "model": "ed_news.submission", "fields": {"ranking_points": 164, "title": "I googled my username: user_60", "url": "http://google.com/#q=user_60", "visible": true, "flags": [], "submission_time": "2014-03-10T15:29:35.542Z", "submitter": 8, "upvotes": [4]}}, {"pk": 14, "model": "ed_news.submission", "fields": {"ranking_points": 139, "title": "I googled my username: user_61", "url": "http://google.com/#q=user_61", "visible": true, "flags": [], "submission_time": "2014-03-10T15:29:35.545Z", "submitter": 8, "upvotes": [8]}}, {"pk": 1, "model": "ed_news.article", "fields": {"upvotes": [4], "flags": []}}, {"pk": 2, "model": "ed_news.article", "fields": {"upvotes": [6], "flags": []}}, {"pk": 3, "model": "ed_news.article", "fields": {"upvotes": [2, 6], "flags": []}}, {"pk": 4, "model": "ed_news.article", "fields": {"upvotes": [5, 7], "flags": []}}, {"pk": 5, "model": "ed_news.article", "fields": {"upvotes": [6, 8], "flags": []}}, {"pk": 6, "model": "ed_news.article", "fields": {"upvotes": [3], "flags": []}}, {"pk": 7, "model": "ed_news.article", "fields": {"upvotes": [5], "flags": []}}, {"pk": 8, "model": "ed_news.article", "fields": {"upvotes": [3, 7], "flags": []}}, {"pk": 9, "model": "ed_news.article", "fields": {"upvotes": [], "flags": []}}, {"pk": 10, "model": "ed_news.article", "fields": {"upvotes": [8], "flags": []}}, {"pk": 11, "model": "ed_news.article", "fields": {"upvotes": [7], "flags": []}}, {"pk": 12, "model": "ed_news.article", "fields": {"upvotes": [2], "flags": []}}, {"pk": 13, "model": "ed_news.article", "fields": {"upvotes": [4], "flags": []}}, {"pk": 14, "model": "ed_news.article", "fields": {"upvotes": [8], "flags": []}}, {"pk": 2, "model": "ed_news.userprofile", "fields": {"email_public": false, "user": 2, "show_invisible": false, "karma": 2}}, {"pk": 3, "model": "ed_news.userprofile", "fields": {"email_public": false, "user": 3, "show_invisible": false, "karma": 4}}, {"pk": 4, "model": "ed_news.userprofile", "fields": {"email_public": false, "user": 4, "show_invisible": false, "karma": 3}}, {"pk": 5, "model": "ed_news.userprofile", "fields": {"email_public": false, "user": 5, "show_invisible": false, "karma": 2}}, {"pk": 6, "model": "ed_news.userprofile", "fields": {"email_public": false, "user": 6, "show_invisible": false, "karma": 1}}, {"pk": 7, "model": "ed_news.userprofile", "fields": {"email_public": false, "user": 7, "show_invisible": false, "karma": 1}}, {"pk": 8, "model": "ed_news.userprofile", "fields": {"email_public": false, "user": 8, "show_invisible": false, "karma": 1}}, {"pk": 1, "model": "ed_news.comment", "fields": {"ranking_points": 29, "comment_text": "I just don't think you'll ever make a magnetic monopole.", "author": 3, "parent_submission": 1, "parent_comment": null, "visible": true, "flags": [], "submission_time": "2014-03-10T15:29:35.550Z", "upvotes": [], "downvotes": []}}, {"pk": 2, "model": "ed_news.comment", "fields": {"ranking_points": 29, "comment_text": "I just don't think you'll ever make a magnetic monopole.", "author": 7, "parent_submission": 1, "parent_comment": null, "visible": true, "flags": [], "submission_time": "2014-03-10T15:29:35.553Z", "upvotes": [], "downvotes": []}}, {"pk": 3, "model": "ed_news.comment", "fields": {"ranking_points": 29, "comment_text": "I just don't think you'll ever make a magnetic monopole.", "author": 3, "parent_submission": 1, "parent_comment": null, "visible": true, "flags": [], "submission_time": "2014-03-10T15:29:35.554Z", "upvotes": [], "downvotes": []}}, {"pk": 4, "model": "ed_news.comment", "fields": {"ranking_points": 29, "comment_text": "I just don't think you'll ever make a magnetic monopole.", "author": 2, "parent_submission": 1, "parent_comment": null, "visible": true, "flags": [], "submission_time": "2014-03-10T15:29:35.556Z", "upvotes": [], "downvotes": []}}, {"pk": 5, "model": "ed_news.comment", "fields": {"ranking_points": 29, "comment_text": "I just don't think you'll ever make a magnetic monopole.", "author": 5, "parent_submission": 1, "parent_comment": null, "visible": true, "flags": [], "submission_time": "2014-03-10T15:29:35.559Z", "upvotes": [], "downvotes": []}}, {"pk": 6, "model": "ed_news.comment", "fields": {"ranking_points": 29, "comment_text": "I just don't think you'll ever make a magnetic monopole.", "author": 7, "parent_submission": 1, "parent_comment": null, "visible": true, "flags": [], "submission_time": "2014-03-10T15:29:35.561Z", "upvotes": [], "downvotes": []}}, {"pk": 7, "model": "ed_news.comment", "fields": {"ranking_points": 29, "comment_text": "I just don't think you'll ever make a magnetic monopole.", "author": 3, "parent_submission": 1, "parent_comment": null, "visible": true, "flags": [], "submission_time": "2014-03-10T15:29:35.562Z", "upvotes": [], "downvotes": []}}, {"pk": 8, "model": "ed_news.comment", "fields": {"ranking_points": 29, "comment_text": "I just don't think you'll ever make a magnetic monopole.", "author": 6, "parent_submission": 1, "parent_comment": null, "visible": true, "flags": [], "submission_time": "2014-03-10T15:29:35.564Z", "upvotes": [], "downvotes": []}}, {"pk": 9, "model": "ed_news.comment", "fields": {"ranking_points": 29, "comment_text": "I just don't think you'll ever make a magnetic monopole.", "author": 7, "parent_submission": 1, "parent_comment": null, "visible": true, "flags": [], "submission_time": "2014-03-10T15:29:35.567Z", "upvotes": [], "downvotes": []}}, {"pk": 10, "model": "ed_news.comment", "fields": {"ranking_points": 29, "comment_text": "I just don't think you'll ever make a magnetic monopole.", "author": 8, "parent_submission": 1, "parent_comment": null, "visible": true, "flags": [], "submission_time": "2014-03-10T15:29:35.569Z", "upvotes": [], "downvotes": []}}, {"pk": 11, "model": "ed_news.comment", "fields": {"ranking_points": 29, "comment_text": "I just don't think you'll ever make a magnetic monopole.", "author": 7, "parent_submission": 1, "parent_comment": null, "visible": true, "flags": [], "submission_time": "2014-03-10T15:29:35.571Z", "upvotes": [], "downvotes": []}}, {"pk": 12, "model": "ed_news.comment", "fields": {"ranking_points": 29, "comment_text": "I just don't think you'll ever make a magnetic monopole.", "author": 5, "parent_submission": 1, "parent_comment": null, "visible": true, "flags": [], "submission_time": "2014-03-10T15:29:35.574Z", "upvotes": [], "downvotes": []}}, {"pk": 13, "model": "ed_news.comment", "fields": {"ranking_points": 29, "comment_text": "I just don't think you'll ever make a magnetic monopole.", "author": 5, "parent_submission": 1, "parent_comment": null, "visible": true, "flags": [], "submission_time": "2014-03-10T15:29:35.576Z", "upvotes": [], "downvotes": []}}, {"pk": 14, "model": "ed_news.comment", "fields": {"ranking_points": 29, "comment_text": "I just don't think you'll ever make a magnetic monopole.", "author": 3, "parent_submission": 1, "parent_comment": null, "visible": true, "flags": [], "submission_time": "2014-03-10T15:29:35.578Z", "upvotes": [], "downvotes": []}}, {"pk": 15, "model": "ed_news.comment", "fields": {"ranking_points": 29, "comment_text": "I just don't think you'll ever make a magnetic monopole.", "author": 8, "parent_submission": 1, "parent_comment": null, "visible": true, "flags": [], "submission_time": "2014-03-10T15:29:35.581Z", "upvotes": [], "downvotes": []}}, {"pk": 16, "model": "ed_news.comment", "fields": {"ranking_points": 0, "comment_text": "I just don't think you'll ever make a magnetic monopole.", "author": 2, "parent_submission": 2, "parent_comment": null, "visible": true, "flags": [], "submission_time": "2014-03-10T15:29:35.582Z", "upvotes": [], "downvotes": []}}, {"pk": 17, "model": "ed_news.comment", "fields": {"ranking_points": 0, "comment_text": "I just don't think you'll ever make a magnetic monopole.", "author": 7, "parent_submission": 2, "parent_comment": null, "visible": true, "flags": [], "submission_time": "2014-03-10T15:29:35.584Z", "upvotes": [], "downvotes": []}}, {"pk": 18, "model": "ed_news.comment", "fields": {"ranking_points": 0, "comment_text": "I just don't think you'll ever make a magnetic monopole.", "author": 5, "parent_submission": 2, "parent_comment": null, "visible": true, "flags": [], "submission_time": "2014-03-10T15:29:35.586Z", "upvotes": [], "downvotes": []}}, {"pk": 19, "model": "ed_news.comment", "fields": {"ranking_points": 0, "comment_text": "I just don't think you'll ever make a magnetic monopole.", "author": 2, "parent_submission": 2, "parent_comment": null, "visible": true, "flags": [], "submission_time": "2014-03-10T15:29:35.589Z", "upvotes": [], "downvotes": []}}, {"pk": 20, "model": "ed_news.comment", "fields": {"ranking_points": 0, "comment_text": "I just don't think you'll ever make a magnetic monopole.", "author": 6, "parent_submission": 2, "parent_comment": null, "visible": true, "flags": [], "submission_time": "2014-03-10T15:29:35.591Z", "upvotes": [], "downvotes": []}}, {"pk": 21, "model": "ed_news.comment", "fields": {"ranking_points": 0, "comment_text": "I just don't think you'll ever make a magnetic monopole.", "author": 4, "parent_submission": 2, "parent_comment": null, "visible": true, "flags": [], "submission_time": "2014-03-10T15:29:35.594Z", "upvotes": [], "downvotes": []}}, {"pk": 22, "model": "ed_news.comment", "fields": {"ranking_points": 0, "comment_text": "I just don't think you'll ever make a magnetic monopole.", "author": 5, "parent_submission": 2, "parent_comment": null, "visible": true, "flags": [], "submission_time": "2014-03-10T15:29:35.596Z", "upvotes": [], "downvotes": []}}, {"pk": 23, "model": "ed_news.comment", "fields": {"ranking_points": 0, "comment_text": "I just don't think you'll ever make a magnetic monopole.", "author": 7, "parent_submission": 2, "parent_comment": null, "visible": true, "flags": [], "submission_time": "2014-03-10T15:29:35.598Z", "upvotes": [], "downvotes": []}}, {"pk": 24, "model": "ed_news.comment", "fields": {"ranking_points": 0, "comment_text": "I just don't think you'll ever make a magnetic monopole.", "author": 6, "parent_submission": 2, "parent_comment": null, "visible": true, "flags": [], "submission_time": "2014-03-10T15:29:35.600Z", "upvotes": [], "downvotes": []}}, {"pk": 25, "model": "ed_news.comment", "fields": {"ranking_points": 0, "comment_text": "I just don't think you'll ever make a magnetic monopole.", "author": 7, "parent_submission": 2, "parent_comment": null, "visible": true, "flags": [], "submission_time": "2014-03-10T15:29:35.603Z", "upvotes": [], "downvotes": []}}, {"pk": 26, "model": "ed_news.comment", "fields": {"ranking_points": 0, "comment_text": "I just don't think you'll ever make a magnetic monopole.", "author": 4, "parent_submission": 2, "parent_comment": null, "visible": true, "flags": [], "submission_time": "2014-03-10T15:29:35.605Z", "upvotes": [], "downvotes": []}}, {"pk": 27, "model": "ed_news.comment", "fields": {"ranking_points": 0, "comment_text": "I just don't think you'll ever make a magnetic monopole.", "author": 8, "parent_submission": 2, "parent_comment": null, "visible": true, "flags": [], "submission_time": "2014-03-10T15:29:35.606Z", "upvotes": [], "downvotes": []}}, {"pk": 28, "model": "ed_news.comment", "fields": {"ranking_points": 0, "comment_text": "I just don't think you'll ever make a magnetic monopole.", "author": 2, "parent_submission": 2, "parent_comment": null, "visible": true, "flags": [], "submission_time": "2014-03-10T15:29:35.608Z", "upvotes": [], "downvotes": []}}, {"pk": 29, "model": "ed_news.comment", "fields": {"ranking_points": 0, "comment_text": "I just don't think you'll ever make a magnetic monopole.", "author": 5, "parent_submission": 2, "parent_comment": null, "visible": true, "flags": [], "submission_time": "2014-03-10T15:29:35.610Z", "upvotes": [], "downvotes": []}}, {"pk": 30, "model": "ed_news.comment", "fields": {"ranking_points": 0, "comment_text": "I just don't think you'll ever make a magnetic monopole.", "author": 5, "parent_submission": 2, "parent_comment": null, "visible": true, "flags": [], "submission_time": "2014-03-10T15:29:35.612Z", "upvotes": [], "downvotes": []}}, {"pk": 31, "model": "ed_news.comment", "fields": {"ranking_points": 0, "comment_text": "I just don't think you'll ever make a magnetic monopole.", "author": 3, "parent_submission": 3, "parent_comment": null, "visible": true, "flags": [], "submission_time": "2014-03-10T15:29:35.614Z", "upvotes": [], "downvotes": []}}, {"pk": 32, "model": "ed_news.comment", "fields": {"ranking_points": 0, "comment_text": "I just don't think you'll ever make a magnetic monopole.", "author": 5, "parent_submission": 3, "parent_comment": null, "visible": true, "flags": [], "submission_time": "2014-03-10T15:29:35.616Z", "upvotes": [], "downvotes": []}}, {"pk": 33, "model": "ed_news.comment", "fields": {"ranking_points": 0, "comment_text": "I just don't think you'll ever make a magnetic monopole.", "author": 4, "parent_submission": 3, "parent_comment": null, "visible": true, "flags": [], "submission_time": "2014-03-10T15:29:35.618Z", "upvotes": [], "downvotes": []}}, {"pk": 34, "model": "ed_news.comment", "fields": {"ranking_points": 0, "comment_text": "I just don't think you'll ever make a magnetic monopole.", "author": 8, "parent_submission": 3, "parent_comment": null, "visible": true, "flags": [], "submission_time": "2014-03-10T15:29:35.620Z", "upvotes": [], "downvotes": []}}, {"pk": 35, "model": "ed_news.comment", "fields": {"ranking_points": 0, "comment_text": "I just don't think you'll ever make a magnetic monopole.", "author": 8, "parent_submission": 3, "parent_comment": null, "visible": true, "flags": [], "submission_time": "2014-03-10T15:29:35.622Z", "upvotes": [], "downvotes": []}}, {"pk": 36, "model": "ed_news.comment", "fields": {"ranking_points": 0, "comment_text": "I just don't think you'll ever make a magnetic monopole.", "author": 7, "parent_submission": 3, "parent_comment": null, "visible": true, "flags": [], "submission_time": "2014-03-10T15:29:35.625Z", "upvotes": [], "downvotes": []}}, {"pk": 37, "model": "ed_news.comment", "fields": {"ranking_points": 0, "comment_text": "I just don't think you'll ever make a magnetic monopole.", "author": 6, "parent_submission": 3, "parent_comment": null, "visible": true, "flags": [], "submission_time": "2014-03-10T15:29:35.627Z", "upvotes": [], "downvotes": []}}, {"pk": 38, "model": "ed_news.comment", "fields": {"ranking_points": 0, "comment_text": "I just don't think you'll ever make a magnetic monopole.", "author": 6, "parent_submission": 3, "parent_comment": null, "visible": true, "flags": [], "submission_time": "2014-03-10T15:29:35.629Z", "upvotes": [], "downvotes": []}}, {"pk": 39, "model": "ed_news.comment", "fields": {"ranking_points": 0, "comment_text": "I just don't think you'll ever make a magnetic monopole.", "author": 6, "parent_submission": 3, "parent_comment": null, "visible": true, "flags": [], "submission_time": "2014-03-10T15:29:35.632Z", "upvotes": [], "downvotes": []}}, {"pk": 40, "model": "ed_news.comment", "fields": {"ranking_points": 0, "comment_text": "I just don't think you'll ever make a magnetic monopole.", "author": 5, "parent_submission": 3, "parent_comment": null, "visible": true, "flags": [], "submission_time": "2014-03-10T15:29:35.634Z", "upvotes": [], "downvotes": []}}, {"pk": 41, "model": "ed_news.comment", "fields": {"ranking_points": 0, "comment_text": "I just don't think you'll ever make a magnetic monopole.", "author": 3, "parent_submission": 3, "parent_comment": null, "visible": true, "flags": [], "submission_time": "2014-03-10T15:29:35.636Z", "upvotes": [], "downvotes": []}}, {"pk": 42, "model": "ed_news.comment", "fields": {"ranking_points": 0, "comment_text": "I just don't think you'll ever make a magnetic monopole.", "author": 7, "parent_submission": 3, "parent_comment": null, "visible": true, "flags": [], "submission_time": "2014-03-10T15:29:35.637Z", "upvotes": [], "downvotes": []}}, {"pk": 43, "model": "ed_news.comment", "fields": {"ranking_points": 0, "comment_text": "I just don't think you'll ever make a magnetic monopole.", "author": 5, "parent_submission": 3, "parent_comment": null, "visible": true, "flags": [], "submission_time": "2014-03-10T15:29:35.639Z", "upvotes": [], "downvotes": []}}, {"pk": 44, "model": "ed_news.comment", "fields": {"ranking_points": 0, "comment_text": "I just don't think you'll ever make a magnetic monopole.", "author": 5, "parent_submission": 3, "parent_comment": null, "visible": true, "flags": [], "submission_time": "2014-03-10T15:29:35.641Z", "upvotes": [], "downvotes": []}}, {"pk": 45, "model": "ed_news.comment", "fields": {"ranking_points": 0, "comment_text": "I just don't think you'll ever make a magnetic monopole.", "author": 6, "parent_submission": 3, "parent_comment": null, "visible": true, "flags": [], "submission_time": "2014-03-10T15:29:35.643Z", "upvotes": [], "downvotes": []}}, {"pk": 46, "model": "ed_news.comment", "fields": {"ranking_points": 29, "comment_text": "I just don't think you'll ever make a magnetic monopole.", "author": 5, "parent_submission": 4, "parent_comment": null, "visible": true, "flags": [], "submission_time": "2014-03-10T15:29:35.644Z", "upvotes": [], "downvotes": []}}, {"pk": 47, "model": "ed_news.comment", "fields": {"ranking_points": 29, "comment_text": "I just don't think you'll ever make a magnetic monopole.", "author": 2, "parent_submission": 4, "parent_comment": null, "visible": true, "flags": [], "submission_time": "2014-03-10T15:29:35.645Z", "upvotes": [], "downvotes": []}}, {"pk": 48, "model": "ed_news.comment", "fields": {"ranking_points": 29, "comment_text": "I just don't think you'll ever make a magnetic monopole.", "author": 2, "parent_submission": 4, "parent_comment": null, "visible": true, "flags": [], "submission_time": "2014-03-10T15:29:35.647Z", "upvotes": [], "downvotes": []}}, {"pk": 49, "model": "ed_news.comment", "fields": {"ranking_points": 29, "comment_text": "I just don't think you'll ever make a magnetic monopole.", "author": 3, "parent_submission": 4, "parent_comment": null, "visible": true, "flags": [], "submission_time": "2014-03-10T15:29:35.648Z", "upvotes": [], "downvotes": []}}, {"pk": 50, "model": "ed_news.comment", "fields": {"ranking_points": 29, "comment_text": "I just don't think you'll ever make a magnetic monopole.", "author": 5, "parent_submission": 4, "parent_comment": null, "visible": true, "flags": [], "submission_time": "2014-03-10T15:29:35.649Z", "upvotes": [], "downvotes": []}}, {"pk": 51, "model": "ed_news.comment", "fields": {"ranking_points": 29, "comment_text": "I just don't think you'll ever make a magnetic monopole.", "author": 2, "parent_submission": 4, "parent_comment": null, "visible": true, "flags": [], "submission_time": "2014-03-10T15:29:35.651Z", "upvotes": [], "downvotes": []}}, {"pk": 52, "model": "ed_news.comment", "fields": {"ranking_points": 29, "comment_text": "I just don't think you'll ever make a magnetic monopole.", "author": 8, "parent_submission": 4, "parent_comment": null, "visible": true, "flags": [], "submission_time": "2014-03-10T15:29:35.653Z", "upvotes": [], "downvotes": []}}, {"pk": 53, "model": "ed_news.comment", "fields": {"ranking_points": 29, "comment_text": "I just don't think you'll ever make a magnetic monopole.", "author": 3, "parent_submission": 4, "parent_comment": null, "visible": true, "flags": [], "submission_time": "2014-03-10T15:29:35.655Z", "upvotes": [], "downvotes": []}}, {"pk": 54, "model": "ed_news.comment", "fields": {"ranking_points": 29, "comment_text": "I just don't think you'll ever make a magnetic monopole.", "author": 2, "parent_submission": 4, "parent_comment": null, "visible": true, "flags": [], "submission_time": "2014-03-10T15:29:35.656Z", "upvotes": [], "downvotes": []}}, {"pk": 55, "model": "ed_news.comment", "fields": {"ranking_points": 29, "comment_text": "I just don't think you'll ever make a magnetic monopole.", "author": 4, "parent_submission": 4, "parent_comment": null, "visible": true, "flags": [], "submission_time": "2014-03-10T15:29:35.658Z", "upvotes": [], "downvotes": []}}, {"pk": 56, "model": "ed_news.comment", "fields": {"ranking_points": 29, "comment_text": "I just don't think you'll ever make a magnetic monopole.", "author": 8, "parent_submission": 4, "parent_comment": null, "visible": true, "flags": [], "submission_time": "2014-03-10T15:29:35.660Z", "upvotes": [], "downvotes": []}}, {"pk": 57, "model": "ed_news.comment", "fields": {"ranking_points": 29, "comment_text": "I just don't think you'll ever make a magnetic monopole.", "author": 6, "parent_submission": 4, "parent_comment": null, "visible": true, "flags": [], "submission_time": "2014-03-10T15:29:35.662Z", "upvotes": [], "downvotes": []}}, {"pk": 58, "model": "ed_news.comment", "fields": {"ranking_points": 29, "comment_text": "I just don't think you'll ever make a magnetic monopole.", "author": 7, "parent_submission": 4, "parent_comment": null, "visible": true, "flags": [], "submission_time": "2014-03-10T15:29:35.664Z", "upvotes": [], "downvotes": []}}, {"pk": 59, "model": "ed_news.comment", "fields": {"ranking_points": 29, "comment_text": "I just don't think you'll ever make a magnetic monopole.", "author": 5, "parent_submission": 4, "parent_comment": null, "visible": true, "flags": [], "submission_time": "2014-03-10T15:29:35.666Z", "upvotes": [], "downvotes": []}}, {"pk": 60, "model": "ed_news.comment", "fields": {"ranking_points": 29, "comment_text": "I just don't think you'll ever make a magnetic monopole.", "author": 8, "parent_submission": 4, "parent_comment": null, "visible": true, "flags": [], "submission_time": "2014-03-10T15:29:35.668Z", "upvotes": [], "downvotes": []}}, {"pk": 61, "model": "ed_news.comment", "fields": {"ranking_points": 29, "comment_text": "I just don't think you'll ever make a magnetic monopole.", "author": 8, "parent_submission": 5, "parent_comment": null, "visible": true, "flags": [], "submission_time": "2014-03-10T15:29:35.669Z", "upvotes": [], "downvotes": []}}, {"pk": 62, "model": "ed_news.comment", "fields": {"ranking_points": 29, "comment_text": "I just don't think you'll ever make a magnetic monopole.", "author": 8, "parent_submission": 5, "parent_comment": null, "visible": true, "flags": [], "submission_time": "2014-03-10T15:29:35.671Z", "upvotes": [], "downvotes": []}}, {"pk": 63, "model": "ed_news.comment", "fields": {"ranking_points": 29, "comment_text": "I just don't think you'll ever make a magnetic monopole.", "author": 5, "parent_submission": 5, "parent_comment": null, "visible": true, "flags": [], "submission_time": "2014-03-10T15:29:35.673Z", "upvotes": [], "downvotes": []}}, {"pk": 64, "model": "ed_news.comment", "fields": {"ranking_points": 29, "comment_text": "I just don't think you'll ever make a magnetic monopole.", "author": 2, "parent_submission": 5, "parent_comment": null, "visible": true, "flags": [], "submission_time": "2014-03-10T15:29:35.676Z", "upvotes": [], "downvotes": []}}, {"pk": 65, "model": "ed_news.comment", "fields": {"ranking_points": 29, "comment_text": "I just don't think you'll ever make a magnetic monopole.", "author": 8, "parent_submission": 5, "parent_comment": null, "visible": true, "flags": [], "submission_time": "2014-03-10T15:29:35.678Z", "upvotes": [], "downvotes": []}}, {"pk": 66, "model": "ed_news.comment", "fields": {"ranking_points": 29, "comment_text": "I just don't think you'll ever make a magnetic monopole.", "author": 6, "parent_submission": 5, "parent_comment": null, "visible": true, "flags": [], "submission_time": "2014-03-10T15:29:35.680Z", "upvotes": [], "downvotes": []}}, {"pk": 67, "model": "ed_news.comment", "fields": {"ranking_points": 29, "comment_text": "I just don't think you'll ever make a magnetic monopole.", "author": 7, "parent_submission": 5, "parent_comment": null, "visible": true, "flags": [], "submission_time": "2014-03-10T15:29:35.682Z", "upvotes": [], "downvotes": []}}, {"pk": 68, "model": "ed_news.comment", "fields": {"ranking_points": 29, "comment_text": "I just don't think you'll ever make a magnetic monopole.", "author": 6, "parent_submission": 5, "parent_comment": null, "visible": true, "flags": [], "submission_time": "2014-03-10T15:29:35.684Z", "upvotes": [], "downvotes": []}}, {"pk": 69, "model": "ed_news.comment", "fields": {"ranking_points": 29, "comment_text": "I just don't think you'll ever make a magnetic monopole.", "author": 8, "parent_submission": 5, "parent_comment": null, "visible": true, "flags": [], "submission_time": "2014-03-10T15:29:35.686Z", "upvotes": [], "downvotes": []}}, {"pk": 70, "model": "ed_news.comment", "fields": {"ranking_points": 29, "comment_text": "I just don't think you'll ever make a magnetic monopole.", "author": 7, "parent_submission": 5, "parent_comment": null, "visible": true, "flags": [], "submission_time": "2014-03-10T15:29:35.689Z", "upvotes": [], "downvotes": []}}, {"pk": 71, "model": "ed_news.comment", "fields": {"ranking_points": 29, "comment_text": "I just don't think you'll ever make a magnetic monopole.", "author": 2, "parent_submission": 5, "parent_comment": null, "visible": true, "flags": [], "submission_time": "2014-03-10T15:29:35.691Z", "upvotes": [], "downvotes": []}}, {"pk": 72, "model": "ed_news.comment", "fields": {"ranking_points": 29, "comment_text": "I just don't think you'll ever make a magnetic monopole.", "author": 8, "parent_submission": 5, "parent_comment": null, "visible": true, "flags": [], "submission_time": "2014-03-10T15:29:35.693Z", "upvotes": [], "downvotes": []}}, {"pk": 73, "model": "ed_news.comment", "fields": {"ranking_points": 29, "comment_text": "I just don't think you'll ever make a magnetic monopole.", "author": 4, "parent_submission": 5, "parent_comment": null, "visible": true, "flags": [], "submission_time": "2014-03-10T15:29:35.695Z", "upvotes": [], "downvotes": []}}, {"pk": 74, "model": "ed_news.comment", "fields": {"ranking_points": 29, "comment_text": "I just don't think you'll ever make a magnetic monopole.", "author": 3, "parent_submission": 5, "parent_comment": null, "visible": true, "flags": [], "submission_time": "2014-03-10T15:29:35.696Z", "upvotes": [], "downvotes": []}}, {"pk": 75, "model": "ed_news.comment", "fields": {"ranking_points": 29, "comment_text": "I just don't think you'll ever make a magnetic monopole.", "author": 2, "parent_submission": 5, "parent_comment": null, "visible": true, "flags": [], "submission_time": "2014-03-10T15:29:35.698Z", "upvotes": [], "downvotes": []}}, {"pk": 76, "model": "ed_news.comment", "fields": {"ranking_points": 29, "comment_text": "I just don't think you'll ever make a magnetic monopole.", "author": 6, "parent_submission": 6, "parent_comment": null, "visible": true, "flags": [], "submission_time": "2014-03-10T15:29:35.699Z", "upvotes": [], "downvotes": []}}, {"pk": 77, "model": "ed_news.comment", "fields": {"ranking_points": 29, "comment_text": "I just don't think you'll ever make a magnetic monopole.", "author": 8, "parent_submission": 6, "parent_comment": null, "visible": true, "flags": [], "submission_time": "2014-03-10T15:29:35.701Z", "upvotes": [], "downvotes": []}}, {"pk": 78, "model": "ed_news.comment", "fields": {"ranking_points": 29, "comment_text": "I just don't think you'll ever make a magnetic monopole.", "author": 6, "parent_submission": 6, "parent_comment": null, "visible": true, "flags": [], "submission_time": "2014-03-10T15:29:35.703Z", "upvotes": [], "downvotes": []}}, {"pk": 79, "model": "ed_news.comment", "fields": {"ranking_points": 29, "comment_text": "I just don't think you'll ever make a magnetic monopole.", "author": 4, "parent_submission": 6, "parent_comment": null, "visible": true, "flags": [], "submission_time": "2014-03-10T15:29:35.704Z", "upvotes": [], "downvotes": []}}, {"pk": 80, "model": "ed_news.comment", "fields": {"ranking_points": 29, "comment_text": "I just don't think you'll ever make a magnetic monopole.", "author": 3, "parent_submission": 6, "parent_comment": null, "visible": true, "flags": [], "submission_time": "2014-03-10T15:29:35.705Z", "upvotes": [], "downvotes": []}}, {"pk": 81, "model": "ed_news.comment", "fields": {"ranking_points": 29, "comment_text": "I just don't think you'll ever make a magnetic monopole.", "author": 5, "parent_submission": 6, "parent_comment": null, "visible": true, "flags": [], "submission_time": "2014-03-10T15:29:35.706Z", "upvotes": [], "downvotes": []}}, {"pk": 82, "model": "ed_news.comment", "fields": {"ranking_points": 29, "comment_text": "I just don't think you'll ever make a magnetic monopole.", "author": 3, "parent_submission": 6, "parent_comment": null, "visible": true, "flags": [], "submission_time": "2014-03-10T15:29:35.708Z", "upvotes": [], "downvotes": []}}, {"pk": 83, "model": "ed_news.comment", "fields": {"ranking_points": 29, "comment_text": "I just don't think you'll ever make a magnetic monopole.", "author": 4, "parent_submission": 6, "parent_comment": null, "visible": true, "flags": [], "submission_time": "2014-03-10T15:29:35.709Z", "upvotes": [], "downvotes": []}}, {"pk": 84, "model": "ed_news.comment", "fields": {"ranking_points": 29, "comment_text": "I just don't think you'll ever make a magnetic monopole.", "author": 8, "parent_submission": 6, "parent_comment": null, "visible": true, "flags": [], "submission_time": "2014-03-10T15:29:35.710Z", "upvotes": [], "downvotes": []}}, {"pk": 85, "model": "ed_news.comment", "fields": {"ranking_points": 29, "comment_text": "I just don't think you'll ever make a magnetic monopole.", "author": 3, "parent_submission": 6, "parent_comment": null, "visible": true, "flags": [], "submission_time": "2014-03-10T15:29:35.711Z", "upvotes": [], "downvotes": []}}, {"pk": 86, "model": "ed_news.comment", "fields": {"ranking_points": 29, "comment_text": "I just don't think you'll ever make a magnetic monopole.", "author": 8, "parent_submission": 6, "parent_comment": null, "visible": true, "flags": [], "submission_time": "2014-03-10T15:29:35.713Z", "upvotes": [], "downvotes": []}}, {"pk": 87, "model": "ed_news.comment", "fields": {"ranking_points": 29, "comment_text": "I just don't think you'll ever make a magnetic monopole.", "author": 8, "parent_submission": 6, "parent_comment": null, "visible": true, "flags": [], "submission_time": "2014-03-10T15:29:35.714Z", "upvotes": [], "downvotes": []}}, {"pk": 88, "model": "ed_news.comment", "fields": {"ranking_points": 29, "comment_text": "I just don't think you'll ever make a magnetic monopole.", "author": 4, "parent_submission": 6, "parent_comment": null, "visible": true, "flags": [], "submission_time": "2014-03-10T15:29:35.716Z", "upvotes": [], "downvotes": []}}, {"pk": 89, "model": "ed_news.comment", "fields": {"ranking_points": 29, "comment_text": "I just don't think you'll ever make a magnetic monopole.", "author": 6, "parent_submission": 6, "parent_comment": null, "visible": true, "flags": [], "submission_time": "2014-03-10T15:29:35.718Z", "upvotes": [], "downvotes": []}}, {"pk": 90, "model": "ed_news.comment", "fields": {"ranking_points": 29, "comment_text": "I just don't think you'll ever make a magnetic monopole.", "author": 2, "parent_submission": 6, "parent_comment": null, "visible": true, "flags": [], "submission_time": "2014-03-10T15:29:35.721Z", "upvotes": [], "downvotes": []}}, {"pk": 91, "model": "ed_news.comment", "fields": {"ranking_points": 29, "comment_text": "I just don't think you'll ever make a magnetic monopole.", "author": 7, "parent_submission": 7, "parent_comment": null, "visible": true, "flags": [], "submission_time": "2014-03-10T15:29:35.723Z", "upvotes": [], "downvotes": []}}, {"pk": 92, "model": "ed_news.comment", "fields": {"ranking_points": 29, "comment_text": "I just don't think you'll ever make a magnetic monopole.", "author": 5, "parent_submission": 7, "parent_comment": null, "visible": true, "flags": [], "submission_time": "2014-03-10T15:29:35.725Z", "upvotes": [], "downvotes": []}}, {"pk": 93, "model": "ed_news.comment", "fields": {"ranking_points": 29, "comment_text": "I just don't think you'll ever make a magnetic monopole.", "author": 2, "parent_submission": 7, "parent_comment": null, "visible": true, "flags": [], "submission_time": "2014-03-10T15:29:35.726Z", "upvotes": [], "downvotes": []}}, {"pk": 94, "model": "ed_news.comment", "fields": {"ranking_points": 29, "comment_text": "I just don't think you'll ever make a magnetic monopole.", "author": 5, "parent_submission": 7, "parent_comment": null, "visible": true, "flags": [], "submission_time": "2014-03-10T15:29:35.728Z", "upvotes": [], "downvotes": []}}, {"pk": 95, "model": "ed_news.comment", "fields": {"ranking_points": 29, "comment_text": "I just don't think you'll ever make a magnetic monopole.", "author": 2, "parent_submission": 7, "parent_comment": null, "visible": true, "flags": [], "submission_time": "2014-03-10T15:29:35.729Z", "upvotes": [], "downvotes": []}}, {"pk": 96, "model": "ed_news.comment", "fields": {"ranking_points": 29, "comment_text": "I just don't think you'll ever make a magnetic monopole.", "author": 3, "parent_submission": 7, "parent_comment": null, "visible": true, "flags": [], "submission_time": "2014-03-10T15:29:35.731Z", "upvotes": [], "downvotes": []}}, {"pk": 97, "model": "ed_news.comment", "fields": {"ranking_points": 29, "comment_text": "I just don't think you'll ever make a magnetic monopole.", "author": 6, "parent_submission": 7, "parent_comment": null, "visible": true, "flags": [], "submission_time": "2014-03-10T15:29:35.733Z", "upvotes": [], "downvotes": []}}, {"pk": 98, "model": "ed_news.comment", "fields": {"ranking_points": 29, "comment_text": "I just don't think you'll ever make a magnetic monopole.", "author": 8, "parent_submission": 7, "parent_comment": null, "visible": true, "flags": [], "submission_time": "2014-03-10T15:29:35.734Z", "upvotes": [], "downvotes": []}}, {"pk": 99, "model": "ed_news.comment", "fields": {"ranking_points": 29, "comment_text": "I just don't think you'll ever make a magnetic monopole.", "author": 7, "parent_submission": 7, "parent_comment": null, "visible": true, "flags": [], "submission_time": "2014-03-10T15:29:35.735Z", "upvotes": [], "downvotes": []}}, {"pk": 100, "model": "ed_news.comment", "fields": {"ranking_points": 29, "comment_text": "I just don't think you'll ever make a magnetic monopole.", "author": 7, "parent_submission": 7, "parent_comment": null, "visible": true, "flags": [], "submission_time": "2014-03-10T15:29:35.737Z", "upvotes": [], "downvotes": []}}, {"pk": 101, "model": "ed_news.comment", "fields": {"ranking_points": 29, "comment_text": "I just don't think you'll ever make a magnetic monopole.", "author": 4, "parent_submission": 7, "parent_comment": null, "visible": true, "flags": [], "submission_time": "2014-03-10T15:29:35.739Z", "upvotes": [], "downvotes": []}}, {"pk": 102, "model": "ed_news.comment", "fields": {"ranking_points": 29, "comment_text": "I just don't think you'll ever make a magnetic monopole.", "author": 6, "parent_submission": 7, "parent_comment": null, "visible": true, "flags": [], "submission_time": "2014-03-10T15:29:35.741Z", "upvotes": [], "downvotes": []}}, {"pk": 103, "model": "ed_news.comment", "fields": {"ranking_points": 29, "comment_text": "I just don't think you'll ever make a magnetic monopole.", "author": 5, "parent_submission": 7, "parent_comment": null, "visible": true, "flags": [], "submission_time": "2014-03-10T15:29:35.743Z", "upvotes": [], "downvotes": []}}, {"pk": 104, "model": "ed_news.comment", "fields": {"ranking_points": 29, "comment_text": "I just don't think you'll ever make a magnetic monopole.", "author": 4, "parent_submission": 7, "parent_comment": null, "visible": true, "flags": [], "submission_time": "2014-03-10T15:29:35.745Z", "upvotes": [], "downvotes": []}}, {"pk": 105, "model": "ed_news.comment", "fields": {"ranking_points": 29, "comment_text": "I just don't think you'll ever make a magnetic monopole.", "author": 8, "parent_submission": 7, "parent_comment": null, "visible": true, "flags": [], "submission_time": "2014-03-10T15:29:35.747Z", "upvotes": [], "downvotes": []}}, {"pk": 106, "model": "ed_news.comment", "fields": {"ranking_points": 0, "comment_text": "I just don't think you'll ever make a magnetic monopole.", "author": 2, "parent_submission": 8, "parent_comment": null, "visible": true, "flags": [], "submission_time": "2014-03-10T15:29:35.748Z", "upvotes": [], "downvotes": []}}, {"pk": 107, "model": "ed_news.comment", "fields": {"ranking_points": 0, "comment_text": "I just don't think you'll ever make a magnetic monopole.", "author": 2, "parent_submission": 8, "parent_comment": null, "visible": true, "flags": [], "submission_time": "2014-03-10T15:29:35.750Z", "upvotes": [], "downvotes": []}}, {"pk": 108, "model": "ed_news.comment", "fields": {"ranking_points": 0, "comment_text": "I just don't think you'll ever make a magnetic monopole.", "author": 2, "parent_submission": 8, "parent_comment": null, "visible": true, "flags": [], "submission_time": "2014-03-10T15:29:35.752Z", "upvotes": [], "downvotes": []}}, {"pk": 109, "model": "ed_news.comment", "fields": {"ranking_points": 0, "comment_text": "I just don't think you'll ever make a magnetic monopole.", "author": 8, "parent_submission": 8, "parent_comment": null, "visible": true, "flags": [], "submission_time": "2014-03-10T15:29:35.754Z", "upvotes": [], "downvotes": []}}, {"pk": 110, "model": "ed_news.comment", "fields": {"ranking_points": 0, "comment_text": "I just don't think you'll ever make a magnetic monopole.", "author": 7, "parent_submission": 8, "parent_comment": null, "visible": true, "flags": [], "submission_time": "2014-03-10T15:29:35.757Z", "upvotes": [], "downvotes": []}}, {"pk": 111, "model": "ed_news.comment", "fields": {"ranking_points": 0, "comment_text": "I just don't think you'll ever make a magnetic monopole.", "author": 4, "parent_submission": 8, "parent_comment": null, "visible": true, "flags": [], "submission_time": "2014-03-10T15:29:35.760Z", "upvotes": [], "downvotes": []}}, {"pk": 112, "model": "ed_news.comment", "fields": {"ranking_points": 0, "comment_text": "I just don't think you'll ever make a magnetic monopole.", "author": 5, "parent_submission": 8, "parent_comment": null, "visible": true, "flags": [], "submission_time": "2014-03-10T15:29:35.761Z", "upvotes": [], "downvotes": []}}, {"pk": 113, "model": "ed_news.comment", "fields": {"ranking_points": 0, "comment_text": "I just don't think you'll ever make a magnetic monopole.", "author": 4, "parent_submission": 8, "parent_comment": null, "visible": true, "flags": [], "submission_time": "2014-03-10T15:29:35.763Z", "upvotes": [], "downvotes": []}}, {"pk": 114, "model": "ed_news.comment", "fields": {"ranking_points": 0, "comment_text": "I just don't think you'll ever make a magnetic monopole.", "author": 6, "parent_submission": 8, "parent_comment": null, "visible": true, "flags": [], "submission_time": "2014-03-10T15:29:35.766Z", "upvotes": [], "downvotes": []}}, {"pk": 115, "model": "ed_news.comment", "fields": {"ranking_points": 0, "comment_text": "I just don't think you'll ever make a magnetic monopole.", "author": 5, "parent_submission": 8, "parent_comment": null, "visible": true, "flags": [], "submission_time": "2014-03-10T15:29:35.768Z", "upvotes": [], "downvotes": []}}, {"pk": 116, "model": "ed_news.comment", "fields": {"ranking_points": 0, "comment_text": "I just don't think you'll ever make a magnetic monopole.", "author": 8, "parent_submission": 8, "parent_comment": null, "visible": true, "flags": [], "submission_time": "2014-03-10T15:29:35.770Z", "upvotes": [], "downvotes": []}}, {"pk": 117, "model": "ed_news.comment", "fields": {"ranking_points": 0, "comment_text": "I just don't think you'll ever make a magnetic monopole.", "author": 7, "parent_submission": 8, "parent_comment": null, "visible": true, "flags": [], "submission_time": "2014-03-10T15:29:35.772Z", "upvotes": [], "downvotes": []}}, {"pk": 118, "model": "ed_news.comment", "fields": {"ranking_points": 0, "comment_text": "I just don't think you'll ever make a magnetic monopole.", "author": 3, "parent_submission": 8, "parent_comment": null, "visible": true, "flags": [], "submission_time": "2014-03-10T15:29:35.775Z", "upvotes": [], "downvotes": []}}, {"pk": 119, "model": "ed_news.comment", "fields": {"ranking_points": 0, "comment_text": "I just don't think you'll ever make a magnetic monopole.", "author": 3, "parent_submission": 8, "parent_comment": null, "visible": true, "flags": [], "submission_time": "2014-03-10T15:29:35.777Z", "upvotes": [], "downvotes": []}}, {"pk": 120, "model": "ed_news.comment", "fields": {"ranking_points": 0, "comment_text": "I just don't think you'll ever make a magnetic monopole.", "author": 6, "parent_submission": 8, "parent_comment": null, "visible": true, "flags": [], "submission_time": "2014-03-10T15:29:35.779Z", "upvotes": [], "downvotes": []}}, {"pk": 121, "model": "ed_news.comment", "fields": {"ranking_points": 29, "comment_text": "I just don't think you'll ever make a magnetic monopole.", "author": 2, "parent_submission": 9, "parent_comment": null, "visible": true, "flags": [], "submission_time": "2014-03-10T15:29:35.781Z", "upvotes": [], "downvotes": []}}, {"pk": 122, "model": "ed_news.comment", "fields": {"ranking_points": 29, "comment_text": "I just don't think you'll ever make a magnetic monopole.", "author": 7, "parent_submission": 9, "parent_comment": null, "visible": true, "flags": [], "submission_time": "2014-03-10T15:29:35.783Z", "upvotes": [], "downvotes": []}}, {"pk": 123, "model": "ed_news.comment", "fields": {"ranking_points": 29, "comment_text": "I just don't think you'll ever make a magnetic monopole.", "author": 5, "parent_submission": 9, "parent_comment": null, "visible": true, "flags": [], "submission_time": "2014-03-10T15:29:35.785Z", "upvotes": [], "downvotes": []}}, {"pk": 124, "model": "ed_news.comment", "fields": {"ranking_points": 29, "comment_text": "I just don't think you'll ever make a magnetic monopole.", "author": 4, "parent_submission": 9, "parent_comment": null, "visible": true, "flags": [], "submission_time": "2014-03-10T15:29:35.788Z", "upvotes": [], "downvotes": []}}, {"pk": 125, "model": "ed_news.comment", "fields": {"ranking_points": 29, "comment_text": "I just don't think you'll ever make a magnetic monopole.", "author": 2, "parent_submission": 9, "parent_comment": null, "visible": true, "flags": [], "submission_time": "2014-03-10T15:29:35.791Z", "upvotes": [], "downvotes": []}}, {"pk": 126, "model": "ed_news.comment", "fields": {"ranking_points": 29, "comment_text": "I just don't think you'll ever make a magnetic monopole.", "author": 5, "parent_submission": 9, "parent_comment": null, "visible": true, "flags": [], "submission_time": "2014-03-10T15:29:35.793Z", "upvotes": [], "downvotes": []}}, {"pk": 127, "model": "ed_news.comment", "fields": {"ranking_points": 29, "comment_text": "I just don't think you'll ever make a magnetic monopole.", "author": 4, "parent_submission": 9, "parent_comment": null, "visible": true, "flags": [], "submission_time": "2014-03-10T15:29:35.795Z", "upvotes": [], "downvotes": []}}, {"pk": 128, "model": "ed_news.comment", "fields": {"ranking_points": 29, "comment_text": "I just don't think you'll ever make a magnetic monopole.", "author": 3, "parent_submission": 9, "parent_comment": null, "visible": true, "flags": [], "submission_time": "2014-03-10T15:29:35.797Z", "upvotes": [], "downvotes": []}}, {"pk": 129, "model": "ed_news.comment", "fields": {"ranking_points": 29, "comment_text": "I just don't think you'll ever make a magnetic monopole.", "author": 3, "parent_submission": 9, "parent_comment": null, "visible": true, "flags": [], "submission_time": "2014-03-10T15:29:35.799Z", "upvotes": [], "downvotes": []}}, {"pk": 130, "model": "ed_news.comment", "fields": {"ranking_points": 29, "comment_text": "I just don't think you'll ever make a magnetic monopole.", "author": 6, "parent_submission": 9, "parent_comment": null, "visible": true, "flags": [], "submission_time": "2014-03-10T15:29:35.801Z", "upvotes": [], "downvotes": []}}, {"pk": 131, "model": "ed_news.comment", "fields": {"ranking_points": 29, "comment_text": "I just don't think you'll ever make a magnetic monopole.", "author": 8, "parent_submission": 9, "parent_comment": null, "visible": true, "flags": [], "submission_time": "2014-03-10T15:29:35.803Z", "upvotes": [], "downvotes": []}}, {"pk": 132, "model": "ed_news.comment", "fields": {"ranking_points": 29, "comment_text": "I just don't think you'll ever make a magnetic monopole.", "author": 7, "parent_submission": 9, "parent_comment": null, "visible": true, "flags": [], "submission_time": "2014-03-10T15:29:35.806Z", "upvotes": [], "downvotes": []}}, {"pk": 133, "model": "ed_news.comment", "fields": {"ranking_points": 29, "comment_text": "I just don't think you'll ever make a magnetic monopole.", "author": 7, "parent_submission": 9, "parent_comment": null, "visible": true, "flags": [], "submission_time": "2014-03-10T15:29:35.808Z", "upvotes": [], "downvotes": []}}, {"pk": 134, "model": "ed_news.comment", "fields": {"ranking_points": 29, "comment_text": "I just don't think you'll ever make a magnetic monopole.", "author": 3, "parent_submission": 9, "parent_comment": null, "visible": true, "flags": [], "submission_time": "2014-03-10T15:29:35.810Z", "upvotes": [], "downvotes": []}}, {"pk": 135, "model": "ed_news.comment", "fields": {"ranking_points": 29, "comment_text": "I just don't think you'll ever make a magnetic monopole.", "author": 8, "parent_submission": 9, "parent_comment": null, "visible": true, "flags": [], "submission_time": "2014-03-10T15:29:35.813Z", "upvotes": [], "downvotes": []}}, {"pk": 136, "model": "ed_news.comment", "fields": {"ranking_points": 0, "comment_text": "I just don't think you'll ever make a magnetic monopole.", "author": 2, "parent_submission": 10, "parent_comment": null, "visible": true, "flags": [], "submission_time": "2014-03-10T15:29:35.816Z", "upvotes": [], "downvotes": []}}, {"pk": 137, "model": "ed_news.comment", "fields": {"ranking_points": 0, "comment_text": "I just don't think you'll ever make a magnetic monopole.", "author": 2, "parent_submission": 10, "parent_comment": null, "visible": true, "flags": [], "submission_time": "2014-03-10T15:29:35.820Z", "upvotes": [], "downvotes": []}}, {"pk": 138, "model": "ed_news.comment", "fields": {"ranking_points": 0, "comment_text": "I just don't think you'll ever make a magnetic monopole.", "author": 2, "parent_submission": 10, "parent_comment": null, "visible": true, "flags": [], "submission_time": "2014-03-10T15:29:35.822Z", "upvotes": [], "downvotes": []}}, {"pk": 139, "model": "ed_news.comment", "fields": {"ranking_points": 0, "comment_text": "I just don't think you'll ever make a magnetic monopole.", "author": 2, "parent_submission": 10, "parent_comment": null, "visible": true, "flags": [], "submission_time": "2014-03-10T15:29:35.824Z", "upvotes": [], "downvotes": []}}, {"pk": 140, "model": "ed_news.comment", "fields": {"ranking_points": 0, "comment_text": "I just don't think you'll ever make a magnetic monopole.", "author": 2, "parent_submission": 10, "parent_comment": null, "visible": true, "flags": [], "submission_time": "2014-03-10T15:29:35.825Z", "upvotes": [], "downvotes": []}}, {"pk": 141, "model": "ed_news.comment", "fields": {"ranking_points": 0, "comment_text": "I just don't think you'll ever make a magnetic monopole.", "author": 8, "parent_submission": 10, "parent_comment": null, "visible": true, "flags": [], "submission_time": "2014-03-10T15:29:35.828Z", "upvotes": [], "downvotes": []}}, {"pk": 142, "model": "ed_news.comment", "fields": {"ranking_points": 0, "comment_text": "I just don't think you'll ever make a magnetic monopole.", "author": 7, "parent_submission": 10, "parent_comment": null, "visible": true, "flags": [], "submission_time": "2014-03-10T15:29:35.830Z", "upvotes": [], "downvotes": []}}, {"pk": 143, "model": "ed_news.comment", "fields": {"ranking_points": 0, "comment_text": "I just don't think you'll ever make a magnetic monopole.", "author": 2, "parent_submission": 10, "parent_comment": null, "visible": true, "flags": [], "submission_time": "2014-03-10T15:29:35.832Z", "upvotes": [], "downvotes": []}}, {"pk": 144, "model": "ed_news.comment", "fields": {"ranking_points": 0, "comment_text": "I just don't think you'll ever make a magnetic monopole.", "author": 3, "parent_submission": 10, "parent_comment": null, "visible": true, "flags": [], "submission_time": "2014-03-10T15:29:35.834Z", "upvotes": [], "downvotes": []}}, {"pk": 145, "model": "ed_news.comment", "fields": {"ranking_points": 0, "comment_text": "I just don't think you'll ever make a magnetic monopole.", "author": 2, "parent_submission": 10, "parent_comment": null, "visible": true, "flags": [], "submission_time": "2014-03-10T15:29:35.835Z", "upvotes": [], "downvotes": []}}, {"pk": 146, "model": "ed_news.comment", "fields": {"ranking_points": 0, "comment_text": "I just don't think you'll ever make a magnetic monopole.", "author": 7, "parent_submission": 10, "parent_comment": null, "visible": true, "flags": [], "submission_time": "2014-03-10T15:29:35.836Z", "upvotes": [], "downvotes": []}}, {"pk": 147, "model": "ed_news.comment", "fields": {"ranking_points": 0, "comment_text": "I just don't think you'll ever make a magnetic monopole.", "author": 5, "parent_submission": 10, "parent_comment": null, "visible": true, "flags": [], "submission_time": "2014-03-10T15:29:35.838Z", "upvotes": [], "downvotes": []}}, {"pk": 148, "model": "ed_news.comment", "fields": {"ranking_points": 0, "comment_text": "I just don't think you'll ever make a magnetic monopole.", "author": 6, "parent_submission": 10, "parent_comment": null, "visible": true, "flags": [], "submission_time": "2014-03-10T15:29:35.839Z", "upvotes": [], "downvotes": []}}, {"pk": 149, "model": "ed_news.comment", "fields": {"ranking_points": 0, "comment_text": "I just don't think you'll ever make a magnetic monopole.", "author": 2, "parent_submission": 10, "parent_comment": null, "visible": true, "flags": [], "submission_time": "2014-03-10T15:29:35.840Z", "upvotes": [], "downvotes": []}}, {"pk": 150, "model": "ed_news.comment", "fields": {"ranking_points": 0, "comment_text": "I just don't think you'll ever make a magnetic monopole.", "author": 3, "parent_submission": 10, "parent_comment": null, "visible": true, "flags": [], "submission_time": "2014-03-10T15:29:35.841Z", "upvotes": [], "downvotes": []}}, {"pk": 151, "model": "ed_news.comment", "fields": {"ranking_points": 29, "comment_text": "I just don't think you'll ever make a magnetic monopole.", "author": 4, "parent_submission": 11, "parent_comment": null, "visible": true, "flags": [], "submission_time": "2014-03-10T15:29:35.842Z", "upvotes": [], "downvotes": []}}, {"pk": 152, "model": "ed_news.comment", "fields": {"ranking_points": 29, "comment_text": "I just don't think you'll ever make a magnetic monopole.", "author": 2, "parent_submission": 11, "parent_comment": null, "visible": true, "flags": [], "submission_time": "2014-03-10T15:29:35.843Z", "upvotes": [], "downvotes": []}}, {"pk": 153, "model": "ed_news.comment", "fields": {"ranking_points": 29, "comment_text": "I just don't think you'll ever make a magnetic monopole.", "author": 3, "parent_submission": 11, "parent_comment": null, "visible": true, "flags": [], "submission_time": "2014-03-10T15:29:35.845Z", "upvotes": [], "downvotes": []}}, {"pk": 154, "model": "ed_news.comment", "fields": {"ranking_points": 29, "comment_text": "I just don't think you'll ever make a magnetic monopole.", "author": 6, "parent_submission": 11, "parent_comment": null, "visible": true, "flags": [], "submission_time": "2014-03-10T15:29:35.846Z", "upvotes": [], "downvotes": []}}, {"pk": 155, "model": "ed_news.comment", "fields": {"ranking_points": 29, "comment_text": "I just don't think you'll ever make a magnetic monopole.", "author": 4, "parent_submission": 11, "parent_comment": null, "visible": true, "flags": [], "submission_time": "2014-03-10T15:29:35.847Z", "upvotes": [], "downvotes": []}}, {"pk": 156, "model": "ed_news.comment", "fields": {"ranking_points": 29, "comment_text": "I just don't think you'll ever make a magnetic monopole.", "author": 2, "parent_submission": 11, "parent_comment": null, "visible": true, "flags": [], "submission_time": "2014-03-10T15:29:35.848Z", "upvotes": [], "downvotes": []}}, {"pk": 157, "model": "ed_news.comment", "fields": {"ranking_points": 29, "comment_text": "I just don't think you'll ever make a magnetic monopole.", "author": 2, "parent_submission": 11, "parent_comment": null, "visible": true, "flags": [], "submission_time": "2014-03-10T15:29:35.850Z", "upvotes": [], "downvotes": []}}, {"pk": 158, "model": "ed_news.comment", "fields": {"ranking_points": 29, "comment_text": "I just don't think you'll ever make a magnetic monopole.", "author": 2, "parent_submission": 11, "parent_comment": null, "visible": true, "flags": [], "submission_time": "2014-03-10T15:29:35.852Z", "upvotes": [], "downvotes": []}}, {"pk": 159, "model": "ed_news.comment", "fields": {"ranking_points": 29, "comment_text": "I just don't think you'll ever make a magnetic monopole.", "author": 7, "parent_submission": 11, "parent_comment": null, "visible": true, "flags": [], "submission_time": "2014-03-10T15:29:35.853Z", "upvotes": [], "downvotes": []}}, {"pk": 160, "model": "ed_news.comment", "fields": {"ranking_points": 29, "comment_text": "I just don't think you'll ever make a magnetic monopole.", "author": 7, "parent_submission": 11, "parent_comment": null, "visible": true, "flags": [], "submission_time": "2014-03-10T15:29:35.856Z", "upvotes": [], "downvotes": []}}, {"pk": 161, "model": "ed_news.comment", "fields": {"ranking_points": 29, "comment_text": "I just don't think you'll ever make a magnetic monopole.", "author": 6, "parent_submission": 11, "parent_comment": null, "visible": true, "flags": [], "submission_time": "2014-03-10T15:29:35.857Z", "upvotes": [], "downvotes": []}}, {"pk": 162, "model": "ed_news.comment", "fields": {"ranking_points": 29, "comment_text": "I just don't think you'll ever make a magnetic monopole.", "author": 2, "parent_submission": 11, "parent_comment": null, "visible": true, "flags": [], "submission_time": "2014-03-10T15:29:35.858Z", "upvotes": [], "downvotes": []}}, {"pk": 163, "model": "ed_news.comment", "fields": {"ranking_points": 29, "comment_text": "I just don't think you'll ever make a magnetic monopole.", "author": 6, "parent_submission": 11, "parent_comment": null, "visible": true, "flags": [], "submission_time": "2014-03-10T15:29:35.859Z", "upvotes": [], "downvotes": []}}, {"pk": 164, "model": "ed_news.comment", "fields": {"ranking_points": 29, "comment_text": "I just don't think you'll ever make a magnetic monopole.", "author": 5, "parent_submission": 11, "parent_comment": null, "visible": true, "flags": [], "submission_time": "2014-03-10T15:29:35.860Z", "upvotes": [], "downvotes": []}}, {"pk": 165, "model": "ed_news.comment", "fields": {"ranking_points": 29, "comment_text": "I just don't think you'll ever make a magnetic monopole.", "author": 8, "parent_submission": 11, "parent_comment": null, "visible": true, "flags": [], "submission_time": "2014-03-10T15:29:35.861Z", "upvotes": [], "downvotes": []}}, {"pk": 166, "model": "ed_news.comment", "fields": {"ranking_points": 29, "comment_text": "I just don't think you'll ever make a magnetic monopole.", "author": 2, "parent_submission": 12, "parent_comment": null, "visible": true, "flags": [], "submission_time": "2014-03-10T15:29:35.862Z", "upvotes": [], "downvotes": []}}, {"pk": 167, "model": "ed_news.comment", "fields": {"ranking_points": 29, "comment_text": "I just don't think you'll ever make a magnetic monopole.", "author": 3, "parent_submission": 12, "parent_comment": null, "visible": true, "flags": [], "submission_time": "2014-03-10T15:29:35.864Z", "upvotes": [], "downvotes": []}}, {"pk": 168, "model": "ed_news.comment", "fields": {"ranking_points": 29, "comment_text": "I just don't think you'll ever make a magnetic monopole.", "author": 7, "parent_submission": 12, "parent_comment": null, "visible": true, "flags": [], "submission_time": "2014-03-10T15:29:35.865Z", "upvotes": [], "downvotes": []}}, {"pk": 169, "model": "ed_news.comment", "fields": {"ranking_points": 29, "comment_text": "I just don't think you'll ever make a magnetic monopole.", "author": 2, "parent_submission": 12, "parent_comment": null, "visible": true, "flags": [], "submission_time": "2014-03-10T15:29:35.866Z", "upvotes": [], "downvotes": []}}, {"pk": 170, "model": "ed_news.comment", "fields": {"ranking_points": 29, "comment_text": "I just don't think you'll ever make a magnetic monopole.", "author": 7, "parent_submission": 12, "parent_comment": null, "visible": true, "flags": [], "submission_time": "2014-03-10T15:29:35.867Z", "upvotes": [], "downvotes": []}}, {"pk": 171, "model": "ed_news.comment", "fields": {"ranking_points": 29, "comment_text": "I just don't think you'll ever make a magnetic monopole.", "author": 7, "parent_submission": 12, "parent_comment": null, "visible": true, "flags": [], "submission_time": "2014-03-10T15:29:35.869Z", "upvotes": [], "downvotes": []}}, {"pk": 172, "model": "ed_news.comment", "fields": {"ranking_points": 29, "comment_text": "I just don't think you'll ever make a magnetic monopole.", "author": 7, "parent_submission": 12, "parent_comment": null, "visible": true, "flags": [], "submission_time": "2014-03-10T15:29:35.870Z", "upvotes": [], "downvotes": []}}, {"pk": 173, "model": "ed_news.comment", "fields": {"ranking_points": 29, "comment_text": "I just don't think you'll ever make a magnetic monopole.", "author": 7, "parent_submission": 12, "parent_comment": null, "visible": true, "flags": [], "submission_time": "2014-03-10T15:29:35.871Z", "upvotes": [], "downvotes": []}}, {"pk": 174, "model": "ed_news.comment", "fields": {"ranking_points": 29, "comment_text": "I just don't think you'll ever make a magnetic monopole.", "author": 6, "parent_submission": 12, "parent_comment": null, "visible": true, "flags": [], "submission_time": "2014-03-10T15:29:35.873Z", "upvotes": [], "downvotes": []}}, {"pk": 175, "model": "ed_news.comment", "fields": {"ranking_points": 29, "comment_text": "I just don't think you'll ever make a magnetic monopole.", "author": 8, "parent_submission": 12, "parent_comment": null, "visible": true, "flags": [], "submission_time": "2014-03-10T15:29:35.874Z", "upvotes": [], "downvotes": []}}, {"pk": 176, "model": "ed_news.comment", "fields": {"ranking_points": 29, "comment_text": "I just don't think you'll ever make a magnetic monopole.", "author": 7, "parent_submission": 12, "parent_comment": null, "visible": true, "flags": [], "submission_time": "2014-03-10T15:29:35.875Z", "upvotes": [], "downvotes": []}}, {"pk": 177, "model": "ed_news.comment", "fields": {"ranking_points": 29, "comment_text": "I just don't think you'll ever make a magnetic monopole.", "author": 7, "parent_submission": 12, "parent_comment": null, "visible": true, "flags": [], "submission_time": "2014-03-10T15:29:35.876Z", "upvotes": [], "downvotes": []}}, {"pk": 178, "model": "ed_news.comment", "fields": {"ranking_points": 29, "comment_text": "I just don't think you'll ever make a magnetic monopole.", "author": 3, "parent_submission": 12, "parent_comment": null, "visible": true, "flags": [], "submission_time": "2014-03-10T15:29:35.877Z", "upvotes": [], "downvotes": []}}, {"pk": 179, "model": "ed_news.comment", "fields": {"ranking_points": 29, "comment_text": "I just don't think you'll ever make a magnetic monopole.", "author": 3, "parent_submission": 12, "parent_comment": null, "visible": true, "flags": [], "submission_time": "2014-03-10T15:29:35.879Z", "upvotes": [], "downvotes": []}}, {"pk": 180, "model": "ed_news.comment", "fields": {"ranking_points": 29, "comment_text": "I just don't think you'll ever make a magnetic monopole.", "author": 3, "parent_submission": 12, "parent_comment": null, "visible": true, "flags": [], "submission_time": "2014-03-10T15:29:35.881Z", "upvotes": [], "downvotes": []}}, {"pk": 181, "model": "ed_news.comment", "fields": {"ranking_points": 29, "comment_text": "I just don't think you'll ever make a magnetic monopole.", "author": 6, "parent_submission": 13, "parent_comment": null, "visible": true, "flags": [], "submission_time": "2014-03-10T15:29:35.883Z", "upvotes": [], "downvotes": []}}, {"pk": 182, "model": "ed_news.comment", "fields": {"ranking_points": 29, "comment_text": "I just don't think you'll ever make a magnetic monopole.", "author": 5, "parent_submission": 13, "parent_comment": null, "visible": true, "flags": [], "submission_time": "2014-03-10T15:29:35.885Z", "upvotes": [], "downvotes": []}}, {"pk": 183, "model": "ed_news.comment", "fields": {"ranking_points": 29, "comment_text": "I just don't think you'll ever make a magnetic monopole.", "author": 5, "parent_submission": 13, "parent_comment": null, "visible": true, "flags": [], "submission_time": "2014-03-10T15:29:35.887Z", "upvotes": [], "downvotes": []}}, {"pk": 184, "model": "ed_news.comment", "fields": {"ranking_points": 29, "comment_text": "I just don't think you'll ever make a magnetic monopole.", "author": 6, "parent_submission": 13, "parent_comment": null, "visible": true, "flags": [], "submission_time": "2014-03-10T15:29:35.888Z", "upvotes": [], "downvotes": []}}, {"pk": 185, "model": "ed_news.comment", "fields": {"ranking_points": 29, "comment_text": "I just don't think you'll ever make a magnetic monopole.", "author": 8, "parent_submission": 13, "parent_comment": null, "visible": true, "flags": [], "submission_time": "2014-03-10T15:29:35.890Z", "upvotes": [], "downvotes": []}}, {"pk": 186, "model": "ed_news.comment", "fields": {"ranking_points": 29, "comment_text": "I just don't think you'll ever make a magnetic monopole.", "author": 2, "parent_submission": 13, "parent_comment": null, "visible": true, "flags": [], "submission_time": "2014-03-10T15:29:35.891Z", "upvotes": [], "downvotes": []}}, {"pk": 187, "model": "ed_news.comment", "fields": {"ranking_points": 29, "comment_text": "I just don't think you'll ever make a magnetic monopole.", "author": 2, "parent_submission": 13, "parent_comment": null, "visible": true, "flags": [], "submission_time": "2014-03-10T15:29:35.892Z", "upvotes": [], "downvotes": []}}, {"pk": 188, "model": "ed_news.comment", "fields": {"ranking_points": 29, "comment_text": "I just don't think you'll ever make a magnetic monopole.", "author": 8, "parent_submission": 13, "parent_comment": null, "visible": true, "flags": [], "submission_time": "2014-03-10T15:29:35.893Z", "upvotes": [], "downvotes": []}}, {"pk": 189, "model": "ed_news.comment", "fields": {"ranking_points": 29, "comment_text": "I just don't think you'll ever make a magnetic monopole.", "author": 6, "parent_submission": 13, "parent_comment": null, "visible": true, "flags": [], "submission_time": "2014-03-10T15:29:35.895Z", "upvotes": [], "downvotes": []}}, {"pk": 190, "model": "ed_news.comment", "fields": {"ranking_points": 29, "comment_text": "I just don't think you'll ever make a magnetic monopole.", "author": 2, "parent_submission": 13, "parent_comment": null, "visible": true, "flags": [], "submission_time": "2014-03-10T15:29:35.896Z", "upvotes": [], "downvotes": []}}, {"pk": 191, "model": "ed_news.comment", "fields": {"ranking_points": 29, "comment_text": "I just don't think you'll ever make a magnetic monopole.", "author": 6, "parent_submission": 13, "parent_comment": null, "visible": true, "flags": [], "submission_time": "2014-03-10T15:29:35.898Z", "upvotes": [], "downvotes": []}}, {"pk": 192, "model": "ed_news.comment", "fields": {"ranking_points": 29, "comment_text": "I just don't think you'll ever make a magnetic monopole.", "author": 2, "parent_submission": 13, "parent_comment": null, "visible": true, "flags": [], "submission_time": "2014-03-10T15:29:35.899Z", "upvotes": [], "downvotes": []}}, {"pk": 193, "model": "ed_news.comment", "fields": {"ranking_points": 29, "comment_text": "I just don't think you'll ever make a magnetic monopole.", "author": 5, "parent_submission": 13, "parent_comment": null, "visible": true, "flags": [], "submission_time": "2014-03-10T15:29:35.900Z", "upvotes": [], "downvotes": []}}, {"pk": 194, "model": "ed_news.comment", "fields": {"ranking_points": 29, "comment_text": "I just don't think you'll ever make a magnetic monopole.", "author": 4, "parent_submission": 13, "parent_comment": null, "visible": true, "flags": [], "submission_time": "2014-03-10T15:29:35.901Z", "upvotes": [], "downvotes": []}}, {"pk": 195, "model": "ed_news.comment", "fields": {"ranking_points": 29, "comment_text": "I just don't think you'll ever make a magnetic monopole.", "author": 5, "parent_submission": 13, "parent_comment": null, "visible": true, "flags": [], "submission_time": "2014-03-10T15:29:35.903Z", "upvotes": [], "downvotes": []}}, {"pk": 196, "model": "ed_news.comment", "fields": {"ranking_points": 0, "comment_text": "I just don't think you'll ever make a magnetic monopole.", "author": 2, "parent_submission": 14, "parent_comment": null, "visible": true, "flags": [], "submission_time": "2014-03-10T15:29:35.905Z", "upvotes": [], "downvotes": []}}, {"pk": 197, "model": "ed_news.comment", "fields": {"ranking_points": 0, "comment_text": "I just don't think you'll ever make a magnetic monopole.", "author": 3, "parent_submission": 14, "parent_comment": null, "visible": true, "flags": [], "submission_time": "2014-03-10T15:29:35.906Z", "upvotes": [], "downvotes": []}}, {"pk": 198, "model": "ed_news.comment", "fields": {"ranking_points": 0, "comment_text": "I just don't think you'll ever make a magnetic monopole.", "author": 8, "parent_submission": 14, "parent_comment": null, "visible": true, "flags": [], "submission_time": "2014-03-10T15:29:35.908Z", "upvotes": [], "downvotes": []}}, {"pk": 199, "model": "ed_news.comment", "fields": {"ranking_points": 0, "comment_text": "I just don't think you'll ever make a magnetic monopole.", "author": 2, "parent_submission": 14, "parent_comment": null, "visible": true, "flags": [], "submission_time": "2014-03-10T15:29:35.909Z", "upvotes": [], "downvotes": []}}, {"pk": 200, "model": "ed_news.comment", "fields": {"ranking_points": 0, "comment_text": "I just don't think you'll ever make a magnetic monopole.", "author": 3, "parent_submission": 14, "parent_comment": null, "visible": true, "flags": [], "submission_time": "2014-03-10T15:29:35.910Z", "upvotes": [], "downvotes": []}}, {"pk": 201, "model": "ed_news.comment", "fields": {"ranking_points": 0, "comment_text": "I just don't think you'll ever make a magnetic monopole.", "author": 5, "parent_submission": 14, "parent_comment": null, "visible": true, "flags": [], "submission_time": "2014-03-10T15:29:35.912Z", "upvotes": [], "downvotes": []}}, {"pk": 202, "model": "ed_news.comment", "fields": {"ranking_points": 0, "comment_text": "I just don't think you'll ever make a magnetic monopole.", "author": 7, "parent_submission": 14, "parent_comment": null, "visible": true, "flags": [], "submission_time": "2014-03-10T15:29:35.914Z", "upvotes": [], "downvotes": []}}, {"pk": 203, "model": "ed_news.comment", "fields": {"ranking_points": 0, "comment_text": "I just don't think you'll ever make a magnetic monopole.", "author": 3, "parent_submission": 14, "parent_comment": null, "visible": true, "flags": [], "submission_time": "2014-03-10T15:29:35.916Z", "upvotes": [], "downvotes": []}}, {"pk": 204, "model": "ed_news.comment", "fields": {"ranking_points": 0, "comment_text": "I just don't think you'll ever make a magnetic monopole.", "author": 6, "parent_submission": 14, "parent_comment": null, "visible": true, "flags": [], "submission_time": "2014-03-10T15:29:35.917Z", "upvotes": [], "downvotes": []}}, {"pk": 205, "model": "ed_news.comment", "fields": {"ranking_points": 0, "comment_text": "I just don't think you'll ever make a magnetic monopole.", "author": 3, "parent_submission": 14, "parent_comment": null, "visible": true, "flags": [], "submission_time": "2014-03-10T15:29:35.918Z", "upvotes": [], "downvotes": []}}, {"pk": 206, "model": "ed_news.comment", "fields": {"ranking_points": 0, "comment_text": "I just don't think you'll ever make a magnetic monopole.", "author": 6, "parent_submission": 14, "parent_comment": null, "visible": true, "flags": [], "submission_time": "2014-03-10T15:29:35.919Z", "upvotes": [], "downvotes": []}}, {"pk": 207, "model": "ed_news.comment", "fields": {"ranking_points": 0, "comment_text": "I just don't think you'll ever make a magnetic monopole.", "author": 6, "parent_submission": 14, "parent_comment": null, "visible": true, "flags": [], "submission_time": "2014-03-10T15:29:35.920Z", "upvotes": [], "downvotes": []}}, {"pk": 208, "model": "ed_news.comment", "fields": {"ranking_points": 0, "comment_text": "I just don't think you'll ever make a magnetic monopole.", "author": 3, "parent_submission": 14, "parent_comment": null, "visible": true, "flags": [], "submission_time": "2014-03-10T15:29:35.922Z", "upvotes": [], "downvotes": []}}, {"pk": 209, "model": "ed_news.comment", "fields": {"ranking_points": 0, "comment_text": "I just don't think you'll ever make a magnetic monopole.", "author": 8, "parent_submission": 14, "parent_comment": null, "visible": true, "flags": [], "submission_time": "2014-03-10T15:29:35.923Z", "upvotes": [], "downvotes": []}}, {"pk": 210, "model": "ed_news.comment", "fields": {"ranking_points": 0, "comment_text": "I just don't think you'll ever make a magnetic monopole.", "author": 6, "parent_submission": 14, "parent_comment": null, "visible": true, "flags": [], "submission_time": "2014-03-10T15:29:35.924Z", "upvotes": [], "downvotes": []}}, {"pk": 211, "model": "ed_news.comment", "fields": {"ranking_points": 0, "comment_text": "Yeah, I was kind of thinking that.", "author": 2, "parent_submission": null, "parent_comment": 27, "visible": true, "flags": [], "submission_time": "2014-03-10T15:29:35.929Z", "upvotes": [], "downvotes": []}}, {"pk": 212, "model": "ed_news.comment", "fields": {"ranking_points": 0, "comment_text": "Yeah, I was kind of thinking that.", "author": 2, "parent_submission": null, "parent_comment": 76, "visible": true, "flags": [], "submission_time": "2014-03-10T15:29:35.933Z", "upvotes": [], "downvotes": []}}, {"pk": 213, "model": "ed_news.comment", "fields": {"ranking_points": 0, "comment_text": "Yeah, I was kind of thinking that.", "author": 2, "parent_submission": null, "parent_comment": 31, "visible": true, "flags": [], "submission_time": "2014-03-10T15:29:35.936Z", "upvotes": [], "downvotes": []}}, {"pk": 214, "model": "ed_news.comment", "fields": {"ranking_points": 0, "comment_text": "Yeah, I was kind of thinking that.", "author": 2, "parent_submission": null, "parent_comment": 15, "visible": true, "flags": [], "submission_time": "2014-03-10T15:29:35.940Z", "upvotes": [], "downvotes": []}}, {"pk": 215, "model": "ed_news.comment", "fields": {"ranking_points": 0, "comment_text": "Yeah, I was kind of thinking that.", "author": 2, "parent_submission": null, "parent_comment": 40, "visible": true, "flags": [], "submission_time": "2014-03-10T15:29:35.944Z", "upvotes": [], "downvotes": []}}, {"pk": 216, "model": "ed_news.comment", "fields": {"ranking_points": 0, "comment_text": "Yeah, I was kind of thinking that.", "author": 2, "parent_submission": null, "parent_comment": 79, "visible": true, "flags": [], "submission_time": "2014-03-10T15:29:35.948Z", "upvotes": [], "downvotes": []}}, {"pk": 217, "model": "ed_news.comment", "fields": {"ranking_points": 0, "comment_text": "Yeah, I was kind of thinking that.", "author": 2, "parent_submission": null, "parent_comment": 167, "visible": true, "flags": [], "submission_time": "2014-03-10T15:29:35.952Z", "upvotes": [], "downvotes": []}}, {"pk": 218, "model": "ed_news.comment", "fields": {"ranking_points": 0, "comment_text": "Yeah, I was kind of thinking that.", "author": 2, "parent_submission": null, "parent_comment": 46, "visible": true, "flags": [], "submission_time": "2014-03-10T15:29:35.956Z", "upvotes": [], "downvotes": []}}, {"pk": 219, "model": "ed_news.comment", "fields": {"ranking_points": 0, "comment_text": "Yeah, I was kind of thinking that.", "author": 2, "parent_submission": null, "parent_comment": 218, "visible": true, "flags": [], "submission_time": "2014-03-10T15:29:35.964Z", "upvotes": [], "downvotes": []}}, {"pk": 220, "model": "ed_news.comment", "fields": {"ranking_points": 0, "comment_text": "Yeah, I was kind of thinking that.", "author": 2, "parent_submission": null, "parent_comment": 135, "visible": true, "flags": [], "submission_time": "2014-03-10T15:29:35.972Z", "upvotes": [], "downvotes": []}}, {"pk": 221, "model": "ed_news.comment", "fields": {"ranking_points": 0, "comment_text": "Yeah, I was kind of thinking that.", "author": 2, "parent_submission": null, "parent_comment": 40, "visible": true, "flags": [], "submission_time": "2014-03-10T15:29:35.978Z", "upvotes": [], "downvotes": []}}, {"pk": 222, "model": "ed_news.comment", "fields": {"ranking_points": 0, "comment_text": "Yeah, I was kind of thinking that.", "author": 2, "parent_submission": null, "parent_comment": 153, "visible": true, "flags": [], "submission_time": "2014-03-10T15:29:35.982Z", "upvotes": [], "downvotes": []}}, {"pk": 223, "model": "ed_news.comment", "fields": {"ranking_points": 0, "comment_text": "Yeah, I was kind of thinking that.", "author": 2, "parent_submission": null, "parent_comment": 211, "visible": true, "flags": [], "submission_time": "2014-03-10T15:29:35.987Z", "upvotes": [], "downvotes": []}}, {"pk": 224, "model": "ed_news.comment", "fields": {"ranking_points": 0, "comment_text": "Yeah, I was kind of thinking that.", "author": 2, "parent_submission": null, "parent_comment": 223, "visible": true, "flags": [], "submission_time": "2014-03-10T15:29:35.993Z", "upvotes": [], "downvotes": []}}, {"pk": 225, "model": "ed_news.comment", "fields": {"ranking_points": 0, "comment_text": "Yeah, I was kind of thinking that.", "author": 2, "parent_submission": null, "parent_comment": 190, "visible": true, "flags": [], "submission_time": "2014-03-10T15:29:36.001Z", "upvotes": [], "downvotes": []}}, {"pk": 226, "model": "ed_news.comment", "fields": {"ranking_points": 0, "comment_text": "Yeah, I was kind of thinking that.", "author": 3, "parent_submission": null, "parent_comment": 79, "visible": true, "flags": [], "submission_time": "2014-03-10T15:29:36.007Z", "upvotes": [], "downvotes": []}}, {"pk": 227, "model": "ed_news.comment", "fields": {"ranking_points": 0, "comment_text": "Yeah, I was kind of thinking that.", "author": 3, "parent_submission": null, "parent_comment": 61, "visible": true, "flags": [], "submission_time": "2014-03-10T15:29:36.014Z", "upvotes": [], "downvotes": []}}, {"pk": 228, "model": "ed_news.comment", "fields": {"ranking_points": 0, "comment_text": "Yeah, I was kind of thinking that.", "author": 3, "parent_submission": null, "parent_comment": 60, "visible": true, "flags": [], "submission_time": "2014-03-10T15:29:36.017Z", "upvotes": [], "downvotes": []}}, {"pk": 229, "model": "ed_news.comment", "fields": {"ranking_points": 0, "comment_text": "Yeah, I was kind of thinking that.", "author": 3, "parent_submission": null, "parent_comment": 58, "visible": true, "flags": [], "submission_time": "2014-03-10T15:29:36.023Z", "upvotes": [], "downvotes": []}}, {"pk": 230, "model": "ed_news.comment", "fields": {"ranking_points": 0, "comment_text": "Yeah, I was kind of thinking that.", "author": 3, "parent_submission": null, "parent_comment": 121, "visible": true, "flags": [], "submission_time": "2014-03-10T15:29:36.031Z", "upvotes": [], "downvotes": []}}, {"pk": 231, "model": "ed_news.comment", "fields": {"ranking_points": 0, "comment_text": "Yeah, I was kind of thinking that.", "author": 3, "parent_submission": null, "parent_comment": 184, "visible": true, "flags": [], "submission_time": "2014-03-10T15:29:36.038Z", "upvotes": [], "downvotes": []}}, {"pk": 232, "model": "ed_news.comment", "fields": {"ranking_points": 0, "comment_text": "Yeah, I was kind of thinking that.", "author": 3, "parent_submission": null, "parent_comment": 76, "visible": true, "flags": [], "submission_time": "2014-03-10T15:29:36.043Z", "upvotes": [], "downvotes": []}}, {"pk": 233, "model": "ed_news.comment", "fields": {"ranking_points": 0, "comment_text": "Yeah, I was kind of thinking that.", "author": 3, "parent_submission": null, "parent_comment": 195, "visible": true, "flags": [], "submission_time": "2014-03-10T15:29:36.048Z", "upvotes": [], "downvotes": []}}, {"pk": 234, "model": "ed_news.comment", "fields": {"ranking_points": 0, "comment_text": "Yeah, I was kind of thinking that.", "author": 3, "parent_submission": null, "parent_comment": 4, "visible": true, "flags": [], "submission_time": "2014-03-10T15:29:36.078Z", "upvotes": [], "downvotes": []}}, {"pk": 235, "model": "ed_news.comment", "fields": {"ranking_points": 0, "comment_text": "Yeah, I was kind of thinking that.", "author": 3, "parent_submission": null, "parent_comment": 84, "visible": true, "flags": [], "submission_time": "2014-03-10T15:29:36.086Z", "upvotes": [], "downvotes": []}}, {"pk": 236, "model": "ed_news.comment", "fields": {"ranking_points": 0, "comment_text": "Yeah, I was kind of thinking that.", "author": 3, "parent_submission": null, "parent_comment": 25, "visible": true, "flags": [], "submission_time": "2014-03-10T15:29:36.090Z", "upvotes": [], "downvotes": []}}, {"pk": 237, "model": "ed_news.comment", "fields": {"ranking_points": 0, "comment_text": "Yeah, I was kind of thinking that.", "author": 3, "parent_submission": null, "parent_comment": 78, "visible": true, "flags": [], "submission_time": "2014-03-10T15:29:36.093Z", "upvotes": [], "downvotes": []}}, {"pk": 238, "model": "ed_news.comment", "fields": {"ranking_points": 0, "comment_text": "Yeah, I was kind of thinking that.", "author": 3, "parent_submission": null, "parent_comment": 172, "visible": true, "flags": [], "submission_time": "2014-03-10T15:29:36.099Z", "upvotes": [], "downvotes": []}}, {"pk": 239, "model": "ed_news.comment", "fields": {"ranking_points": 0, "comment_text": "Yeah, I was kind of thinking that.", "author": 3, "parent_submission": null, "parent_comment": 109, "visible": true, "flags": [], "submission_time": "2014-03-10T15:29:36.104Z", "upvotes": [], "downvotes": []}}, {"pk": 240, "model": "ed_news.comment", "fields": {"ranking_points": 0, "comment_text": "Yeah, I was kind of thinking that.", "author": 3, "parent_submission": null, "parent_comment": 17, "visible": true, "flags": [], "submission_time": "2014-03-10T15:29:36.110Z", "upvotes": [], "downvotes": []}}, {"pk": 241, "model": "ed_news.comment", "fields": {"ranking_points": 0, "comment_text": "Yeah, I was kind of thinking that.", "author": 4, "parent_submission": null, "parent_comment": 209, "visible": true, "flags": [], "submission_time": "2014-03-10T15:29:36.115Z", "upvotes": [], "downvotes": []}}, {"pk": 242, "model": "ed_news.comment", "fields": {"ranking_points": 0, "comment_text": "Yeah, I was kind of thinking that.", "author": 4, "parent_submission": null, "parent_comment": 151, "visible": true, "flags": [], "submission_time": "2014-03-10T15:29:36.122Z", "upvotes": [], "downvotes": []}}, {"pk": 243, "model": "ed_news.comment", "fields": {"ranking_points": 0, "comment_text": "Yeah, I was kind of thinking that.", "author": 4, "parent_submission": null, "parent_comment": 146, "visible": true, "flags": [], "submission_time": "2014-03-10T15:29:36.128Z", "upvotes": [], "downvotes": []}}, {"pk": 244, "model": "ed_news.comment", "fields": {"ranking_points": 0, "comment_text": "Yeah, I was kind of thinking that.", "author": 4, "parent_submission": null, "parent_comment": 45, "visible": true, "flags": [], "submission_time": "2014-03-10T15:29:36.134Z", "upvotes": [], "downvotes": []}}, {"pk": 245, "model": "ed_news.comment", "fields": {"ranking_points": 0, "comment_text": "Yeah, I was kind of thinking that.", "author": 4, "parent_submission": null, "parent_comment": 82, "visible": true, "flags": [], "submission_time": "2014-03-10T15:29:36.142Z", "upvotes": [], "downvotes": []}}, {"pk": 246, "model": "ed_news.comment", "fields": {"ranking_points": 0, "comment_text": "Yeah, I was kind of thinking that.", "author": 4, "parent_submission": null, "parent_comment": 117, "visible": true, "flags": [], "submission_time": "2014-03-10T15:29:36.149Z", "upvotes": [], "downvotes": []}}, {"pk": 247, "model": "ed_news.comment", "fields": {"ranking_points": 0, "comment_text": "Yeah, I was kind of thinking that.", "author": 4, "parent_submission": null, "parent_comment": 202, "visible": true, "flags": [], "submission_time": "2014-03-10T15:29:36.158Z", "upvotes": [], "downvotes": []}}, {"pk": 248, "model": "ed_news.comment", "fields": {"ranking_points": 0, "comment_text": "Yeah, I was kind of thinking that.", "author": 4, "parent_submission": null, "parent_comment": 54, "visible": true, "flags": [], "submission_time": "2014-03-10T15:29:36.163Z", "upvotes": [], "downvotes": []}}, {"pk": 249, "model": "ed_news.comment", "fields": {"ranking_points": 0, "comment_text": "Yeah, I was kind of thinking that.", "author": 4, "parent_submission": null, "parent_comment": 22, "visible": true, "flags": [], "submission_time": "2014-03-10T15:29:36.168Z", "upvotes": [], "downvotes": []}}, {"pk": 250, "model": "ed_news.comment", "fields": {"ranking_points": 0, "comment_text": "Yeah, I was kind of thinking that.", "author": 4, "parent_submission": null, "parent_comment": 174, "visible": true, "flags": [], "submission_time": "2014-03-10T15:29:36.173Z", "upvotes": [], "downvotes": []}}, {"pk": 251, "model": "ed_news.comment", "fields": {"ranking_points": 0, "comment_text": "Yeah, I was kind of thinking that.", "author": 4, "parent_submission": null, "parent_comment": 148, "visible": true, "flags": [], "submission_time": "2014-03-10T15:29:36.183Z", "upvotes": [], "downvotes": []}}, {"pk": 252, "model": "ed_news.comment", "fields": {"ranking_points": 0, "comment_text": "Yeah, I was kind of thinking that.", "author": 4, "parent_submission": null, "parent_comment": 3, "visible": true, "flags": [], "submission_time": "2014-03-10T15:29:36.189Z", "upvotes": [], "downvotes": []}}, {"pk": 253, "model": "ed_news.comment", "fields": {"ranking_points": 0, "comment_text": "Yeah, I was kind of thinking that.", "author": 4, "parent_submission": null, "parent_comment": 125, "visible": true, "flags": [], "submission_time": "2014-03-10T15:29:36.195Z", "upvotes": [], "downvotes": []}}, {"pk": 254, "model": "ed_news.comment", "fields": {"ranking_points": 0, "comment_text": "Yeah, I was kind of thinking that.", "author": 4, "parent_submission": null, "parent_comment": 176, "visible": true, "flags": [], "submission_time": "2014-03-10T15:29:36.204Z", "upvotes": [], "downvotes": []}}, {"pk": 255, "model": "ed_news.comment", "fields": {"ranking_points": 0, "comment_text": "Yeah, I was kind of thinking that.", "author": 4, "parent_submission": null, "parent_comment": 85, "visible": true, "flags": [], "submission_time": "2014-03-10T15:29:36.211Z", "upvotes": [], "downvotes": []}}, {"pk": 256, "model": "ed_news.comment", "fields": {"ranking_points": 0, "comment_text": "Yeah, I was kind of thinking that.", "author": 5, "parent_submission": null, "parent_comment": 104, "visible": true, "flags": [], "submission_time": "2014-03-10T15:29:36.216Z", "upvotes": [], "downvotes": []}}, {"pk": 257, "model": "ed_news.comment", "fields": {"ranking_points": 0, "comment_text": "Yeah, I was kind of thinking that.", "author": 5, "parent_submission": null, "parent_comment": 178, "visible": true, "flags": [], "submission_time": "2014-03-10T15:29:36.221Z", "upvotes": [], "downvotes": []}}, {"pk": 258, "model": "ed_news.comment", "fields": {"ranking_points": 0, "comment_text": "Yeah, I was kind of thinking that.", "author": 5, "parent_submission": null, "parent_comment": 32, "visible": true, "flags": [], "submission_time": "2014-03-10T15:29:36.227Z", "upvotes": [], "downvotes": []}}, {"pk": 259, "model": "ed_news.comment", "fields": {"ranking_points": 0, "comment_text": "Yeah, I was kind of thinking that.", "author": 5, "parent_submission": null, "parent_comment": 97, "visible": true, "flags": [], "submission_time": "2014-03-10T15:29:36.234Z", "upvotes": [], "downvotes": []}}, {"pk": 260, "model": "ed_news.comment", "fields": {"ranking_points": 0, "comment_text": "Yeah, I was kind of thinking that.", "author": 5, "parent_submission": null, "parent_comment": 34, "visible": true, "flags": [], "submission_time": "2014-03-10T15:29:36.242Z", "upvotes": [], "downvotes": []}}, {"pk": 261, "model": "ed_news.comment", "fields": {"ranking_points": 0, "comment_text": "Yeah, I was kind of thinking that.", "author": 5, "parent_submission": null, "parent_comment": 219, "visible": true, "flags": [], "submission_time": "2014-03-10T15:29:36.247Z", "upvotes": [], "downvotes": []}}, {"pk": 262, "model": "ed_news.comment", "fields": {"ranking_points": 0, "comment_text": "Yeah, I was kind of thinking that.", "author": 5, "parent_submission": null, "parent_comment": 242, "visible": true, "flags": [], "submission_time": "2014-03-10T15:29:36.254Z", "upvotes": [], "downvotes": []}}, {"pk": 263, "model": "ed_news.comment", "fields": {"ranking_points": 0, "comment_text": "Yeah, I was kind of thinking that.", "author": 5, "parent_submission": null, "parent_comment": 160, "visible": true, "flags": [], "submission_time": "2014-03-10T15:29:36.262Z", "upvotes": [], "downvotes": []}}, {"pk": 264, "model": "ed_news.comment", "fields": {"ranking_points": 0, "comment_text": "Yeah, I was kind of thinking that.", "author": 5, "parent_submission": null, "parent_comment": 249, "visible": true, "flags": [], "submission_time": "2014-03-10T15:29:36.268Z", "upvotes": [], "downvotes": []}}, {"pk": 265, "model": "ed_news.comment", "fields": {"ranking_points": 0, "comment_text": "Yeah, I was kind of thinking that.", "author": 5, "parent_submission": null, "parent_comment": 47, "visible": true, "flags": [], "submission_time": "2014-03-10T15:29:36.272Z", "upvotes": [], "downvotes": []}}, {"pk": 266, "model": "ed_news.comment", "fields": {"ranking_points": 0, "comment_text": "Yeah, I was kind of thinking that.", "author": 5, "parent_submission": null, "parent_comment": 117, "visible": true, "flags": [], "submission_time": "2014-03-10T15:29:36.276Z", "upvotes": [], "downvotes": []}}, {"pk": 267, "model": "ed_news.comment", "fields": {"ranking_points": 0, "comment_text": "Yeah, I was kind of thinking that.", "author": 5, "parent_submission": null, "parent_comment": 205, "visible": true, "flags": [], "submission_time": "2014-03-10T15:29:36.281Z", "upvotes": [], "downvotes": []}}, {"pk": 268, "model": "ed_news.comment", "fields": {"ranking_points": 0, "comment_text": "Yeah, I was kind of thinking that.", "author": 5, "parent_submission": null, "parent_comment": 165, "visible": true, "flags": [], "submission_time": "2014-03-10T15:29:36.286Z", "upvotes": [], "downvotes": []}}, {"pk": 269, "model": "ed_news.comment", "fields": {"ranking_points": 0, "comment_text": "Yeah, I was kind of thinking that.", "author": 5, "parent_submission": null, "parent_comment": 264, "visible": true, "flags": [], "submission_time": "2014-03-10T15:29:36.289Z", "upvotes": [], "downvotes": []}}, {"pk": 270, "model": "ed_news.comment", "fields": {"ranking_points": 0, "comment_text": "Yeah, I was kind of thinking that.", "author": 5, "parent_submission": null, "parent_comment": 253, "visible": true, "flags": [], "submission_time": "2014-03-10T15:29:36.295Z", "upvotes": [], "downvotes": []}}, {"pk": 271, "model": "ed_news.comment", "fields": {"ranking_points": 0, "comment_text": "Yeah, I was kind of thinking that.", "author": 6, "parent_submission": null, "parent_comment": 85, "visible": true, "flags": [], "submission_time": "2014-03-10T15:29:36.303Z", "upvotes": [], "downvotes": []}}, {"pk": 272, "model": "ed_news.comment", "fields": {"ranking_points": 0, "comment_text": "Yeah, I was kind of thinking that.", "author": 6, "parent_submission": null, "parent_comment": 183, "visible": true, "flags": [], "submission_time": "2014-03-10T15:29:36.311Z", "upvotes": [], "downvotes": []}}, {"pk": 273, "model": "ed_news.comment", "fields": {"ranking_points": 0, "comment_text": "Yeah, I was kind of thinking that.", "author": 6, "parent_submission": null, "parent_comment": 6, "visible": true, "flags": [], "submission_time": "2014-03-10T15:29:36.316Z", "upvotes": [], "downvotes": []}}, {"pk": 274, "model": "ed_news.comment", "fields": {"ranking_points": 0, "comment_text": "Yeah, I was kind of thinking that.", "author": 6, "parent_submission": null, "parent_comment": 59, "visible": true, "flags": [], "submission_time": "2014-03-10T15:29:36.320Z", "upvotes": [], "downvotes": []}}, {"pk": 275, "model": "ed_news.comment", "fields": {"ranking_points": 0, "comment_text": "Yeah, I was kind of thinking that.", "author": 6, "parent_submission": null, "parent_comment": 17, "visible": true, "flags": [], "submission_time": "2014-03-10T15:29:36.326Z", "upvotes": [], "downvotes": []}}, {"pk": 276, "model": "ed_news.comment", "fields": {"ranking_points": 0, "comment_text": "Yeah, I was kind of thinking that.", "author": 6, "parent_submission": null, "parent_comment": 71, "visible": true, "flags": [], "submission_time": "2014-03-10T15:29:36.332Z", "upvotes": [], "downvotes": []}}, {"pk": 277, "model": "ed_news.comment", "fields": {"ranking_points": 0, "comment_text": "Yeah, I was kind of thinking that.", "author": 6, "parent_submission": null, "parent_comment": 34, "visible": true, "flags": [], "submission_time": "2014-03-10T15:29:36.337Z", "upvotes": [], "downvotes": []}}, {"pk": 278, "model": "ed_news.comment", "fields": {"ranking_points": 0, "comment_text": "Yeah, I was kind of thinking that.", "author": 6, "parent_submission": null, "parent_comment": 1, "visible": true, "flags": [], "submission_time": "2014-03-10T15:29:36.344Z", "upvotes": [], "downvotes": []}}, {"pk": 279, "model": "ed_news.comment", "fields": {"ranking_points": 0, "comment_text": "Yeah, I was kind of thinking that.", "author": 6, "parent_submission": null, "parent_comment": 237, "visible": true, "flags": [], "submission_time": "2014-03-10T15:29:36.351Z", "upvotes": [], "downvotes": []}}, {"pk": 280, "model": "ed_news.comment", "fields": {"ranking_points": 0, "comment_text": "Yeah, I was kind of thinking that.", "author": 6, "parent_submission": null, "parent_comment": 147, "visible": true, "flags": [], "submission_time": "2014-03-10T15:29:36.357Z", "upvotes": [], "downvotes": []}}, {"pk": 281, "model": "ed_news.comment", "fields": {"ranking_points": 0, "comment_text": "Yeah, I was kind of thinking that.", "author": 6, "parent_submission": null, "parent_comment": 188, "visible": true, "flags": [], "submission_time": "2014-03-10T15:29:36.362Z", "upvotes": [], "downvotes": []}}, {"pk": 282, "model": "ed_news.comment", "fields": {"ranking_points": 0, "comment_text": "Yeah, I was kind of thinking that.", "author": 6, "parent_submission": null, "parent_comment": 242, "visible": true, "flags": [], "submission_time": "2014-03-10T15:29:36.368Z", "upvotes": [], "downvotes": []}}, {"pk": 283, "model": "ed_news.comment", "fields": {"ranking_points": 0, "comment_text": "Yeah, I was kind of thinking that.", "author": 6, "parent_submission": null, "parent_comment": 72, "visible": true, "flags": [], "submission_time": "2014-03-10T15:29:36.375Z", "upvotes": [], "downvotes": []}}, {"pk": 284, "model": "ed_news.comment", "fields": {"ranking_points": 0, "comment_text": "Yeah, I was kind of thinking that.", "author": 6, "parent_submission": null, "parent_comment": 98, "visible": true, "flags": [], "submission_time": "2014-03-10T15:29:36.383Z", "upvotes": [], "downvotes": []}}, {"pk": 285, "model": "ed_news.comment", "fields": {"ranking_points": 0, "comment_text": "Yeah, I was kind of thinking that.", "author": 6, "parent_submission": null, "parent_comment": 270, "visible": true, "flags": [], "submission_time": "2014-03-10T15:29:36.391Z", "upvotes": [], "downvotes": []}}, {"pk": 286, "model": "ed_news.comment", "fields": {"ranking_points": 0, "comment_text": "Yeah, I was kind of thinking that.", "author": 7, "parent_submission": null, "parent_comment": 202, "visible": true, "flags": [], "submission_time": "2014-03-10T15:29:36.396Z", "upvotes": [], "downvotes": []}}, {"pk": 287, "model": "ed_news.comment", "fields": {"ranking_points": 0, "comment_text": "Yeah, I was kind of thinking that.", "author": 7, "parent_submission": null, "parent_comment": 133, "visible": true, "flags": [], "submission_time": "2014-03-10T15:29:36.402Z", "upvotes": [], "downvotes": []}}, {"pk": 288, "model": "ed_news.comment", "fields": {"ranking_points": 0, "comment_text": "Yeah, I was kind of thinking that.", "author": 7, "parent_submission": null, "parent_comment": 269, "visible": true, "flags": [], "submission_time": "2014-03-10T15:29:36.409Z", "upvotes": [], "downvotes": []}}, {"pk": 289, "model": "ed_news.comment", "fields": {"ranking_points": 0, "comment_text": "Yeah, I was kind of thinking that.", "author": 7, "parent_submission": null, "parent_comment": 90, "visible": true, "flags": [], "submission_time": "2014-03-10T15:29:36.416Z", "upvotes": [], "downvotes": []}}, {"pk": 290, "model": "ed_news.comment", "fields": {"ranking_points": 0, "comment_text": "Yeah, I was kind of thinking that.", "author": 7, "parent_submission": null, "parent_comment": 92, "visible": true, "flags": [], "submission_time": "2014-03-10T15:29:36.423Z", "upvotes": [], "downvotes": []}}, {"pk": 291, "model": "ed_news.comment", "fields": {"ranking_points": 0, "comment_text": "Yeah, I was kind of thinking that.", "author": 7, "parent_submission": null, "parent_comment": 191, "visible": true, "flags": [], "submission_time": "2014-03-10T15:29:36.431Z", "upvotes": [], "downvotes": []}}, {"pk": 292, "model": "ed_news.comment", "fields": {"ranking_points": 0, "comment_text": "Yeah, I was kind of thinking that.", "author": 7, "parent_submission": null, "parent_comment": 39, "visible": true, "flags": [], "submission_time": "2014-03-10T15:29:36.440Z", "upvotes": [], "downvotes": []}}, {"pk": 293, "model": "ed_news.comment", "fields": {"ranking_points": 0, "comment_text": "Yeah, I was kind of thinking that.", "author": 7, "parent_submission": null, "parent_comment": 268, "visible": true, "flags": [], "submission_time": "2014-03-10T15:29:36.449Z", "upvotes": [], "downvotes": []}}, {"pk": 294, "model": "ed_news.comment", "fields": {"ranking_points": 0, "comment_text": "Yeah, I was kind of thinking that.", "author": 7, "parent_submission": null, "parent_comment": 249, "visible": true, "flags": [], "submission_time": "2014-03-10T15:29:36.459Z", "upvotes": [], "downvotes": []}}, {"pk": 295, "model": "ed_news.comment", "fields": {"ranking_points": 0, "comment_text": "Yeah, I was kind of thinking that.", "author": 7, "parent_submission": null, "parent_comment": 89, "visible": true, "flags": [], "submission_time": "2014-03-10T15:29:36.467Z", "upvotes": [], "downvotes": []}}, {"pk": 296, "model": "ed_news.comment", "fields": {"ranking_points": 0, "comment_text": "Yeah, I was kind of thinking that.", "author": 7, "parent_submission": null, "parent_comment": 72, "visible": true, "flags": [], "submission_time": "2014-03-10T15:29:36.473Z", "upvotes": [], "downvotes": []}}, {"pk": 297, "model": "ed_news.comment", "fields": {"ranking_points": 0, "comment_text": "Yeah, I was kind of thinking that.", "author": 7, "parent_submission": null, "parent_comment": 233, "visible": true, "flags": [], "submission_time": "2014-03-10T15:29:36.481Z", "upvotes": [], "downvotes": []}}, {"pk": 298, "model": "ed_news.comment", "fields": {"ranking_points": 0, "comment_text": "Yeah, I was kind of thinking that.", "author": 7, "parent_submission": null, "parent_comment": 108, "visible": true, "flags": [], "submission_time": "2014-03-10T15:29:36.490Z", "upvotes": [], "downvotes": []}}, {"pk": 299, "model": "ed_news.comment", "fields": {"ranking_points": 0, "comment_text": "Yeah, I was kind of thinking that.", "author": 7, "parent_submission": null, "parent_comment": 200, "visible": true, "flags": [], "submission_time": "2014-03-10T15:29:36.498Z", "upvotes": [], "downvotes": []}}, {"pk": 300, "model": "ed_news.comment", "fields": {"ranking_points": 0, "comment_text": "Yeah, I was kind of thinking that.", "author": 7, "parent_submission": null, "parent_comment": 225, "visible": true, "flags": [], "submission_time": "2014-03-10T15:29:36.507Z", "upvotes": [], "downvotes": []}}, {"pk": 301, "model": "ed_news.comment", "fields": {"ranking_points": 0, "comment_text": "Yeah, I was kind of thinking that.", "author": 8, "parent_submission": null, "parent_comment": 273, "visible": true, "flags": [], "submission_time": "2014-03-10T15:29:36.512Z", "upvotes": [], "downvotes": []}}, {"pk": 302, "model": "ed_news.comment", "fields": {"ranking_points": 0, "comment_text": "Yeah, I was kind of thinking that.", "author": 8, "parent_submission": null, "parent_comment": 78, "visible": true, "flags": [], "submission_time": "2014-03-10T15:29:36.519Z", "upvotes": [], "downvotes": []}}, {"pk": 303, "model": "ed_news.comment", "fields": {"ranking_points": 0, "comment_text": "Yeah, I was kind of thinking that.", "author": 8, "parent_submission": null, "parent_comment": 106, "visible": true, "flags": [], "submission_time": "2014-03-10T15:29:36.525Z", "upvotes": [], "downvotes": []}}, {"pk": 304, "model": "ed_news.comment", "fields": {"ranking_points": 0, "comment_text": "Yeah, I was kind of thinking that.", "author": 8, "parent_submission": null, "parent_comment": 113, "visible": true, "flags": [], "submission_time": "2014-03-10T15:29:36.530Z", "upvotes": [], "downvotes": []}}, {"pk": 305, "model": "ed_news.comment", "fields": {"ranking_points": 0, "comment_text": "Yeah, I was kind of thinking that.", "author": 8, "parent_submission": null, "parent_comment": 284, "visible": true, "flags": [], "submission_time": "2014-03-10T15:29:36.539Z", "upvotes": [], "downvotes": []}}, {"pk": 306, "model": "ed_news.comment", "fields": {"ranking_points": 0, "comment_text": "Yeah, I was kind of thinking that.", "author": 8, "parent_submission": null, "parent_comment": 4, "visible": true, "flags": [], "submission_time": "2014-03-10T15:29:36.548Z", "upvotes": [], "downvotes": []}}, {"pk": 307, "model": "ed_news.comment", "fields": {"ranking_points": 0, "comment_text": "Yeah, I was kind of thinking that.", "author": 8, "parent_submission": null, "parent_comment": 188, "visible": true, "flags": [], "submission_time": "2014-03-10T15:29:36.556Z", "upvotes": [], "downvotes": []}}, {"pk": 308, "model": "ed_news.comment", "fields": {"ranking_points": 0, "comment_text": "Yeah, I was kind of thinking that.", "author": 8, "parent_submission": null, "parent_comment": 223, "visible": true, "flags": [], "submission_time": "2014-03-10T15:29:36.564Z", "upvotes": [], "downvotes": []}}, {"pk": 309, "model": "ed_news.comment", "fields": {"ranking_points": 0, "comment_text": "Yeah, I was kind of thinking that.", "author": 8, "parent_submission": null, "parent_comment": 191, "visible": true, "flags": [], "submission_time": "2014-03-10T15:29:36.574Z", "upvotes": [], "downvotes": []}}, {"pk": 310, "model": "ed_news.comment", "fields": {"ranking_points": 0, "comment_text": "Yeah, I was kind of thinking that.", "author": 8, "parent_submission": null, "parent_comment": 293, "visible": true, "flags": [], "submission_time": "2014-03-10T15:29:36.580Z", "upvotes": [], "downvotes": []}}, {"pk": 311, "model": "ed_news.comment", "fields": {"ranking_points": 0, "comment_text": "Yeah, I was kind of thinking that.", "author": 8, "parent_submission": null, "parent_comment": 220, "visible": true, "flags": [], "submission_time": "2014-03-10T15:29:36.586Z", "upvotes": [], "downvotes": []}}, {"pk": 312, "model": "ed_news.comment", "fields": {"ranking_points": 0, "comment_text": "Yeah, I was kind of thinking that.", "author": 8, "parent_submission": null, "parent_comment": 24, "visible": true, "flags": [], "submission_time": "2014-03-10T15:29:36.592Z", "upvotes": [], "downvotes": []}}, {"pk": 313, "model": "ed_news.comment", "fields": {"ranking_points": 0, "comment_text": "Yeah, I was kind of thinking that.", "author": 8, "parent_submission": null, "parent_comment": 168, "visible": true, "flags": [], "submission_time": "2014-03-10T15:29:36.599Z", "upvotes": [], "downvotes": []}}, {"pk": 314, "model": "ed_news.comment", "fields": {"ranking_points": 0, "comment_text": "Yeah, I was kind of thinking that.", "author": 8, "parent_submission": null, "parent_comment": 290, "visible": true, "flags": [], "submission_time": "2014-03-10T15:29:36.606Z", "upvotes": [], "downvotes": []}}, {"pk": 315, "model": "ed_news.comment", "fields": {"ranking_points": 0, "comment_text": "Yeah, I was kind of thinking that.", "author": 8, "parent_submission": null, "parent_comment": 285, "visible": true, "flags": [], "submission_time": "2014-03-10T15:29:36.614Z", "upvotes": [], "downvotes": []}}]