[{"pk": 1, "model": "contenttypes.contenttype", "fields": {"model": "logentry", "name": "log entry", "app_label": "admin"}}, {"pk": 2, "model": "contenttypes.contenttype", "fields": {"model": "permission", "name": "permission", "app_label": "auth"}}, {"pk": 3, "model": "contenttypes.contenttype", "fields": {"model": "group", "name": "group", "app_label": "auth"}}, {"pk": 4, "model": "contenttypes.contenttype", "fields": {"model": "user", "name": "user", "app_label": "auth"}}, {"pk": 5, "model": "contenttypes.contenttype", "fields": {"model": "contenttype", "name": "content type", "app_label": "contenttypes"}}, {"pk": 6, "model": "contenttypes.contenttype", "fields": {"model": "session", "name": "session", "app_label": "sessions"}}, {"pk": 7, "model": "contenttypes.contenttype", "fields": {"model": "migrationhistory", "name": "migration history", "app_label": "south"}}, {"pk": 8, "model": "contenttypes.contenttype", "fields": {"model": "submission", "name": "submission", "app_label": "ed_news"}}, {"pk": 9, "model": "contenttypes.contenttype", "fields": {"model": "article", "name": "article", "app_label": "ed_news"}}, {"pk": 10, "model": "contenttypes.contenttype", "fields": {"model": "textpost", "name": "text post", "app_label": "ed_news"}}, {"pk": 11, "model": "contenttypes.contenttype", "fields": {"model": "userprofile", "name": "user profile", "app_label": "ed_news"}}, {"pk": 12, "model": "contenttypes.contenttype", "fields": {"model": "comment", "name": "comment", "app_label": "ed_news"}}, {"pk": "qh1ut0w1jtoss1o019p9vmeudsovnqx6", "model": "sessions.session", "fields": {"expire_date": "2014-03-19T07:55:18.845Z", "session_data": "ZTViMzNiOWU0ZjUzMTE1YjQ1MDUyOGU0MzVmZDM1NDE3NGYxNzgzYTp7Il9hdXRoX3VzZXJfYmFja2VuZCI6ImRqYW5nby5jb250cmliLmF1dGguYmFja2VuZHMuTW9kZWxCYWNrZW5kIiwiX2F1dGhfdXNlcl9pZCI6MTB9"}}, {"pk": 1, "model": "south.migrationhistory", "fields": {"applied": "2014-03-05T07:55:03.206Z", "app_name": "ed_news", "migration": "0001_initial"}}, {"pk": 2, "model": "south.migrationhistory", "fields": {"applied": "2014-03-05T07:55:03.268Z", "app_name": "ed_news", "migration": "0002_auto__add_field_textpost_url"}}, {"pk": 3, "model": "south.migrationhistory", "fields": {"applied": "2014-03-05T07:55:03.339Z", "app_name": "ed_news", "migration": "0003_auto__del_field_article_url__del_field_textpost_url__add_field_submiss"}}, {"pk": 1, "model": "auth.permission", "fields": {"codename": "add_logentry", "name": "Can add log entry", "content_type": 1}}, {"pk": 2, "model": "auth.permission", "fields": {"codename": "change_logentry", "name": "Can change log entry", "content_type": 1}}, {"pk": 3, "model": "auth.permission", "fields": {"codename": "delete_logentry", "name": "Can delete log entry", "content_type": 1}}, {"pk": 4, "model": "auth.permission", "fields": {"codename": "add_permission", "name": "Can add permission", "content_type": 2}}, {"pk": 5, "model": "auth.permission", "fields": {"codename": "change_permission", "name": "Can change permission", "content_type": 2}}, {"pk": 6, "model": "auth.permission", "fields": {"codename": "delete_permission", "name": "Can delete permission", "content_type": 2}}, {"pk": 7, "model": "auth.permission", "fields": {"codename": "add_group", "name": "Can add group", "content_type": 3}}, {"pk": 8, "model": "auth.permission", "fields": {"codename": "change_group", "name": "Can change group", "content_type": 3}}, {"pk": 9, "model": "auth.permission", "fields": {"codename": "delete_group", "name": "Can delete group", "content_type": 3}}, {"pk": 10, "model": "auth.permission", "fields": {"codename": "add_user", "name": "Can add user", "content_type": 4}}, {"pk": 11, "model": "auth.permission", "fields": {"codename": "change_user", "name": "Can change user", "content_type": 4}}, {"pk": 12, "model": "auth.permission", "fields": {"codename": "delete_user", "name": "Can delete user", "content_type": 4}}, {"pk": 13, "model": "auth.permission", "fields": {"codename": "add_contenttype", "name": "Can add content type", "content_type": 5}}, {"pk": 14, "model": "auth.permission", "fields": {"codename": "change_contenttype", "name": "Can change content type", "content_type": 5}}, {"pk": 15, "model": "auth.permission", "fields": {"codename": "delete_contenttype", "name": "Can delete content type", "content_type": 5}}, {"pk": 16, "model": "auth.permission", "fields": {"codename": "add_session", "name": "Can add session", "content_type": 6}}, {"pk": 17, "model": "auth.permission", "fields": {"codename": "change_session", "name": "Can change session", "content_type": 6}}, {"pk": 18, "model": "auth.permission", "fields": {"codename": "delete_session", "name": "Can delete session", "content_type": 6}}, {"pk": 19, "model": "auth.permission", "fields": {"codename": "add_migrationhistory", "name": "Can add migration history", "content_type": 7}}, {"pk": 20, "model": "auth.permission", "fields": {"codename": "change_migrationhistory", "name": "Can change migration history", "content_type": 7}}, {"pk": 21, "model": "auth.permission", "fields": {"codename": "delete_migrationhistory", "name": "Can delete migration history", "content_type": 7}}, {"pk": 22, "model": "auth.permission", "fields": {"codename": "add_submission", "name": "Can add submission", "content_type": 8}}, {"pk": 23, "model": "auth.permission", "fields": {"codename": "change_submission", "name": "Can change submission", "content_type": 8}}, {"pk": 24, "model": "auth.permission", "fields": {"codename": "delete_submission", "name": "Can delete submission", "content_type": 8}}, {"pk": 25, "model": "auth.permission", "fields": {"codename": "add_article", "name": "Can add article", "content_type": 9}}, {"pk": 26, "model": "auth.permission", "fields": {"codename": "change_article", "name": "Can change article", "content_type": 9}}, {"pk": 27, "model": "auth.permission", "fields": {"codename": "delete_article", "name": "Can delete article", "content_type": 9}}, {"pk": 28, "model": "auth.permission", "fields": {"codename": "add_textpost", "name": "Can add text post", "content_type": 10}}, {"pk": 29, "model": "auth.permission", "fields": {"codename": "change_textpost", "name": "Can change text post", "content_type": 10}}, {"pk": 30, "model": "auth.permission", "fields": {"codename": "delete_textpost", "name": "Can delete text post", "content_type": 10}}, {"pk": 31, "model": "auth.permission", "fields": {"codename": "add_userprofile", "name": "Can add user profile", "content_type": 11}}, {"pk": 32, "model": "auth.permission", "fields": {"codename": "change_userprofile", "name": "Can change user profile", "content_type": 11}}, {"pk": 33, "model": "auth.permission", "fields": {"codename": "delete_userprofile", "name": "Can delete user profile", "content_type": 11}}, {"pk": 34, "model": "auth.permission", "fields": {"codename": "add_comment", "name": "Can add comment", "content_type": 12}}, {"pk": 35, "model": "auth.permission", "fields": {"codename": "change_comment", "name": "Can change comment", "content_type": 12}}, {"pk": 36, "model": "auth.permission", "fields": {"codename": "delete_comment", "name": "Can delete comment", "content_type": 12}}, {"pk": 8, "model": "auth.user", "fields": {"username": "user_0", "first_name": "", "last_name": "", "is_active": true, "is_superuser": false, "is_staff": false, "last_login": "2014-03-05T07:55:18.477Z", "groups": [], "user_permissions": [], "password": "pbkdf2_sha256$12000$jonUtZ7dILw6$LBze8x0cBR2/o5bEQOAbSTzucRWjMs/7/UwXZOVlM6c=", "email": "", "date_joined": "2014-03-05T07:55:04.114Z"}}, {"pk": 9, "model": "auth.user", "fields": {"username": "user_1", "first_name": "", "last_name": "", "is_active": true, "is_superuser": false, "is_staff": false, "last_login": "2014-03-05T07:55:18.172Z", "groups": [], "user_permissions": [], "password": "pbkdf2_sha256$12000$6cBai5H41tfw$t79w8usLP/IA5Oh0LUtv0PASWOUkndavL2OyoigL90Q=", "email": "", "date_joined": "2014-03-05T07:55:04.162Z"}}, {"pk": 10, "model": "auth.user", "fields": {"username": "user_2", "first_name": "", "last_name": "", "is_active": true, "is_superuser": false, "is_staff": false, "last_login": "2014-03-05T07:55:18.843Z", "groups": [], "user_permissions": [], "password": "pbkdf2_sha256$12000$2DjiSg2FryDE$kW0lzV908lFww/y5ZZNkhLMPTve0PYSUm+29MCOB3qY=", "email": "", "date_joined": "2014-03-05T07:55:04.208Z"}}, {"pk": 11, "model": "auth.user", "fields": {"username": "user_3", "first_name": "", "last_name": "", "is_active": true, "is_superuser": false, "is_staff": false, "last_login": "2014-03-05T07:55:15.224Z", "groups": [], "user_permissions": [], "password": "pbkdf2_sha256$12000$xPrFbmVCGXJA$7i7LtMN7vVrsVcPM4O9zOp/AJ3wKDfGsoHRgPuUkodY=", "email": "", "date_joined": "2014-03-05T07:55:04.256Z"}}, {"pk": 12, "model": "auth.user", "fields": {"username": "user_4", "first_name": "", "last_name": "", "is_active": true, "is_superuser": false, "is_staff": false, "last_login": "2014-03-05T07:55:16.455Z", "groups": [], "user_permissions": [], "password": "pbkdf2_sha256$12000$b8k5IKmurUQj$7GRxlsQJiAS0aWxe4ktpSB9fVuaF48aoMkcF8U+m2RQ=", "email": "", "date_joined": "2014-03-05T07:55:04.296Z"}}, {"pk": 1, "model": "ed_news.submission", "fields": {"ranking_points": 54, "title": "I googled my username: user_00", "url": "http://google.com/#q=user_00", "visible": true, "flags": [], "submission_time": "2014-03-05T07:55:04.402Z", "submitter": 8, "upvotes": [8]}}, {"pk": 2, "model": "ed_news.submission", "fields": {"ranking_points": 54, "title": "I googled my username: user_01", "url": "http://google.com/#q=user_01", "visible": true, "flags": [], "submission_time": "2014-03-05T07:55:04.426Z", "submitter": 8, "upvotes": [8]}}, {"pk": 3, "model": "ed_news.submission", "fields": {"ranking_points": 54, "title": "I googled my username: user_02", "url": "http://google.com/#q=user_02", "visible": true, "flags": [], "submission_time": "2014-03-05T07:55:04.479Z", "submitter": 8, "upvotes": [8]}}, {"pk": 4, "model": "ed_news.submission", "fields": {"ranking_points": 54, "title": "I googled my username: user_10", "url": "http://google.com/#q=user_10", "visible": true, "flags": [], "submission_time": "2014-03-05T07:55:04.583Z", "submitter": 9, "upvotes": [9]}}, {"pk": 5, "model": "ed_news.submission", "fields": {"ranking_points": 54, "title": "I googled my username: user_11", "url": "http://google.com/#q=user_11", "visible": true, "flags": [], "submission_time": "2014-03-05T07:55:04.638Z", "submitter": 9, "upvotes": [9]}}, {"pk": 6, "model": "ed_news.submission", "fields": {"ranking_points": 54, "title": "I googled my username: user_12", "url": "http://google.com/#q=user_12", "visible": true, "flags": [], "submission_time": "2014-03-05T07:55:04.700Z", "submitter": 9, "upvotes": [9]}}, {"pk": 7, "model": "ed_news.submission", "fields": {"ranking_points": 54, "title": "I googled my username: user_20", "url": "http://google.com/#q=user_20", "visible": true, "flags": [], "submission_time": "2014-03-05T07:55:04.830Z", "submitter": 10, "upvotes": [10]}}, {"pk": 8, "model": "ed_news.submission", "fields": {"ranking_points": 54, "title": "I googled my username: user_21", "url": "http://google.com/#q=user_21", "visible": true, "flags": [], "submission_time": "2014-03-05T07:55:04.897Z", "submitter": 10, "upvotes": [10]}}, {"pk": 9, "model": "ed_news.submission", "fields": {"ranking_points": 54, "title": "I googled my username: user_22", "url": "http://google.com/#q=user_22", "visible": true, "flags": [], "submission_time": "2014-03-05T07:55:04.988Z", "submitter": 10, "upvotes": [10]}}, {"pk": 10, "model": "ed_news.submission", "fields": {"ranking_points": 54, "title": "I googled my username: user_30", "url": "http://google.com/#q=user_30", "visible": true, "flags": [], "submission_time": "2014-03-05T07:55:05.130Z", "submitter": 11, "upvotes": [11]}}, {"pk": 11, "model": "ed_news.submission", "fields": {"ranking_points": 54, "title": "I googled my username: user_31", "url": "http://google.com/#q=user_31", "visible": true, "flags": [], "submission_time": "2014-03-05T07:55:05.187Z", "submitter": 11, "upvotes": [11]}}, {"pk": 12, "model": "ed_news.submission", "fields": {"ranking_points": 54, "title": "I googled my username: user_32", "url": "http://google.com/#q=user_32", "visible": true, "flags": [], "submission_time": "2014-03-05T07:55:05.243Z", "submitter": 11, "upvotes": [11]}}, {"pk": 13, "model": "ed_news.submission", "fields": {"ranking_points": 54, "title": "I googled my username: user_40", "url": "http://google.com/#q=user_40", "visible": true, "flags": [], "submission_time": "2014-03-05T07:55:05.415Z", "submitter": 12, "upvotes": [12]}}, {"pk": 14, "model": "ed_news.submission", "fields": {"ranking_points": 54, "title": "I googled my username: user_41", "url": "http://google.com/#q=user_41", "visible": true, "flags": [], "submission_time": "2014-03-05T07:55:05.516Z", "submitter": 12, "upvotes": [12]}}, {"pk": 15, "model": "ed_news.submission", "fields": {"ranking_points": 54, "title": "I googled my username: user_42", "url": "http://google.com/#q=user_42", "visible": true, "flags": [], "submission_time": "2014-03-05T07:55:05.659Z", "submitter": 12, "upvotes": [12]}}, {"pk": 1, "model": "ed_news.article", "fields": {"upvotes": [8], "flags": []}}, {"pk": 2, "model": "ed_news.article", "fields": {"upvotes": [8], "flags": []}}, {"pk": 3, "model": "ed_news.article", "fields": {"upvotes": [8], "flags": []}}, {"pk": 4, "model": "ed_news.article", "fields": {"upvotes": [9], "flags": []}}, {"pk": 5, "model": "ed_news.article", "fields": {"upvotes": [9], "flags": []}}, {"pk": 6, "model": "ed_news.article", "fields": {"upvotes": [9], "flags": []}}, {"pk": 7, "model": "ed_news.article", "fields": {"upvotes": [10], "flags": []}}, {"pk": 8, "model": "ed_news.article", "fields": {"upvotes": [10], "flags": []}}, {"pk": 9, "model": "ed_news.article", "fields": {"upvotes": [10], "flags": []}}, {"pk": 10, "model": "ed_news.article", "fields": {"upvotes": [11], "flags": []}}, {"pk": 11, "model": "ed_news.article", "fields": {"upvotes": [11], "flags": []}}, {"pk": 12, "model": "ed_news.article", "fields": {"upvotes": [11], "flags": []}}, {"pk": 13, "model": "ed_news.article", "fields": {"upvotes": [12], "flags": []}}, {"pk": 14, "model": "ed_news.article", "fields": {"upvotes": [12], "flags": []}}, {"pk": 15, "model": "ed_news.article", "fields": {"upvotes": [12], "flags": []}}, {"pk": 8, "model": "ed_news.userprofile", "fields": {"email_public": false, "user": 8, "show_invisible": false, "karma": 0}}, {"pk": 9, "model": "ed_news.userprofile", "fields": {"email_public": false, "user": 9, "show_invisible": false, "karma": 0}}, {"pk": 10, "model": "ed_news.userprofile", "fields": {"email_public": false, "user": 10, "show_invisible": false, "karma": 0}}, {"pk": 11, "model": "ed_news.userprofile", "fields": {"email_public": false, "user": 11, "show_invisible": false, "karma": 0}}, {"pk": 12, "model": "ed_news.userprofile", "fields": {"email_public": false, "user": 12, "show_invisible": false, "karma": 0}}, {"pk": 1, "model": "ed_news.comment", "fields": {"ranking_points": 30, "comment_text": "I just don't think you'll ever make a magnetic monopole.", "author": 8, "parent_submission": 1, "parent_comment": null, "visible": true, "flags": [], "submission_time": "2014-03-05T07:55:05.874Z", "upvotes": [], "downvotes": []}}, {"pk": 2, "model": "ed_news.comment", "fields": {"ranking_points": 30, "comment_text": "I just don't think you'll ever make a magnetic monopole.", "author": 11, "parent_submission": 1, "parent_comment": null, "visible": true, "flags": [], "submission_time": "2014-03-05T07:55:06.147Z", "upvotes": [], "downvotes": []}}, {"pk": 3, "model": "ed_news.comment", "fields": {"ranking_points": 30, "comment_text": "I just don't think you'll ever make a magnetic monopole.", "author": 8, "parent_submission": 1, "parent_comment": null, "visible": true, "flags": [], "submission_time": "2014-03-05T07:55:06.401Z", "upvotes": [], "downvotes": []}}, {"pk": 4, "model": "ed_news.comment", "fields": {"ranking_points": 30, "comment_text": "I just don't think you'll ever make a magnetic monopole.", "author": 9, "parent_submission": 2, "parent_comment": null, "visible": true, "flags": [], "submission_time": "2014-03-05T07:55:06.644Z", "upvotes": [], "downvotes": []}}, {"pk": 5, "model": "ed_news.comment", "fields": {"ranking_points": 30, "comment_text": "I just don't think you'll ever make a magnetic monopole.", "author": 10, "parent_submission": 2, "parent_comment": null, "visible": true, "flags": [], "submission_time": "2014-03-05T07:55:06.909Z", "upvotes": [], "downvotes": []}}, {"pk": 6, "model": "ed_news.comment", "fields": {"ranking_points": 30, "comment_text": "I just don't think you'll ever make a magnetic monopole.", "author": 11, "parent_submission": 2, "parent_comment": null, "visible": true, "flags": [], "submission_time": "2014-03-05T07:55:07.171Z", "upvotes": [], "downvotes": []}}, {"pk": 7, "model": "ed_news.comment", "fields": {"ranking_points": 30, "comment_text": "I just don't think you'll ever make a magnetic monopole.", "author": 9, "parent_submission": 3, "parent_comment": null, "visible": true, "flags": [], "submission_time": "2014-03-05T07:55:07.432Z", "upvotes": [], "downvotes": []}}, {"pk": 8, "model": "ed_news.comment", "fields": {"ranking_points": 30, "comment_text": "I just don't think you'll ever make a magnetic monopole.", "author": 9, "parent_submission": 3, "parent_comment": null, "visible": true, "flags": [], "submission_time": "2014-03-05T07:55:07.674Z", "upvotes": [], "downvotes": []}}, {"pk": 9, "model": "ed_news.comment", "fields": {"ranking_points": 30, "comment_text": "I just don't think you'll ever make a magnetic monopole.", "author": 8, "parent_submission": 3, "parent_comment": null, "visible": true, "flags": [], "submission_time": "2014-03-05T07:55:07.950Z", "upvotes": [], "downvotes": []}}, {"pk": 10, "model": "ed_news.comment", "fields": {"ranking_points": 30, "comment_text": "I just don't think you'll ever make a magnetic monopole.", "author": 10, "parent_submission": 4, "parent_comment": null, "visible": true, "flags": [], "submission_time": "2014-03-05T07:55:08.231Z", "upvotes": [], "downvotes": []}}, {"pk": 11, "model": "ed_news.comment", "fields": {"ranking_points": 30, "comment_text": "I just don't think you'll ever make a magnetic monopole.", "author": 11, "parent_submission": 4, "parent_comment": null, "visible": true, "flags": [], "submission_time": "2014-03-05T07:55:08.463Z", "upvotes": [], "downvotes": []}}, {"pk": 12, "model": "ed_news.comment", "fields": {"ranking_points": 30, "comment_text": "I just don't think you'll ever make a magnetic monopole.", "author": 10, "parent_submission": 4, "parent_comment": null, "visible": true, "flags": [], "submission_time": "2014-03-05T07:55:08.736Z", "upvotes": [], "downvotes": []}}, {"pk": 13, "model": "ed_news.comment", "fields": {"ranking_points": 30, "comment_text": "I just don't think you'll ever make a magnetic monopole.", "author": 11, "parent_submission": 5, "parent_comment": null, "visible": true, "flags": [], "submission_time": "2014-03-05T07:55:09.022Z", "upvotes": [], "downvotes": []}}, {"pk": 14, "model": "ed_news.comment", "fields": {"ranking_points": 30, "comment_text": "I just don't think you'll ever make a magnetic monopole.", "author": 12, "parent_submission": 5, "parent_comment": null, "visible": true, "flags": [], "submission_time": "2014-03-05T07:55:09.286Z", "upvotes": [], "downvotes": []}}, {"pk": 15, "model": "ed_news.comment", "fields": {"ranking_points": 30, "comment_text": "I just don't think you'll ever make a magnetic monopole.", "author": 10, "parent_submission": 5, "parent_comment": null, "visible": true, "flags": [], "submission_time": "2014-03-05T07:55:09.493Z", "upvotes": [], "downvotes": []}}, {"pk": 16, "model": "ed_news.comment", "fields": {"ranking_points": 30, "comment_text": "I just don't think you'll ever make a magnetic monopole.", "author": 8, "parent_submission": 6, "parent_comment": null, "visible": true, "flags": [], "submission_time": "2014-03-05T07:55:09.804Z", "upvotes": [], "downvotes": []}}, {"pk": 17, "model": "ed_news.comment", "fields": {"ranking_points": 30, "comment_text": "I just don't think you'll ever make a magnetic monopole.", "author": 11, "parent_submission": 6, "parent_comment": null, "visible": true, "flags": [], "submission_time": "2014-03-05T07:55:10.056Z", "upvotes": [], "downvotes": []}}, {"pk": 18, "model": "ed_news.comment", "fields": {"ranking_points": 30, "comment_text": "I just don't think you'll ever make a magnetic monopole.", "author": 10, "parent_submission": 6, "parent_comment": null, "visible": true, "flags": [], "submission_time": "2014-03-05T07:55:10.344Z", "upvotes": [], "downvotes": []}}, {"pk": 19, "model": "ed_news.comment", "fields": {"ranking_points": 30, "comment_text": "I just don't think you'll ever make a magnetic monopole.", "author": 11, "parent_submission": 7, "parent_comment": null, "visible": true, "flags": [], "submission_time": "2014-03-05T07:55:10.570Z", "upvotes": [], "downvotes": []}}, {"pk": 20, "model": "ed_news.comment", "fields": {"ranking_points": 30, "comment_text": "I just don't think you'll ever make a magnetic monopole.", "author": 12, "parent_submission": 7, "parent_comment": null, "visible": true, "flags": [], "submission_time": "2014-03-05T07:55:10.854Z", "upvotes": [], "downvotes": []}}, {"pk": 21, "model": "ed_news.comment", "fields": {"ranking_points": 30, "comment_text": "I just don't think you'll ever make a magnetic monopole.", "author": 9, "parent_submission": 7, "parent_comment": null, "visible": true, "flags": [], "submission_time": "2014-03-05T07:55:11.147Z", "upvotes": [], "downvotes": []}}, {"pk": 22, "model": "ed_news.comment", "fields": {"ranking_points": 30, "comment_text": "I just don't think you'll ever make a magnetic monopole.", "author": 8, "parent_submission": 8, "parent_comment": null, "visible": true, "flags": [], "submission_time": "2014-03-05T07:55:11.447Z", "upvotes": [], "downvotes": []}}, {"pk": 23, "model": "ed_news.comment", "fields": {"ranking_points": 30, "comment_text": "I just don't think you'll ever make a magnetic monopole.", "author": 8, "parent_submission": 8, "parent_comment": null, "visible": true, "flags": [], "submission_time": "2014-03-05T07:55:11.771Z", "upvotes": [], "downvotes": []}}, {"pk": 24, "model": "ed_news.comment", "fields": {"ranking_points": 30, "comment_text": "I just don't think you'll ever make a magnetic monopole.", "author": 9, "parent_submission": 8, "parent_comment": null, "visible": true, "flags": [], "submission_time": "2014-03-05T07:55:12.097Z", "upvotes": [], "downvotes": []}}, {"pk": 25, "model": "ed_news.comment", "fields": {"ranking_points": 30, "comment_text": "I just don't think you'll ever make a magnetic monopole.", "author": 9, "parent_submission": 9, "parent_comment": null, "visible": true, "flags": [], "submission_time": "2014-03-05T07:55:12.412Z", "upvotes": [], "downvotes": []}}, {"pk": 26, "model": "ed_news.comment", "fields": {"ranking_points": 30, "comment_text": "I just don't think you'll ever make a magnetic monopole.", "author": 12, "parent_submission": 9, "parent_comment": null, "visible": true, "flags": [], "submission_time": "2014-03-05T07:55:12.726Z", "upvotes": [], "downvotes": []}}, {"pk": 27, "model": "ed_news.comment", "fields": {"ranking_points": 30, "comment_text": "I just don't think you'll ever make a magnetic monopole.", "author": 9, "parent_submission": 9, "parent_comment": null, "visible": true, "flags": [], "submission_time": "2014-03-05T07:55:13.027Z", "upvotes": [], "downvotes": []}}, {"pk": 28, "model": "ed_news.comment", "fields": {"ranking_points": 30, "comment_text": "I just don't think you'll ever make a magnetic monopole.", "author": 10, "parent_submission": 10, "parent_comment": null, "visible": true, "flags": [], "submission_time": "2014-03-05T07:55:13.390Z", "upvotes": [], "downvotes": []}}, {"pk": 29, "model": "ed_news.comment", "fields": {"ranking_points": 30, "comment_text": "I just don't think you'll ever make a magnetic monopole.", "author": 10, "parent_submission": 10, "parent_comment": null, "visible": true, "flags": [], "submission_time": "2014-03-05T07:55:13.628Z", "upvotes": [], "downvotes": []}}, {"pk": 30, "model": "ed_news.comment", "fields": {"ranking_points": 30, "comment_text": "I just don't think you'll ever make a magnetic monopole.", "author": 9, "parent_submission": 10, "parent_comment": null, "visible": true, "flags": [], "submission_time": "2014-03-05T07:55:13.959Z", "upvotes": [], "downvotes": []}}, {"pk": 31, "model": "ed_news.comment", "fields": {"ranking_points": 30, "comment_text": "I just don't think you'll ever make a magnetic monopole.", "author": 10, "parent_submission": 11, "parent_comment": null, "visible": true, "flags": [], "submission_time": "2014-03-05T07:55:14.309Z", "upvotes": [], "downvotes": []}}, {"pk": 32, "model": "ed_news.comment", "fields": {"ranking_points": 30, "comment_text": "I just don't think you'll ever make a magnetic monopole.", "author": 10, "parent_submission": 11, "parent_comment": null, "visible": true, "flags": [], "submission_time": "2014-03-05T07:55:14.531Z", "upvotes": [], "downvotes": []}}, {"pk": 33, "model": "ed_news.comment", "fields": {"ranking_points": 30, "comment_text": "I just don't think you'll ever make a magnetic monopole.", "author": 9, "parent_submission": 11, "parent_comment": null, "visible": true, "flags": [], "submission_time": "2014-03-05T07:55:14.887Z", "upvotes": [], "downvotes": []}}, {"pk": 34, "model": "ed_news.comment", "fields": {"ranking_points": 30, "comment_text": "I just don't think you'll ever make a magnetic monopole.", "author": 11, "parent_submission": 12, "parent_comment": null, "visible": true, "flags": [], "submission_time": "2014-03-05T07:55:15.231Z", "upvotes": [], "downvotes": []}}, {"pk": 35, "model": "ed_news.comment", "fields": {"ranking_points": 30, "comment_text": "I just don't think you'll ever make a magnetic monopole.", "author": 9, "parent_submission": 12, "parent_comment": null, "visible": true, "flags": [], "submission_time": "2014-03-05T07:55:15.493Z", "upvotes": [], "downvotes": []}}, {"pk": 36, "model": "ed_news.comment", "fields": {"ranking_points": 30, "comment_text": "I just don't think you'll ever make a magnetic monopole.", "author": 10, "parent_submission": 12, "parent_comment": null, "visible": true, "flags": [], "submission_time": "2014-03-05T07:55:15.863Z", "upvotes": [], "downvotes": []}}, {"pk": 37, "model": "ed_news.comment", "fields": {"ranking_points": 30, "comment_text": "I just don't think you'll ever make a magnetic monopole.", "author": 10, "parent_submission": 13, "parent_comment": null, "visible": true, "flags": [], "submission_time": "2014-03-05T07:55:16.158Z", "upvotes": [], "downvotes": []}}, {"pk": 38, "model": "ed_news.comment", "fields": {"ranking_points": 30, "comment_text": "I just don't think you'll ever make a magnetic monopole.", "author": 12, "parent_submission": 13, "parent_comment": null, "visible": true, "flags": [], "submission_time": "2014-03-05T07:55:16.467Z", "upvotes": [], "downvotes": []}}, {"pk": 39, "model": "ed_news.comment", "fields": {"ranking_points": 30, "comment_text": "I just don't think you'll ever make a magnetic monopole.", "author": 10, "parent_submission": 13, "parent_comment": null, "visible": true, "flags": [], "submission_time": "2014-03-05T07:55:16.789Z", "upvotes": [], "downvotes": []}}, {"pk": 40, "model": "ed_news.comment", "fields": {"ranking_points": 30, "comment_text": "I just don't think you'll ever make a magnetic monopole.", "author": 9, "parent_submission": 14, "parent_comment": null, "visible": true, "flags": [], "submission_time": "2014-03-05T07:55:17.151Z", "upvotes": [], "downvotes": []}}, {"pk": 41, "model": "ed_news.comment", "fields": {"ranking_points": 30, "comment_text": "I just don't think you'll ever make a magnetic monopole.", "author": 8, "parent_submission": 14, "parent_comment": null, "visible": true, "flags": [], "submission_time": "2014-03-05T07:55:17.465Z", "upvotes": [], "downvotes": []}}, {"pk": 42, "model": "ed_news.comment", "fields": {"ranking_points": 30, "comment_text": "I just don't think you'll ever make a magnetic monopole.", "author": 10, "parent_submission": 14, "parent_comment": null, "visible": true, "flags": [], "submission_time": "2014-03-05T07:55:17.786Z", "upvotes": [], "downvotes": []}}, {"pk": 43, "model": "ed_news.comment", "fields": {"ranking_points": 30, "comment_text": "I just don't think you'll ever make a magnetic monopole.", "author": 9, "parent_submission": 15, "parent_comment": null, "visible": true, "flags": [], "submission_time": "2014-03-05T07:55:18.179Z", "upvotes": [], "downvotes": []}}, {"pk": 44, "model": "ed_news.comment", "fields": {"ranking_points": 30, "comment_text": "I just don't think you'll ever make a magnetic monopole.", "author": 8, "parent_submission": 15, "parent_comment": null, "visible": true, "flags": [], "submission_time": "2014-03-05T07:55:18.489Z", "upvotes": [], "downvotes": []}}, {"pk": 45, "model": "ed_news.comment", "fields": {"ranking_points": 30, "comment_text": "I just don't think you'll ever make a magnetic monopole.", "author": 10, "parent_submission": 15, "parent_comment": null, "visible": true, "flags": [], "submission_time": "2014-03-05T07:55:18.854Z", "upvotes": [], "downvotes": []}}]