[{"pk": 1, "model": "contenttypes.contenttype", "fields": {"model": "logentry", "name": "log entry", "app_label": "admin"}}, {"pk": 2, "model": "contenttypes.contenttype", "fields": {"model": "permission", "name": "permission", "app_label": "auth"}}, {"pk": 3, "model": "contenttypes.contenttype", "fields": {"model": "group", "name": "group", "app_label": "auth"}}, {"pk": 4, "model": "contenttypes.contenttype", "fields": {"model": "user", "name": "user", "app_label": "auth"}}, {"pk": 5, "model": "contenttypes.contenttype", "fields": {"model": "contenttype", "name": "content type", "app_label": "contenttypes"}}, {"pk": 6, "model": "contenttypes.contenttype", "fields": {"model": "session", "name": "session", "app_label": "sessions"}}, {"pk": 7, "model": "contenttypes.contenttype", "fields": {"model": "migrationhistory", "name": "migration history", "app_label": "south"}}, {"pk": 8, "model": "contenttypes.contenttype", "fields": {"model": "submission", "name": "submission", "app_label": "ed_news"}}, {"pk": 9, "model": "contenttypes.contenttype", "fields": {"model": "article", "name": "article", "app_label": "ed_news"}}, {"pk": 10, "model": "contenttypes.contenttype", "fields": {"model": "textpost", "name": "text post", "app_label": "ed_news"}}, {"pk": 11, "model": "contenttypes.contenttype", "fields": {"model": "userprofile", "name": "user profile", "app_label": "ed_news"}}, {"pk": 12, "model": "contenttypes.contenttype", "fields": {"model": "comment", "name": "comment", "app_label": "ed_news"}}, {"pk": "zegvfrz4bq52meopmw24qwjzdf9x0mox", "model": "sessions.session", "fields": {"expire_date": "2014-03-24T23:59:23.178Z", "session_data": "MDI5ZjNmMDYxNmU2NDgzN2NlN2MwYTA1Yzc0MzAyYjU4NzQxMjkyOTp7Il9hdXRoX3VzZXJfYmFja2VuZCI6ImRqYW5nby5jb250cmliLmF1dGguYmFja2VuZHMuTW9kZWxCYWNrZW5kIiwiX2F1dGhfdXNlcl9pZCI6OH0="}}, {"pk": 1, "model": "south.migrationhistory", "fields": {"applied": "2014-03-10T23:59:22.181Z", "app_name": "ed_news", "migration": "0001_initial"}}, {"pk": 2, "model": "south.migrationhistory", "fields": {"applied": "2014-03-10T23:59:22.239Z", "app_name": "ed_news", "migration": "0002_auto__add_field_textpost_url"}}, {"pk": 3, "model": "south.migrationhistory", "fields": {"applied": "2014-03-10T23:59:22.304Z", "app_name": "ed_news", "migration": "0003_auto__del_field_article_url__del_field_textpost_url__add_field_submiss"}}, {"pk": 1, "model": "auth.permission", "fields": {"codename": "add_logentry", "name": "Can add log entry", "content_type": 1}}, {"pk": 2, "model": "auth.permission", "fields": {"codename": "change_logentry", "name": "Can change log entry", "content_type": 1}}, {"pk": 3, "model": "auth.permission", "fields": {"codename": "delete_logentry", "name": "Can delete log entry", "content_type": 1}}, {"pk": 4, "model": "auth.permission", "fields": {"codename": "add_permission", "name": "Can add permission", "content_type": 2}}, {"pk": 5, "model": "auth.permission", "fields": {"codename": "change_permission", "name": "Can change permission", "content_type": 2}}, {"pk": 6, "model": "auth.permission", "fields": {"codename": "delete_permission", "name": "Can delete permission", "content_type": 2}}, {"pk": 7, "model": "auth.permission", "fields": {"codename": "add_group", "name": "Can add group", "content_type": 3}}, {"pk": 8, "model": "auth.permission", "fields": {"codename": "change_group", "name": "Can change group", "content_type": 3}}, {"pk": 9, "model": "auth.permission", "fields": {"codename": "delete_group", "name": "Can delete group", "content_type": 3}}, {"pk": 10, "model": "auth.permission", "fields": {"codename": "add_user", "name": "Can add user", "content_type": 4}}, {"pk": 11, "model": "auth.permission", "fields": {"codename": "change_user", "name": "Can change user", "content_type": 4}}, {"pk": 12, "model": "auth.permission", "fields": {"codename": "delete_user", "name": "Can delete user", "content_type": 4}}, {"pk": 13, "model": "auth.permission", "fields": {"codename": "add_contenttype", "name": "Can add content type", "content_type": 5}}, {"pk": 14, "model": "auth.permission", "fields": {"codename": "change_contenttype", "name": "Can change content type", "content_type": 5}}, {"pk": 15, "model": "auth.permission", "fields": {"codename": "delete_contenttype", "name": "Can delete content type", "content_type": 5}}, {"pk": 16, "model": "auth.permission", "fields": {"codename": "add_session", "name": "Can add session", "content_type": 6}}, {"pk": 17, "model": "auth.permission", "fields": {"codename": "change_session", "name": "Can change session", "content_type": 6}}, {"pk": 18, "model": "auth.permission", "fields": {"codename": "delete_session", "name": "Can delete session", "content_type": 6}}, {"pk": 19, "model": "auth.permission", "fields": {"codename": "add_migrationhistory", "name": "Can add migration history", "content_type": 7}}, {"pk": 20, "model": "auth.permission", "fields": {"codename": "change_migrationhistory", "name": "Can change migration history", "content_type": 7}}, {"pk": 21, "model": "auth.permission", "fields": {"codename": "delete_migrationhistory", "name": "Can delete migration history", "content_type": 7}}, {"pk": 22, "model": "auth.permission", "fields": {"codename": "add_submission", "name": "Can add submission", "content_type": 8}}, {"pk": 23, "model": "auth.permission", "fields": {"codename": "change_submission", "name": "Can change submission", "content_type": 8}}, {"pk": 24, "model": "auth.permission", "fields": {"codename": "delete_submission", "name": "Can delete submission", "content_type": 8}}, {"pk": 25, "model": "auth.permission", "fields": {"codename": "add_article", "name": "Can add article", "content_type": 9}}, {"pk": 26, "model": "auth.permission", "fields": {"codename": "change_article", "name": "Can change article", "content_type": 9}}, {"pk": 27, "model": "auth.permission", "fields": {"codename": "delete_article", "name": "Can delete article", "content_type": 9}}, {"pk": 28, "model": "auth.permission", "fields": {"codename": "add_textpost", "name": "Can add text post", "content_type": 10}}, {"pk": 29, "model": "auth.permission", "fields": {"codename": "change_textpost", "name": "Can change text post", "content_type": 10}}, {"pk": 30, "model": "auth.permission", "fields": {"codename": "delete_textpost", "name": "Can delete text post", "content_type": 10}}, {"pk": 31, "model": "auth.permission", "fields": {"codename": "add_userprofile", "name": "Can add user profile", "content_type": 11}}, {"pk": 32, "model": "auth.permission", "fields": {"codename": "change_userprofile", "name": "Can change user profile", "content_type": 11}}, {"pk": 33, "model": "auth.permission", "fields": {"codename": "delete_userprofile", "name": "Can delete user profile", "content_type": 11}}, {"pk": 34, "model": "auth.permission", "fields": {"codename": "add_comment", "name": "Can add comment", "content_type": 12}}, {"pk": 35, "model": "auth.permission", "fields": {"codename": "change_comment", "name": "Can change comment", "content_type": 12}}, {"pk": 36, "model": "auth.permission", "fields": {"codename": "delete_comment", "name": "Can delete comment", "content_type": 12}}, {"pk": 37, "model": "auth.permission", "fields": {"codename": "can_downvote_comment", "name": "Can downvote comments", "content_type": 12}}, {"pk": 38, "model": "auth.permission", "fields": {"codename": "can_flag_comment", "name": "Can flag comments", "content_type": 12}}, {"pk": 39, "model": "auth.permission", "fields": {"codename": "can_flag_submission", "name": "Can flag submissions", "content_type": 8}}, {"pk": 2, "model": "auth.group", "fields": {"name": "Active Members", "permissions": [37, 38, 39]}}, {"pk": 2, "model": "auth.user", "fields": {"username": "user_0", "first_name": "", "last_name": "", "is_active": true, "is_superuser": false, "is_staff": false, "last_login": "2014-03-10T23:59:22.817Z", "groups": [], "user_permissions": [], "password": "pbkdf2_sha256$12000$aCh432Fri5dz$bk1Xhzbxosr4EXBKZ2xokp/8rmCykGsclYJeMjTDkG0=", "email": "", "date_joined": "2014-03-10T23:59:22.468Z"}}, {"pk": 3, "model": "auth.user", "fields": {"username": "user_1", "first_name": "", "last_name": "", "is_active": true, "is_superuser": false, "is_staff": false, "last_login": "2014-03-10T23:59:22.879Z", "groups": [], "user_permissions": [], "password": "pbkdf2_sha256$12000$yVT9WxU7H4l9$pf1Q6DViTdyxDMuLa1RwjFeBoYupRHgBHzG/0nYVAIk=", "email": "", "date_joined": "2014-03-10T23:59:22.514Z"}}, {"pk": 4, "model": "auth.user", "fields": {"username": "user_2", "first_name": "", "last_name": "", "is_active": true, "is_superuser": false, "is_staff": false, "last_login": "2014-03-10T23:59:22.941Z", "groups": [], "user_permissions": [], "password": "pbkdf2_sha256$12000$gk69tdLdJyHx$oK/Szm0EYHRX1iL9mjX62bsLFVVCw4DPbStGADHpx5I=", "email": "", "date_joined": "2014-03-10T23:59:22.557Z"}}, {"pk": 5, "model": "auth.user", "fields": {"username": "user_3", "first_name": "", "last_name": "", "is_active": true, "is_superuser": false, "is_staff": false, "last_login": "2014-03-10T23:59:22.999Z", "groups": [], "user_permissions": [], "password": "pbkdf2_sha256$12000$zdl9PPKUIuF5$peoALMtDYBZ5iOBVkiy8XvIJg+5RjBC3DKiMxp/yd1c=", "email": "", "date_joined": "2014-03-10T23:59:22.600Z"}}, {"pk": 6, "model": "auth.user", "fields": {"username": "user_4", "first_name": "", "last_name": "", "is_active": true, "is_superuser": false, "is_staff": false, "last_login": "2014-03-10T23:59:23.058Z", "groups": [], "user_permissions": [], "password": "pbkdf2_sha256$12000$msyoPCDDhw64$0hFMw8EKBlcyvV//oIMN8/PkJclQTRZk1wCM/tDX+L0=", "email": "", "date_joined": "2014-03-10T23:59:22.647Z"}}, {"pk": 7, "model": "auth.user", "fields": {"username": "user_5", "first_name": "", "last_name": "", "is_active": true, "is_superuser": false, "is_staff": false, "last_login": "2014-03-10T23:59:23.114Z", "groups": [], "user_permissions": [], "password": "pbkdf2_sha256$12000$jpQzH05DlNfg$B7+JKw1gzTiEPfnN0LMjRhgVA3QEGad9LJBU1ud7ctQ=", "email": "", "date_joined": "2014-03-10T23:59:22.687Z"}}, {"pk": 8, "model": "auth.user", "fields": {"username": "user_6", "first_name": "", "last_name": "", "is_active": true, "is_superuser": false, "is_staff": false, "last_login": "2014-03-10T23:59:23.177Z", "groups": [], "user_permissions": [], "password": "pbkdf2_sha256$12000$ZOmJfZRd1XlN$XtniertrgliDoWQbrWb8kiMNYf77UZ7Ai0EEBvddTTE=", "email": "", "date_joined": "2014-03-10T23:59:22.728Z"}}, {"pk": 1, "model": "ed_news.submission", "fields": {"ranking_points": 199, "title": "I googled my username: user_00", "url": "http://google.com/#q=user_00", "visible": true, "flags": [], "submission_time": "2014-03-10T23:59:22.820Z", "submitter": 2, "upvotes": [3, 6]}}, {"pk": 2, "model": "ed_news.submission", "fields": {"ranking_points": 164, "title": "I googled my username: user_01", "url": "http://google.com/#q=user_01", "visible": true, "flags": [], "submission_time": "2014-03-10T23:59:22.825Z", "submitter": 2, "upvotes": [2, 5]}}, {"pk": 3, "model": "ed_news.submission", "fields": {"ranking_points": 134, "title": "I googled my username: user_10", "url": "http://google.com/#q=user_10", "visible": true, "flags": [], "submission_time": "2014-03-10T23:59:22.882Z", "submitter": 3, "upvotes": [8]}}, {"pk": 4, "model": "ed_news.submission", "fields": {"ranking_points": 204, "title": "I googled my username: user_11", "url": "http://google.com/#q=user_11", "visible": true, "flags": [], "submission_time": "2014-03-10T23:59:22.887Z", "submitter": 3, "upvotes": [8]}}, {"pk": 5, "model": "ed_news.submission", "fields": {"ranking_points": 154, "title": "I googled my username: user_20", "url": "http://google.com/#q=user_20", "visible": true, "flags": [], "submission_time": "2014-03-10T23:59:22.946Z", "submitter": 4, "upvotes": [3, 8]}}, {"pk": 6, "model": "ed_news.submission", "fields": {"ranking_points": 284, "title": "I googled my username: user_21", "url": "http://google.com/#q=user_21", "visible": true, "flags": [], "submission_time": "2014-03-10T23:59:22.948Z", "submitter": 4, "upvotes": []}}, {"pk": 7, "model": "ed_news.submission", "fields": {"ranking_points": 144, "title": "I googled my username: user_30", "url": "http://google.com/#q=user_30", "visible": true, "flags": [], "submission_time": "2014-03-10T23:59:23.000Z", "submitter": 5, "upvotes": []}}, {"pk": 8, "model": "ed_news.submission", "fields": {"ranking_points": 194, "title": "I googled my username: user_31", "url": "http://google.com/#q=user_31", "visible": true, "flags": [], "submission_time": "2014-03-10T23:59:23.002Z", "submitter": 5, "upvotes": [6, 7]}}, {"pk": 9, "model": "ed_news.submission", "fields": {"ranking_points": 229, "title": "I googled my username: user_40", "url": "http://google.com/#q=user_40", "visible": true, "flags": [], "submission_time": "2014-03-10T23:59:23.063Z", "submitter": 6, "upvotes": [4, 5, 6, 7]}}, {"pk": 10, "model": "ed_news.submission", "fields": {"ranking_points": 194, "title": "I googled my username: user_41", "url": "http://google.com/#q=user_41", "visible": true, "flags": [], "submission_time": "2014-03-10T23:59:23.065Z", "submitter": 6, "upvotes": [2]}}, {"pk": 11, "model": "ed_news.submission", "fields": {"ranking_points": 309, "title": "I googled my username: user_50", "url": "http://google.com/#q=user_50", "visible": true, "flags": [], "submission_time": "2014-03-10T23:59:23.118Z", "submitter": 7, "upvotes": [5]}}, {"pk": 12, "model": "ed_news.submission", "fields": {"ranking_points": 164, "title": "I googled my username: user_51", "url": "http://google.com/#q=user_51", "visible": true, "flags": [], "submission_time": "2014-03-10T23:59:23.122Z", "submitter": 7, "upvotes": [3]}}, {"pk": 13, "model": "ed_news.submission", "fields": {"ranking_points": 219, "title": "I googled my username: user_60", "url": "http://google.com/#q=user_60", "visible": true, "flags": [], "submission_time": "2014-03-10T23:59:23.181Z", "submitter": 8, "upvotes": [4]}}, {"pk": 14, "model": "ed_news.submission", "fields": {"ranking_points": 184, "title": "I googled my username: user_61", "url": "http://google.com/#q=user_61", "visible": true, "flags": [], "submission_time": "2014-03-10T23:59:23.186Z", "submitter": 8, "upvotes": [4]}}, {"pk": 1, "model": "ed_news.article", "fields": {"upvotes": [3, 6], "flags": []}}, {"pk": 2, "model": "ed_news.article", "fields": {"upvotes": [2, 5], "flags": []}}, {"pk": 3, "model": "ed_news.article", "fields": {"upvotes": [8], "flags": []}}, {"pk": 4, "model": "ed_news.article", "fields": {"upvotes": [8], "flags": []}}, {"pk": 5, "model": "ed_news.article", "fields": {"upvotes": [3, 8], "flags": []}}, {"pk": 6, "model": "ed_news.article", "fields": {"upvotes": [], "flags": []}}, {"pk": 7, "model": "ed_news.article", "fields": {"upvotes": [], "flags": []}}, {"pk": 8, "model": "ed_news.article", "fields": {"upvotes": [6, 7], "flags": []}}, {"pk": 9, "model": "ed_news.article", "fields": {"upvotes": [4, 5, 6, 7], "flags": []}}, {"pk": 10, "model": "ed_news.article", "fields": {"upvotes": [2], "flags": []}}, {"pk": 11, "model": "ed_news.article", "fields": {"upvotes": [5], "flags": []}}, {"pk": 12, "model": "ed_news.article", "fields": {"upvotes": [3], "flags": []}}, {"pk": 13, "model": "ed_news.article", "fields": {"upvotes": [4], "flags": []}}, {"pk": 14, "model": "ed_news.article", "fields": {"upvotes": [4], "flags": []}}, {"pk": 2, "model": "ed_news.userprofile", "fields": {"email_public": false, "user": 2, "show_invisible": false, "karma": 3}}, {"pk": 3, "model": "ed_news.userprofile", "fields": {"email_public": false, "user": 3, "show_invisible": false, "karma": 2}}, {"pk": 4, "model": "ed_news.userprofile", "fields": {"email_public": false, "user": 4, "show_invisible": false, "karma": 2}}, {"pk": 5, "model": "ed_news.userprofile", "fields": {"email_public": false, "user": 5, "show_invisible": false, "karma": 2}}, {"pk": 6, "model": "ed_news.userprofile", "fields": {"email_public": false, "user": 6, "show_invisible": false, "karma": 4}}, {"pk": 7, "model": "ed_news.userprofile", "fields": {"email_public": false, "user": 7, "show_invisible": false, "karma": 2}}, {"pk": 8, "model": "ed_news.userprofile", "fields": {"email_public": false, "user": 8, "show_invisible": false, "karma": 2}}, {"pk": 1, "model": "ed_news.comment", "fields": {"ranking_points": 29, "comment_text": "I just don't think you'll ever make a magnetic monopole.", "author": 5, "parent_submission": 1, "parent_comment": null, "visible": true, "flags": [], "submission_time": "2014-03-10T23:59:23.192Z", "upvotes": [], "downvotes": []}}, {"pk": 2, "model": "ed_news.comment", "fields": {"ranking_points": 29, "comment_text": "I just don't think you'll ever make a magnetic monopole.", "author": 6, "parent_submission": 1, "parent_comment": null, "visible": true, "flags": [], "submission_time": "2014-03-10T23:59:23.195Z", "upvotes": [], "downvotes": []}}, {"pk": 3, "model": "ed_news.comment", "fields": {"ranking_points": 29, "comment_text": "I just don't think you'll ever make a magnetic monopole.", "author": 4, "parent_submission": 1, "parent_comment": null, "visible": true, "flags": [], "submission_time": "2014-03-10T23:59:23.198Z", "upvotes": [], "downvotes": []}}, {"pk": 4, "model": "ed_news.comment", "fields": {"ranking_points": 29, "comment_text": "I just don't think you'll ever make a magnetic monopole.", "author": 6, "parent_submission": 1, "parent_comment": null, "visible": true, "flags": [], "submission_time": "2014-03-10T23:59:23.201Z", "upvotes": [], "downvotes": []}}, {"pk": 5, "model": "ed_news.comment", "fields": {"ranking_points": 29, "comment_text": "I just don't think you'll ever make a magnetic monopole.", "author": 5, "parent_submission": 1, "parent_comment": null, "visible": true, "flags": [], "submission_time": "2014-03-10T23:59:23.203Z", "upvotes": [], "downvotes": []}}, {"pk": 6, "model": "ed_news.comment", "fields": {"ranking_points": 29, "comment_text": "I just don't think you'll ever make a magnetic monopole.", "author": 6, "parent_submission": 1, "parent_comment": null, "visible": true, "flags": [], "submission_time": "2014-03-10T23:59:23.206Z", "upvotes": [], "downvotes": []}}, {"pk": 7, "model": "ed_news.comment", "fields": {"ranking_points": 29, "comment_text": "I just don't think you'll ever make a magnetic monopole.", "author": 2, "parent_submission": 1, "parent_comment": null, "visible": true, "flags": [], "submission_time": "2014-03-10T23:59:23.209Z", "upvotes": [], "downvotes": []}}, {"pk": 8, "model": "ed_news.comment", "fields": {"ranking_points": 29, "comment_text": "I just don't think you'll ever make a magnetic monopole.", "author": 2, "parent_submission": 1, "parent_comment": null, "visible": true, "flags": [], "submission_time": "2014-03-10T23:59:23.211Z", "upvotes": [], "downvotes": []}}, {"pk": 9, "model": "ed_news.comment", "fields": {"ranking_points": 29, "comment_text": "I just don't think you'll ever make a magnetic monopole.", "author": 6, "parent_submission": 1, "parent_comment": null, "visible": true, "flags": [], "submission_time": "2014-03-10T23:59:23.214Z", "upvotes": [], "downvotes": []}}, {"pk": 10, "model": "ed_news.comment", "fields": {"ranking_points": 29, "comment_text": "I just don't think you'll ever make a magnetic monopole.", "author": 3, "parent_submission": 1, "parent_comment": null, "visible": true, "flags": [], "submission_time": "2014-03-10T23:59:23.216Z", "upvotes": [], "downvotes": []}}, {"pk": 11, "model": "ed_news.comment", "fields": {"ranking_points": 29, "comment_text": "I just don't think you'll ever make a magnetic monopole.", "author": 6, "parent_submission": 1, "parent_comment": null, "visible": true, "flags": [], "submission_time": "2014-03-10T23:59:23.218Z", "upvotes": [], "downvotes": []}}, {"pk": 12, "model": "ed_news.comment", "fields": {"ranking_points": 29, "comment_text": "I just don't think you'll ever make a magnetic monopole.", "author": 3, "parent_submission": 1, "parent_comment": null, "visible": true, "flags": [], "submission_time": "2014-03-10T23:59:23.220Z", "upvotes": [], "downvotes": []}}, {"pk": 13, "model": "ed_news.comment", "fields": {"ranking_points": 29, "comment_text": "I just don't think you'll ever make a magnetic monopole.", "author": 6, "parent_submission": 1, "parent_comment": null, "visible": true, "flags": [], "submission_time": "2014-03-10T23:59:23.222Z", "upvotes": [], "downvotes": []}}, {"pk": 14, "model": "ed_news.comment", "fields": {"ranking_points": 29, "comment_text": "I just don't think you'll ever make a magnetic monopole.", "author": 4, "parent_submission": 1, "parent_comment": null, "visible": true, "flags": [], "submission_time": "2014-03-10T23:59:23.225Z", "upvotes": [], "downvotes": []}}, {"pk": 15, "model": "ed_news.comment", "fields": {"ranking_points": 29, "comment_text": "I just don't think you'll ever make a magnetic monopole.", "author": 4, "parent_submission": 1, "parent_comment": null, "visible": true, "flags": [], "submission_time": "2014-03-10T23:59:23.227Z", "upvotes": [], "downvotes": []}}, {"pk": 16, "model": "ed_news.comment", "fields": {"ranking_points": 29, "comment_text": "I just don't think you'll ever make a magnetic monopole.", "author": 6, "parent_submission": 2, "parent_comment": null, "visible": true, "flags": [], "submission_time": "2014-03-10T23:59:23.229Z", "upvotes": [], "downvotes": []}}, {"pk": 17, "model": "ed_news.comment", "fields": {"ranking_points": 29, "comment_text": "I just don't think you'll ever make a magnetic monopole.", "author": 8, "parent_submission": 2, "parent_comment": null, "visible": true, "flags": [], "submission_time": "2014-03-10T23:59:23.230Z", "upvotes": [], "downvotes": []}}, {"pk": 18, "model": "ed_news.comment", "fields": {"ranking_points": 29, "comment_text": "I just don't think you'll ever make a magnetic monopole.", "author": 6, "parent_submission": 2, "parent_comment": null, "visible": true, "flags": [], "submission_time": "2014-03-10T23:59:23.232Z", "upvotes": [], "downvotes": []}}, {"pk": 19, "model": "ed_news.comment", "fields": {"ranking_points": 29, "comment_text": "I just don't think you'll ever make a magnetic monopole.", "author": 2, "parent_submission": 2, "parent_comment": null, "visible": true, "flags": [], "submission_time": "2014-03-10T23:59:23.233Z", "upvotes": [], "downvotes": []}}, {"pk": 20, "model": "ed_news.comment", "fields": {"ranking_points": 29, "comment_text": "I just don't think you'll ever make a magnetic monopole.", "author": 2, "parent_submission": 2, "parent_comment": null, "visible": true, "flags": [], "submission_time": "2014-03-10T23:59:23.235Z", "upvotes": [], "downvotes": []}}, {"pk": 21, "model": "ed_news.comment", "fields": {"ranking_points": 29, "comment_text": "I just don't think you'll ever make a magnetic monopole.", "author": 5, "parent_submission": 2, "parent_comment": null, "visible": true, "flags": [], "submission_time": "2014-03-10T23:59:23.236Z", "upvotes": [], "downvotes": []}}, {"pk": 22, "model": "ed_news.comment", "fields": {"ranking_points": 29, "comment_text": "I just don't think you'll ever make a magnetic monopole.", "author": 8, "parent_submission": 2, "parent_comment": null, "visible": true, "flags": [], "submission_time": "2014-03-10T23:59:23.238Z", "upvotes": [], "downvotes": []}}, {"pk": 23, "model": "ed_news.comment", "fields": {"ranking_points": 29, "comment_text": "I just don't think you'll ever make a magnetic monopole.", "author": 7, "parent_submission": 2, "parent_comment": null, "visible": true, "flags": [], "submission_time": "2014-03-10T23:59:23.240Z", "upvotes": [], "downvotes": []}}, {"pk": 24, "model": "ed_news.comment", "fields": {"ranking_points": 29, "comment_text": "I just don't think you'll ever make a magnetic monopole.", "author": 5, "parent_submission": 2, "parent_comment": null, "visible": true, "flags": [], "submission_time": "2014-03-10T23:59:23.243Z", "upvotes": [], "downvotes": []}}, {"pk": 25, "model": "ed_news.comment", "fields": {"ranking_points": 29, "comment_text": "I just don't think you'll ever make a magnetic monopole.", "author": 5, "parent_submission": 2, "parent_comment": null, "visible": true, "flags": [], "submission_time": "2014-03-10T23:59:23.245Z", "upvotes": [], "downvotes": []}}, {"pk": 26, "model": "ed_news.comment", "fields": {"ranking_points": 29, "comment_text": "I just don't think you'll ever make a magnetic monopole.", "author": 5, "parent_submission": 2, "parent_comment": null, "visible": true, "flags": [], "submission_time": "2014-03-10T23:59:23.247Z", "upvotes": [], "downvotes": []}}, {"pk": 27, "model": "ed_news.comment", "fields": {"ranking_points": 29, "comment_text": "I just don't think you'll ever make a magnetic monopole.", "author": 2, "parent_submission": 2, "parent_comment": null, "visible": true, "flags": [], "submission_time": "2014-03-10T23:59:23.249Z", "upvotes": [], "downvotes": []}}, {"pk": 28, "model": "ed_news.comment", "fields": {"ranking_points": 29, "comment_text": "I just don't think you'll ever make a magnetic monopole.", "author": 2, "parent_submission": 2, "parent_comment": null, "visible": true, "flags": [], "submission_time": "2014-03-10T23:59:23.251Z", "upvotes": [], "downvotes": []}}, {"pk": 29, "model": "ed_news.comment", "fields": {"ranking_points": 29, "comment_text": "I just don't think you'll ever make a magnetic monopole.", "author": 5, "parent_submission": 2, "parent_comment": null, "visible": true, "flags": [], "submission_time": "2014-03-10T23:59:23.254Z", "upvotes": [], "downvotes": []}}, {"pk": 30, "model": "ed_news.comment", "fields": {"ranking_points": 29, "comment_text": "I just don't think you'll ever make a magnetic monopole.", "author": 4, "parent_submission": 2, "parent_comment": null, "visible": true, "flags": [], "submission_time": "2014-03-10T23:59:23.256Z", "upvotes": [], "downvotes": []}}, {"pk": 31, "model": "ed_news.comment", "fields": {"ranking_points": 29, "comment_text": "I just don't think you'll ever make a magnetic monopole.", "author": 8, "parent_submission": 3, "parent_comment": null, "visible": true, "flags": [], "submission_time": "2014-03-10T23:59:23.257Z", "upvotes": [], "downvotes": []}}, {"pk": 32, "model": "ed_news.comment", "fields": {"ranking_points": 29, "comment_text": "I just don't think you'll ever make a magnetic monopole.", "author": 7, "parent_submission": 3, "parent_comment": null, "visible": true, "flags": [], "submission_time": "2014-03-10T23:59:23.259Z", "upvotes": [], "downvotes": []}}, {"pk": 33, "model": "ed_news.comment", "fields": {"ranking_points": 29, "comment_text": "I just don't think you'll ever make a magnetic monopole.", "author": 8, "parent_submission": 3, "parent_comment": null, "visible": true, "flags": [], "submission_time": "2014-03-10T23:59:23.261Z", "upvotes": [], "downvotes": []}}, {"pk": 34, "model": "ed_news.comment", "fields": {"ranking_points": 29, "comment_text": "I just don't think you'll ever make a magnetic monopole.", "author": 4, "parent_submission": 3, "parent_comment": null, "visible": true, "flags": [], "submission_time": "2014-03-10T23:59:23.263Z", "upvotes": [], "downvotes": []}}, {"pk": 35, "model": "ed_news.comment", "fields": {"ranking_points": 29, "comment_text": "I just don't think you'll ever make a magnetic monopole.", "author": 2, "parent_submission": 3, "parent_comment": null, "visible": true, "flags": [], "submission_time": "2014-03-10T23:59:23.265Z", "upvotes": [], "downvotes": []}}, {"pk": 36, "model": "ed_news.comment", "fields": {"ranking_points": 29, "comment_text": "I just don't think you'll ever make a magnetic monopole.", "author": 4, "parent_submission": 3, "parent_comment": null, "visible": true, "flags": [], "submission_time": "2014-03-10T23:59:23.266Z", "upvotes": [], "downvotes": []}}, {"pk": 37, "model": "ed_news.comment", "fields": {"ranking_points": 29, "comment_text": "I just don't think you'll ever make a magnetic monopole.", "author": 3, "parent_submission": 3, "parent_comment": null, "visible": true, "flags": [], "submission_time": "2014-03-10T23:59:23.268Z", "upvotes": [], "downvotes": []}}, {"pk": 38, "model": "ed_news.comment", "fields": {"ranking_points": 29, "comment_text": "I just don't think you'll ever make a magnetic monopole.", "author": 3, "parent_submission": 3, "parent_comment": null, "visible": true, "flags": [], "submission_time": "2014-03-10T23:59:23.270Z", "upvotes": [], "downvotes": []}}, {"pk": 39, "model": "ed_news.comment", "fields": {"ranking_points": 29, "comment_text": "I just don't think you'll ever make a magnetic monopole.", "author": 3, "parent_submission": 3, "parent_comment": null, "visible": true, "flags": [], "submission_time": "2014-03-10T23:59:23.272Z", "upvotes": [], "downvotes": []}}, {"pk": 40, "model": "ed_news.comment", "fields": {"ranking_points": 29, "comment_text": "I just don't think you'll ever make a magnetic monopole.", "author": 5, "parent_submission": 3, "parent_comment": null, "visible": true, "flags": [], "submission_time": "2014-03-10T23:59:23.274Z", "upvotes": [], "downvotes": []}}, {"pk": 41, "model": "ed_news.comment", "fields": {"ranking_points": 29, "comment_text": "I just don't think you'll ever make a magnetic monopole.", "author": 5, "parent_submission": 3, "parent_comment": null, "visible": true, "flags": [], "submission_time": "2014-03-10T23:59:23.277Z", "upvotes": [], "downvotes": []}}, {"pk": 42, "model": "ed_news.comment", "fields": {"ranking_points": 29, "comment_text": "I just don't think you'll ever make a magnetic monopole.", "author": 8, "parent_submission": 3, "parent_comment": null, "visible": true, "flags": [], "submission_time": "2014-03-10T23:59:23.279Z", "upvotes": [], "downvotes": []}}, {"pk": 43, "model": "ed_news.comment", "fields": {"ranking_points": 29, "comment_text": "I just don't think you'll ever make a magnetic monopole.", "author": 7, "parent_submission": 3, "parent_comment": null, "visible": true, "flags": [], "submission_time": "2014-03-10T23:59:23.280Z", "upvotes": [], "downvotes": []}}, {"pk": 44, "model": "ed_news.comment", "fields": {"ranking_points": 29, "comment_text": "I just don't think you'll ever make a magnetic monopole.", "author": 3, "parent_submission": 3, "parent_comment": null, "visible": true, "flags": [], "submission_time": "2014-03-10T23:59:23.283Z", "upvotes": [], "downvotes": []}}, {"pk": 45, "model": "ed_news.comment", "fields": {"ranking_points": 29, "comment_text": "I just don't think you'll ever make a magnetic monopole.", "author": 5, "parent_submission": 3, "parent_comment": null, "visible": true, "flags": [], "submission_time": "2014-03-10T23:59:23.285Z", "upvotes": [], "downvotes": []}}, {"pk": 46, "model": "ed_news.comment", "fields": {"ranking_points": 0, "comment_text": "I just don't think you'll ever make a magnetic monopole.", "author": 2, "parent_submission": 4, "parent_comment": null, "visible": true, "flags": [], "submission_time": "2014-03-10T23:59:23.287Z", "upvotes": [], "downvotes": []}}, {"pk": 47, "model": "ed_news.comment", "fields": {"ranking_points": 0, "comment_text": "I just don't think you'll ever make a magnetic monopole.", "author": 4, "parent_submission": 4, "parent_comment": null, "visible": true, "flags": [], "submission_time": "2014-03-10T23:59:23.289Z", "upvotes": [], "downvotes": []}}, {"pk": 48, "model": "ed_news.comment", "fields": {"ranking_points": 0, "comment_text": "I just don't think you'll ever make a magnetic monopole.", "author": 5, "parent_submission": 4, "parent_comment": null, "visible": true, "flags": [], "submission_time": "2014-03-10T23:59:23.292Z", "upvotes": [], "downvotes": []}}, {"pk": 49, "model": "ed_news.comment", "fields": {"ranking_points": 0, "comment_text": "I just don't think you'll ever make a magnetic monopole.", "author": 3, "parent_submission": 4, "parent_comment": null, "visible": true, "flags": [], "submission_time": "2014-03-10T23:59:23.294Z", "upvotes": [], "downvotes": []}}, {"pk": 50, "model": "ed_news.comment", "fields": {"ranking_points": 0, "comment_text": "I just don't think you'll ever make a magnetic monopole.", "author": 2, "parent_submission": 4, "parent_comment": null, "visible": true, "flags": [], "submission_time": "2014-03-10T23:59:23.297Z", "upvotes": [], "downvotes": []}}, {"pk": 51, "model": "ed_news.comment", "fields": {"ranking_points": 0, "comment_text": "I just don't think you'll ever make a magnetic monopole.", "author": 4, "parent_submission": 4, "parent_comment": null, "visible": true, "flags": [], "submission_time": "2014-03-10T23:59:23.298Z", "upvotes": [], "downvotes": []}}, {"pk": 52, "model": "ed_news.comment", "fields": {"ranking_points": 0, "comment_text": "I just don't think you'll ever make a magnetic monopole.", "author": 3, "parent_submission": 4, "parent_comment": null, "visible": true, "flags": [], "submission_time": "2014-03-10T23:59:23.301Z", "upvotes": [], "downvotes": []}}, {"pk": 53, "model": "ed_news.comment", "fields": {"ranking_points": 0, "comment_text": "I just don't think you'll ever make a magnetic monopole.", "author": 2, "parent_submission": 4, "parent_comment": null, "visible": true, "flags": [], "submission_time": "2014-03-10T23:59:23.303Z", "upvotes": [], "downvotes": []}}, {"pk": 54, "model": "ed_news.comment", "fields": {"ranking_points": 0, "comment_text": "I just don't think you'll ever make a magnetic monopole.", "author": 4, "parent_submission": 4, "parent_comment": null, "visible": true, "flags": [], "submission_time": "2014-03-10T23:59:23.306Z", "upvotes": [], "downvotes": []}}, {"pk": 55, "model": "ed_news.comment", "fields": {"ranking_points": 0, "comment_text": "I just don't think you'll ever make a magnetic monopole.", "author": 4, "parent_submission": 4, "parent_comment": null, "visible": true, "flags": [], "submission_time": "2014-03-10T23:59:23.308Z", "upvotes": [], "downvotes": []}}, {"pk": 56, "model": "ed_news.comment", "fields": {"ranking_points": 0, "comment_text": "I just don't think you'll ever make a magnetic monopole.", "author": 3, "parent_submission": 4, "parent_comment": null, "visible": true, "flags": [], "submission_time": "2014-03-10T23:59:23.310Z", "upvotes": [], "downvotes": []}}, {"pk": 57, "model": "ed_news.comment", "fields": {"ranking_points": 0, "comment_text": "I just don't think you'll ever make a magnetic monopole.", "author": 5, "parent_submission": 4, "parent_comment": null, "visible": true, "flags": [], "submission_time": "2014-03-10T23:59:23.312Z", "upvotes": [], "downvotes": []}}, {"pk": 58, "model": "ed_news.comment", "fields": {"ranking_points": 0, "comment_text": "I just don't think you'll ever make a magnetic monopole.", "author": 6, "parent_submission": 4, "parent_comment": null, "visible": true, "flags": [], "submission_time": "2014-03-10T23:59:23.315Z", "upvotes": [], "downvotes": []}}, {"pk": 59, "model": "ed_news.comment", "fields": {"ranking_points": 0, "comment_text": "I just don't think you'll ever make a magnetic monopole.", "author": 3, "parent_submission": 4, "parent_comment": null, "visible": true, "flags": [], "submission_time": "2014-03-10T23:59:23.317Z", "upvotes": [], "downvotes": []}}, {"pk": 60, "model": "ed_news.comment", "fields": {"ranking_points": 0, "comment_text": "I just don't think you'll ever make a magnetic monopole.", "author": 6, "parent_submission": 4, "parent_comment": null, "visible": true, "flags": [], "submission_time": "2014-03-10T23:59:23.319Z", "upvotes": [], "downvotes": []}}, {"pk": 61, "model": "ed_news.comment", "fields": {"ranking_points": 0, "comment_text": "I just don't think you'll ever make a magnetic monopole.", "author": 2, "parent_submission": 5, "parent_comment": null, "visible": true, "flags": [], "submission_time": "2014-03-10T23:59:23.322Z", "upvotes": [], "downvotes": []}}, {"pk": 62, "model": "ed_news.comment", "fields": {"ranking_points": 0, "comment_text": "I just don't think you'll ever make a magnetic monopole.", "author": 7, "parent_submission": 5, "parent_comment": null, "visible": true, "flags": [], "submission_time": "2014-03-10T23:59:23.324Z", "upvotes": [], "downvotes": []}}, {"pk": 63, "model": "ed_news.comment", "fields": {"ranking_points": 0, "comment_text": "I just don't think you'll ever make a magnetic monopole.", "author": 6, "parent_submission": 5, "parent_comment": null, "visible": true, "flags": [], "submission_time": "2014-03-10T23:59:23.327Z", "upvotes": [], "downvotes": []}}, {"pk": 64, "model": "ed_news.comment", "fields": {"ranking_points": 0, "comment_text": "I just don't think you'll ever make a magnetic monopole.", "author": 5, "parent_submission": 5, "parent_comment": null, "visible": true, "flags": [], "submission_time": "2014-03-10T23:59:23.329Z", "upvotes": [], "downvotes": []}}, {"pk": 65, "model": "ed_news.comment", "fields": {"ranking_points": 0, "comment_text": "I just don't think you'll ever make a magnetic monopole.", "author": 7, "parent_submission": 5, "parent_comment": null, "visible": true, "flags": [], "submission_time": "2014-03-10T23:59:23.331Z", "upvotes": [], "downvotes": []}}, {"pk": 66, "model": "ed_news.comment", "fields": {"ranking_points": 0, "comment_text": "I just don't think you'll ever make a magnetic monopole.", "author": 5, "parent_submission": 5, "parent_comment": null, "visible": true, "flags": [], "submission_time": "2014-03-10T23:59:23.334Z", "upvotes": [], "downvotes": []}}, {"pk": 67, "model": "ed_news.comment", "fields": {"ranking_points": 0, "comment_text": "I just don't think you'll ever make a magnetic monopole.", "author": 5, "parent_submission": 5, "parent_comment": null, "visible": true, "flags": [], "submission_time": "2014-03-10T23:59:23.337Z", "upvotes": [], "downvotes": []}}, {"pk": 68, "model": "ed_news.comment", "fields": {"ranking_points": 0, "comment_text": "I just don't think you'll ever make a magnetic monopole.", "author": 5, "parent_submission": 5, "parent_comment": null, "visible": true, "flags": [], "submission_time": "2014-03-10T23:59:23.339Z", "upvotes": [], "downvotes": []}}, {"pk": 69, "model": "ed_news.comment", "fields": {"ranking_points": 0, "comment_text": "I just don't think you'll ever make a magnetic monopole.", "author": 4, "parent_submission": 5, "parent_comment": null, "visible": true, "flags": [], "submission_time": "2014-03-10T23:59:23.341Z", "upvotes": [], "downvotes": []}}, {"pk": 70, "model": "ed_news.comment", "fields": {"ranking_points": 0, "comment_text": "I just don't think you'll ever make a magnetic monopole.", "author": 6, "parent_submission": 5, "parent_comment": null, "visible": true, "flags": [], "submission_time": "2014-03-10T23:59:23.342Z", "upvotes": [], "downvotes": []}}, {"pk": 71, "model": "ed_news.comment", "fields": {"ranking_points": 0, "comment_text": "I just don't think you'll ever make a magnetic monopole.", "author": 3, "parent_submission": 5, "parent_comment": null, "visible": true, "flags": [], "submission_time": "2014-03-10T23:59:23.345Z", "upvotes": [], "downvotes": []}}, {"pk": 72, "model": "ed_news.comment", "fields": {"ranking_points": 0, "comment_text": "I just don't think you'll ever make a magnetic monopole.", "author": 6, "parent_submission": 5, "parent_comment": null, "visible": true, "flags": [], "submission_time": "2014-03-10T23:59:23.348Z", "upvotes": [], "downvotes": []}}, {"pk": 73, "model": "ed_news.comment", "fields": {"ranking_points": 0, "comment_text": "I just don't think you'll ever make a magnetic monopole.", "author": 3, "parent_submission": 5, "parent_comment": null, "visible": true, "flags": [], "submission_time": "2014-03-10T23:59:23.350Z", "upvotes": [], "downvotes": []}}, {"pk": 74, "model": "ed_news.comment", "fields": {"ranking_points": 0, "comment_text": "I just don't think you'll ever make a magnetic monopole.", "author": 6, "parent_submission": 5, "parent_comment": null, "visible": true, "flags": [], "submission_time": "2014-03-10T23:59:23.352Z", "upvotes": [], "downvotes": []}}, {"pk": 75, "model": "ed_news.comment", "fields": {"ranking_points": 0, "comment_text": "I just don't think you'll ever make a magnetic monopole.", "author": 6, "parent_submission": 5, "parent_comment": null, "visible": true, "flags": [], "submission_time": "2014-03-10T23:59:23.355Z", "upvotes": [], "downvotes": []}}, {"pk": 76, "model": "ed_news.comment", "fields": {"ranking_points": 0, "comment_text": "I just don't think you'll ever make a magnetic monopole.", "author": 5, "parent_submission": 6, "parent_comment": null, "visible": true, "flags": [], "submission_time": "2014-03-10T23:59:23.357Z", "upvotes": [], "downvotes": []}}, {"pk": 77, "model": "ed_news.comment", "fields": {"ranking_points": 0, "comment_text": "I just don't think you'll ever make a magnetic monopole.", "author": 2, "parent_submission": 6, "parent_comment": null, "visible": true, "flags": [], "submission_time": "2014-03-10T23:59:23.360Z", "upvotes": [], "downvotes": []}}, {"pk": 78, "model": "ed_news.comment", "fields": {"ranking_points": 0, "comment_text": "I just don't think you'll ever make a magnetic monopole.", "author": 7, "parent_submission": 6, "parent_comment": null, "visible": true, "flags": [], "submission_time": "2014-03-10T23:59:23.362Z", "upvotes": [], "downvotes": []}}, {"pk": 79, "model": "ed_news.comment", "fields": {"ranking_points": 0, "comment_text": "I just don't think you'll ever make a magnetic monopole.", "author": 4, "parent_submission": 6, "parent_comment": null, "visible": true, "flags": [], "submission_time": "2014-03-10T23:59:23.364Z", "upvotes": [], "downvotes": []}}, {"pk": 80, "model": "ed_news.comment", "fields": {"ranking_points": 0, "comment_text": "I just don't think you'll ever make a magnetic monopole.", "author": 2, "parent_submission": 6, "parent_comment": null, "visible": true, "flags": [], "submission_time": "2014-03-10T23:59:23.367Z", "upvotes": [], "downvotes": []}}, {"pk": 81, "model": "ed_news.comment", "fields": {"ranking_points": 0, "comment_text": "I just don't think you'll ever make a magnetic monopole.", "author": 2, "parent_submission": 6, "parent_comment": null, "visible": true, "flags": [], "submission_time": "2014-03-10T23:59:23.370Z", "upvotes": [], "downvotes": []}}, {"pk": 82, "model": "ed_news.comment", "fields": {"ranking_points": 0, "comment_text": "I just don't think you'll ever make a magnetic monopole.", "author": 7, "parent_submission": 6, "parent_comment": null, "visible": true, "flags": [], "submission_time": "2014-03-10T23:59:23.372Z", "upvotes": [], "downvotes": []}}, {"pk": 83, "model": "ed_news.comment", "fields": {"ranking_points": 0, "comment_text": "I just don't think you'll ever make a magnetic monopole.", "author": 7, "parent_submission": 6, "parent_comment": null, "visible": true, "flags": [], "submission_time": "2014-03-10T23:59:23.373Z", "upvotes": [], "downvotes": []}}, {"pk": 84, "model": "ed_news.comment", "fields": {"ranking_points": 0, "comment_text": "I just don't think you'll ever make a magnetic monopole.", "author": 3, "parent_submission": 6, "parent_comment": null, "visible": true, "flags": [], "submission_time": "2014-03-10T23:59:23.376Z", "upvotes": [], "downvotes": []}}, {"pk": 85, "model": "ed_news.comment", "fields": {"ranking_points": 0, "comment_text": "I just don't think you'll ever make a magnetic monopole.", "author": 8, "parent_submission": 6, "parent_comment": null, "visible": true, "flags": [], "submission_time": "2014-03-10T23:59:23.378Z", "upvotes": [], "downvotes": []}}, {"pk": 86, "model": "ed_news.comment", "fields": {"ranking_points": 0, "comment_text": "I just don't think you'll ever make a magnetic monopole.", "author": 3, "parent_submission": 6, "parent_comment": null, "visible": true, "flags": [], "submission_time": "2014-03-10T23:59:23.381Z", "upvotes": [], "downvotes": []}}, {"pk": 87, "model": "ed_news.comment", "fields": {"ranking_points": 0, "comment_text": "I just don't think you'll ever make a magnetic monopole.", "author": 4, "parent_submission": 6, "parent_comment": null, "visible": true, "flags": [], "submission_time": "2014-03-10T23:59:23.382Z", "upvotes": [], "downvotes": []}}, {"pk": 88, "model": "ed_news.comment", "fields": {"ranking_points": 0, "comment_text": "I just don't think you'll ever make a magnetic monopole.", "author": 5, "parent_submission": 6, "parent_comment": null, "visible": true, "flags": [], "submission_time": "2014-03-10T23:59:23.384Z", "upvotes": [], "downvotes": []}}, {"pk": 89, "model": "ed_news.comment", "fields": {"ranking_points": 0, "comment_text": "I just don't think you'll ever make a magnetic monopole.", "author": 4, "parent_submission": 6, "parent_comment": null, "visible": true, "flags": [], "submission_time": "2014-03-10T23:59:23.387Z", "upvotes": [], "downvotes": []}}, {"pk": 90, "model": "ed_news.comment", "fields": {"ranking_points": 0, "comment_text": "I just don't think you'll ever make a magnetic monopole.", "author": 2, "parent_submission": 6, "parent_comment": null, "visible": true, "flags": [], "submission_time": "2014-03-10T23:59:23.389Z", "upvotes": [], "downvotes": []}}, {"pk": 91, "model": "ed_news.comment", "fields": {"ranking_points": 0, "comment_text": "I just don't think you'll ever make a magnetic monopole.", "author": 6, "parent_submission": 7, "parent_comment": null, "visible": true, "flags": [], "submission_time": "2014-03-10T23:59:23.392Z", "upvotes": [], "downvotes": []}}, {"pk": 92, "model": "ed_news.comment", "fields": {"ranking_points": 0, "comment_text": "I just don't think you'll ever make a magnetic monopole.", "author": 8, "parent_submission": 7, "parent_comment": null, "visible": true, "flags": [], "submission_time": "2014-03-10T23:59:23.394Z", "upvotes": [], "downvotes": []}}, {"pk": 93, "model": "ed_news.comment", "fields": {"ranking_points": 0, "comment_text": "I just don't think you'll ever make a magnetic monopole.", "author": 3, "parent_submission": 7, "parent_comment": null, "visible": true, "flags": [], "submission_time": "2014-03-10T23:59:23.396Z", "upvotes": [], "downvotes": []}}, {"pk": 94, "model": "ed_news.comment", "fields": {"ranking_points": 0, "comment_text": "I just don't think you'll ever make a magnetic monopole.", "author": 5, "parent_submission": 7, "parent_comment": null, "visible": true, "flags": [], "submission_time": "2014-03-10T23:59:23.399Z", "upvotes": [], "downvotes": []}}, {"pk": 95, "model": "ed_news.comment", "fields": {"ranking_points": 0, "comment_text": "I just don't think you'll ever make a magnetic monopole.", "author": 4, "parent_submission": 7, "parent_comment": null, "visible": true, "flags": [], "submission_time": "2014-03-10T23:59:23.401Z", "upvotes": [], "downvotes": []}}, {"pk": 96, "model": "ed_news.comment", "fields": {"ranking_points": 0, "comment_text": "I just don't think you'll ever make a magnetic monopole.", "author": 8, "parent_submission": 7, "parent_comment": null, "visible": true, "flags": [], "submission_time": "2014-03-10T23:59:23.403Z", "upvotes": [], "downvotes": []}}, {"pk": 97, "model": "ed_news.comment", "fields": {"ranking_points": 0, "comment_text": "I just don't think you'll ever make a magnetic monopole.", "author": 5, "parent_submission": 7, "parent_comment": null, "visible": true, "flags": [], "submission_time": "2014-03-10T23:59:23.405Z", "upvotes": [], "downvotes": []}}, {"pk": 98, "model": "ed_news.comment", "fields": {"ranking_points": 0, "comment_text": "I just don't think you'll ever make a magnetic monopole.", "author": 7, "parent_submission": 7, "parent_comment": null, "visible": true, "flags": [], "submission_time": "2014-03-10T23:59:23.407Z", "upvotes": [], "downvotes": []}}, {"pk": 99, "model": "ed_news.comment", "fields": {"ranking_points": 0, "comment_text": "I just don't think you'll ever make a magnetic monopole.", "author": 8, "parent_submission": 7, "parent_comment": null, "visible": true, "flags": [], "submission_time": "2014-03-10T23:59:23.410Z", "upvotes": [], "downvotes": []}}, {"pk": 100, "model": "ed_news.comment", "fields": {"ranking_points": 0, "comment_text": "I just don't think you'll ever make a magnetic monopole.", "author": 8, "parent_submission": 7, "parent_comment": null, "visible": true, "flags": [], "submission_time": "2014-03-10T23:59:23.412Z", "upvotes": [], "downvotes": []}}, {"pk": 101, "model": "ed_news.comment", "fields": {"ranking_points": 0, "comment_text": "I just don't think you'll ever make a magnetic monopole.", "author": 5, "parent_submission": 7, "parent_comment": null, "visible": true, "flags": [], "submission_time": "2014-03-10T23:59:23.414Z", "upvotes": [], "downvotes": []}}, {"pk": 102, "model": "ed_news.comment", "fields": {"ranking_points": 0, "comment_text": "I just don't think you'll ever make a magnetic monopole.", "author": 2, "parent_submission": 7, "parent_comment": null, "visible": true, "flags": [], "submission_time": "2014-03-10T23:59:23.417Z", "upvotes": [], "downvotes": []}}, {"pk": 103, "model": "ed_news.comment", "fields": {"ranking_points": 0, "comment_text": "I just don't think you'll ever make a magnetic monopole.", "author": 6, "parent_submission": 7, "parent_comment": null, "visible": true, "flags": [], "submission_time": "2014-03-10T23:59:23.419Z", "upvotes": [], "downvotes": []}}, {"pk": 104, "model": "ed_news.comment", "fields": {"ranking_points": 0, "comment_text": "I just don't think you'll ever make a magnetic monopole.", "author": 3, "parent_submission": 7, "parent_comment": null, "visible": true, "flags": [], "submission_time": "2014-03-10T23:59:23.421Z", "upvotes": [], "downvotes": []}}, {"pk": 105, "model": "ed_news.comment", "fields": {"ranking_points": 0, "comment_text": "I just don't think you'll ever make a magnetic monopole.", "author": 7, "parent_submission": 7, "parent_comment": null, "visible": true, "flags": [], "submission_time": "2014-03-10T23:59:23.424Z", "upvotes": [], "downvotes": []}}, {"pk": 106, "model": "ed_news.comment", "fields": {"ranking_points": 29, "comment_text": "I just don't think you'll ever make a magnetic monopole.", "author": 2, "parent_submission": 8, "parent_comment": null, "visible": true, "flags": [], "submission_time": "2014-03-10T23:59:23.427Z", "upvotes": [], "downvotes": []}}, {"pk": 107, "model": "ed_news.comment", "fields": {"ranking_points": 29, "comment_text": "I just don't think you'll ever make a magnetic monopole.", "author": 4, "parent_submission": 8, "parent_comment": null, "visible": true, "flags": [], "submission_time": "2014-03-10T23:59:23.429Z", "upvotes": [], "downvotes": []}}, {"pk": 108, "model": "ed_news.comment", "fields": {"ranking_points": 29, "comment_text": "I just don't think you'll ever make a magnetic monopole.", "author": 2, "parent_submission": 8, "parent_comment": null, "visible": true, "flags": [], "submission_time": "2014-03-10T23:59:23.431Z", "upvotes": [], "downvotes": []}}, {"pk": 109, "model": "ed_news.comment", "fields": {"ranking_points": 29, "comment_text": "I just don't think you'll ever make a magnetic monopole.", "author": 5, "parent_submission": 8, "parent_comment": null, "visible": true, "flags": [], "submission_time": "2014-03-10T23:59:23.432Z", "upvotes": [], "downvotes": []}}, {"pk": 110, "model": "ed_news.comment", "fields": {"ranking_points": 29, "comment_text": "I just don't think you'll ever make a magnetic monopole.", "author": 6, "parent_submission": 8, "parent_comment": null, "visible": true, "flags": [], "submission_time": "2014-03-10T23:59:23.435Z", "upvotes": [], "downvotes": []}}, {"pk": 111, "model": "ed_news.comment", "fields": {"ranking_points": 29, "comment_text": "I just don't think you'll ever make a magnetic monopole.", "author": 2, "parent_submission": 8, "parent_comment": null, "visible": true, "flags": [], "submission_time": "2014-03-10T23:59:23.438Z", "upvotes": [], "downvotes": []}}, {"pk": 112, "model": "ed_news.comment", "fields": {"ranking_points": 29, "comment_text": "I just don't think you'll ever make a magnetic monopole.", "author": 6, "parent_submission": 8, "parent_comment": null, "visible": true, "flags": [], "submission_time": "2014-03-10T23:59:23.440Z", "upvotes": [], "downvotes": []}}, {"pk": 113, "model": "ed_news.comment", "fields": {"ranking_points": 29, "comment_text": "I just don't think you'll ever make a magnetic monopole.", "author": 4, "parent_submission": 8, "parent_comment": null, "visible": true, "flags": [], "submission_time": "2014-03-10T23:59:23.443Z", "upvotes": [], "downvotes": []}}, {"pk": 114, "model": "ed_news.comment", "fields": {"ranking_points": 29, "comment_text": "I just don't think you'll ever make a magnetic monopole.", "author": 2, "parent_submission": 8, "parent_comment": null, "visible": true, "flags": [], "submission_time": "2014-03-10T23:59:23.445Z", "upvotes": [], "downvotes": []}}, {"pk": 115, "model": "ed_news.comment", "fields": {"ranking_points": 29, "comment_text": "I just don't think you'll ever make a magnetic monopole.", "author": 5, "parent_submission": 8, "parent_comment": null, "visible": true, "flags": [], "submission_time": "2014-03-10T23:59:23.447Z", "upvotes": [], "downvotes": []}}, {"pk": 116, "model": "ed_news.comment", "fields": {"ranking_points": 29, "comment_text": "I just don't think you'll ever make a magnetic monopole.", "author": 2, "parent_submission": 8, "parent_comment": null, "visible": true, "flags": [], "submission_time": "2014-03-10T23:59:23.449Z", "upvotes": [], "downvotes": []}}, {"pk": 117, "model": "ed_news.comment", "fields": {"ranking_points": 29, "comment_text": "I just don't think you'll ever make a magnetic monopole.", "author": 6, "parent_submission": 8, "parent_comment": null, "visible": true, "flags": [], "submission_time": "2014-03-10T23:59:23.451Z", "upvotes": [], "downvotes": []}}, {"pk": 118, "model": "ed_news.comment", "fields": {"ranking_points": 29, "comment_text": "I just don't think you'll ever make a magnetic monopole.", "author": 4, "parent_submission": 8, "parent_comment": null, "visible": true, "flags": [], "submission_time": "2014-03-10T23:59:23.452Z", "upvotes": [], "downvotes": []}}, {"pk": 119, "model": "ed_news.comment", "fields": {"ranking_points": 29, "comment_text": "I just don't think you'll ever make a magnetic monopole.", "author": 2, "parent_submission": 8, "parent_comment": null, "visible": true, "flags": [], "submission_time": "2014-03-10T23:59:23.453Z", "upvotes": [], "downvotes": []}}, {"pk": 120, "model": "ed_news.comment", "fields": {"ranking_points": 29, "comment_text": "I just don't think you'll ever make a magnetic monopole.", "author": 6, "parent_submission": 8, "parent_comment": null, "visible": true, "flags": [], "submission_time": "2014-03-10T23:59:23.454Z", "upvotes": [], "downvotes": []}}, {"pk": 121, "model": "ed_news.comment", "fields": {"ranking_points": 29, "comment_text": "I just don't think you'll ever make a magnetic monopole.", "author": 8, "parent_submission": 9, "parent_comment": null, "visible": true, "flags": [], "submission_time": "2014-03-10T23:59:23.455Z", "upvotes": [], "downvotes": []}}, {"pk": 122, "model": "ed_news.comment", "fields": {"ranking_points": 29, "comment_text": "I just don't think you'll ever make a magnetic monopole.", "author": 6, "parent_submission": 9, "parent_comment": null, "visible": true, "flags": [], "submission_time": "2014-03-10T23:59:23.457Z", "upvotes": [], "downvotes": []}}, {"pk": 123, "model": "ed_news.comment", "fields": {"ranking_points": 29, "comment_text": "I just don't think you'll ever make a magnetic monopole.", "author": 3, "parent_submission": 9, "parent_comment": null, "visible": true, "flags": [], "submission_time": "2014-03-10T23:59:23.458Z", "upvotes": [], "downvotes": []}}, {"pk": 124, "model": "ed_news.comment", "fields": {"ranking_points": 29, "comment_text": "I just don't think you'll ever make a magnetic monopole.", "author": 3, "parent_submission": 9, "parent_comment": null, "visible": true, "flags": [], "submission_time": "2014-03-10T23:59:23.460Z", "upvotes": [], "downvotes": []}}, {"pk": 125, "model": "ed_news.comment", "fields": {"ranking_points": 29, "comment_text": "I just don't think you'll ever make a magnetic monopole.", "author": 7, "parent_submission": 9, "parent_comment": null, "visible": true, "flags": [], "submission_time": "2014-03-10T23:59:23.462Z", "upvotes": [], "downvotes": []}}, {"pk": 126, "model": "ed_news.comment", "fields": {"ranking_points": 29, "comment_text": "I just don't think you'll ever make a magnetic monopole.", "author": 5, "parent_submission": 9, "parent_comment": null, "visible": true, "flags": [], "submission_time": "2014-03-10T23:59:23.464Z", "upvotes": [], "downvotes": []}}, {"pk": 127, "model": "ed_news.comment", "fields": {"ranking_points": 29, "comment_text": "I just don't think you'll ever make a magnetic monopole.", "author": 8, "parent_submission": 9, "parent_comment": null, "visible": true, "flags": [], "submission_time": "2014-03-10T23:59:23.466Z", "upvotes": [], "downvotes": []}}, {"pk": 128, "model": "ed_news.comment", "fields": {"ranking_points": 29, "comment_text": "I just don't think you'll ever make a magnetic monopole.", "author": 6, "parent_submission": 9, "parent_comment": null, "visible": true, "flags": [], "submission_time": "2014-03-10T23:59:23.467Z", "upvotes": [], "downvotes": []}}, {"pk": 129, "model": "ed_news.comment", "fields": {"ranking_points": 29, "comment_text": "I just don't think you'll ever make a magnetic monopole.", "author": 3, "parent_submission": 9, "parent_comment": null, "visible": true, "flags": [], "submission_time": "2014-03-10T23:59:23.468Z", "upvotes": [], "downvotes": []}}, {"pk": 130, "model": "ed_news.comment", "fields": {"ranking_points": 29, "comment_text": "I just don't think you'll ever make a magnetic monopole.", "author": 5, "parent_submission": 9, "parent_comment": null, "visible": true, "flags": [], "submission_time": "2014-03-10T23:59:23.470Z", "upvotes": [], "downvotes": []}}, {"pk": 131, "model": "ed_news.comment", "fields": {"ranking_points": 29, "comment_text": "I just don't think you'll ever make a magnetic monopole.", "author": 6, "parent_submission": 9, "parent_comment": null, "visible": true, "flags": [], "submission_time": "2014-03-10T23:59:23.471Z", "upvotes": [], "downvotes": []}}, {"pk": 132, "model": "ed_news.comment", "fields": {"ranking_points": 29, "comment_text": "I just don't think you'll ever make a magnetic monopole.", "author": 8, "parent_submission": 9, "parent_comment": null, "visible": true, "flags": [], "submission_time": "2014-03-10T23:59:23.472Z", "upvotes": [], "downvotes": []}}, {"pk": 133, "model": "ed_news.comment", "fields": {"ranking_points": 29, "comment_text": "I just don't think you'll ever make a magnetic monopole.", "author": 5, "parent_submission": 9, "parent_comment": null, "visible": true, "flags": [], "submission_time": "2014-03-10T23:59:23.473Z", "upvotes": [], "downvotes": []}}, {"pk": 134, "model": "ed_news.comment", "fields": {"ranking_points": 29, "comment_text": "I just don't think you'll ever make a magnetic monopole.", "author": 3, "parent_submission": 9, "parent_comment": null, "visible": true, "flags": [], "submission_time": "2014-03-10T23:59:23.475Z", "upvotes": [], "downvotes": []}}, {"pk": 135, "model": "ed_news.comment", "fields": {"ranking_points": 29, "comment_text": "I just don't think you'll ever make a magnetic monopole.", "author": 7, "parent_submission": 9, "parent_comment": null, "visible": true, "flags": [], "submission_time": "2014-03-10T23:59:23.476Z", "upvotes": [], "downvotes": []}}, {"pk": 136, "model": "ed_news.comment", "fields": {"ranking_points": 29, "comment_text": "I just don't think you'll ever make a magnetic monopole.", "author": 7, "parent_submission": 10, "parent_comment": null, "visible": true, "flags": [], "submission_time": "2014-03-10T23:59:23.477Z", "upvotes": [], "downvotes": []}}, {"pk": 137, "model": "ed_news.comment", "fields": {"ranking_points": 29, "comment_text": "I just don't think you'll ever make a magnetic monopole.", "author": 8, "parent_submission": 10, "parent_comment": null, "visible": true, "flags": [], "submission_time": "2014-03-10T23:59:23.478Z", "upvotes": [], "downvotes": []}}, {"pk": 138, "model": "ed_news.comment", "fields": {"ranking_points": 29, "comment_text": "I just don't think you'll ever make a magnetic monopole.", "author": 7, "parent_submission": 10, "parent_comment": null, "visible": true, "flags": [], "submission_time": "2014-03-10T23:59:23.480Z", "upvotes": [], "downvotes": []}}, {"pk": 139, "model": "ed_news.comment", "fields": {"ranking_points": 29, "comment_text": "I just don't think you'll ever make a magnetic monopole.", "author": 5, "parent_submission": 10, "parent_comment": null, "visible": true, "flags": [], "submission_time": "2014-03-10T23:59:23.481Z", "upvotes": [], "downvotes": []}}, {"pk": 140, "model": "ed_news.comment", "fields": {"ranking_points": 29, "comment_text": "I just don't think you'll ever make a magnetic monopole.", "author": 8, "parent_submission": 10, "parent_comment": null, "visible": true, "flags": [], "submission_time": "2014-03-10T23:59:23.483Z", "upvotes": [], "downvotes": []}}, {"pk": 141, "model": "ed_news.comment", "fields": {"ranking_points": 29, "comment_text": "I just don't think you'll ever make a magnetic monopole.", "author": 6, "parent_submission": 10, "parent_comment": null, "visible": true, "flags": [], "submission_time": "2014-03-10T23:59:23.484Z", "upvotes": [], "downvotes": []}}, {"pk": 142, "model": "ed_news.comment", "fields": {"ranking_points": 29, "comment_text": "I just don't think you'll ever make a magnetic monopole.", "author": 3, "parent_submission": 10, "parent_comment": null, "visible": true, "flags": [], "submission_time": "2014-03-10T23:59:23.485Z", "upvotes": [], "downvotes": []}}, {"pk": 143, "model": "ed_news.comment", "fields": {"ranking_points": 29, "comment_text": "I just don't think you'll ever make a magnetic monopole.", "author": 5, "parent_submission": 10, "parent_comment": null, "visible": true, "flags": [], "submission_time": "2014-03-10T23:59:23.487Z", "upvotes": [], "downvotes": []}}, {"pk": 144, "model": "ed_news.comment", "fields": {"ranking_points": 29, "comment_text": "I just don't think you'll ever make a magnetic monopole.", "author": 4, "parent_submission": 10, "parent_comment": null, "visible": true, "flags": [], "submission_time": "2014-03-10T23:59:23.488Z", "upvotes": [], "downvotes": []}}, {"pk": 145, "model": "ed_news.comment", "fields": {"ranking_points": 29, "comment_text": "I just don't think you'll ever make a magnetic monopole.", "author": 4, "parent_submission": 10, "parent_comment": null, "visible": true, "flags": [], "submission_time": "2014-03-10T23:59:23.490Z", "upvotes": [], "downvotes": []}}, {"pk": 146, "model": "ed_news.comment", "fields": {"ranking_points": 29, "comment_text": "I just don't think you'll ever make a magnetic monopole.", "author": 7, "parent_submission": 10, "parent_comment": null, "visible": true, "flags": [], "submission_time": "2014-03-10T23:59:23.492Z", "upvotes": [], "downvotes": []}}, {"pk": 147, "model": "ed_news.comment", "fields": {"ranking_points": 29, "comment_text": "I just don't think you'll ever make a magnetic monopole.", "author": 6, "parent_submission": 10, "parent_comment": null, "visible": true, "flags": [], "submission_time": "2014-03-10T23:59:23.494Z", "upvotes": [], "downvotes": []}}, {"pk": 148, "model": "ed_news.comment", "fields": {"ranking_points": 29, "comment_text": "I just don't think you'll ever make a magnetic monopole.", "author": 8, "parent_submission": 10, "parent_comment": null, "visible": true, "flags": [], "submission_time": "2014-03-10T23:59:23.496Z", "upvotes": [], "downvotes": []}}, {"pk": 149, "model": "ed_news.comment", "fields": {"ranking_points": 29, "comment_text": "I just don't think you'll ever make a magnetic monopole.", "author": 2, "parent_submission": 10, "parent_comment": null, "visible": true, "flags": [], "submission_time": "2014-03-10T23:59:23.497Z", "upvotes": [], "downvotes": []}}, {"pk": 150, "model": "ed_news.comment", "fields": {"ranking_points": 29, "comment_text": "I just don't think you'll ever make a magnetic monopole.", "author": 7, "parent_submission": 10, "parent_comment": null, "visible": true, "flags": [], "submission_time": "2014-03-10T23:59:23.498Z", "upvotes": [], "downvotes": []}}, {"pk": 151, "model": "ed_news.comment", "fields": {"ranking_points": 0, "comment_text": "I just don't think you'll ever make a magnetic monopole.", "author": 6, "parent_submission": 11, "parent_comment": null, "visible": true, "flags": [], "submission_time": "2014-03-10T23:59:23.500Z", "upvotes": [], "downvotes": []}}, {"pk": 152, "model": "ed_news.comment", "fields": {"ranking_points": 0, "comment_text": "I just don't think you'll ever make a magnetic monopole.", "author": 6, "parent_submission": 11, "parent_comment": null, "visible": true, "flags": [], "submission_time": "2014-03-10T23:59:23.501Z", "upvotes": [], "downvotes": []}}, {"pk": 153, "model": "ed_news.comment", "fields": {"ranking_points": 0, "comment_text": "I just don't think you'll ever make a magnetic monopole.", "author": 8, "parent_submission": 11, "parent_comment": null, "visible": true, "flags": [], "submission_time": "2014-03-10T23:59:23.502Z", "upvotes": [], "downvotes": []}}, {"pk": 154, "model": "ed_news.comment", "fields": {"ranking_points": 0, "comment_text": "I just don't think you'll ever make a magnetic monopole.", "author": 7, "parent_submission": 11, "parent_comment": null, "visible": true, "flags": [], "submission_time": "2014-03-10T23:59:23.503Z", "upvotes": [], "downvotes": []}}, {"pk": 155, "model": "ed_news.comment", "fields": {"ranking_points": 0, "comment_text": "I just don't think you'll ever make a magnetic monopole.", "author": 8, "parent_submission": 11, "parent_comment": null, "visible": true, "flags": [], "submission_time": "2014-03-10T23:59:23.504Z", "upvotes": [], "downvotes": []}}, {"pk": 156, "model": "ed_news.comment", "fields": {"ranking_points": 0, "comment_text": "I just don't think you'll ever make a magnetic monopole.", "author": 4, "parent_submission": 11, "parent_comment": null, "visible": true, "flags": [], "submission_time": "2014-03-10T23:59:23.505Z", "upvotes": [], "downvotes": []}}, {"pk": 157, "model": "ed_news.comment", "fields": {"ranking_points": 0, "comment_text": "I just don't think you'll ever make a magnetic monopole.", "author": 3, "parent_submission": 11, "parent_comment": null, "visible": true, "flags": [], "submission_time": "2014-03-10T23:59:23.506Z", "upvotes": [], "downvotes": []}}, {"pk": 158, "model": "ed_news.comment", "fields": {"ranking_points": 0, "comment_text": "I just don't think you'll ever make a magnetic monopole.", "author": 8, "parent_submission": 11, "parent_comment": null, "visible": true, "flags": [], "submission_time": "2014-03-10T23:59:23.507Z", "upvotes": [], "downvotes": []}}, {"pk": 159, "model": "ed_news.comment", "fields": {"ranking_points": 0, "comment_text": "I just don't think you'll ever make a magnetic monopole.", "author": 6, "parent_submission": 11, "parent_comment": null, "visible": true, "flags": [], "submission_time": "2014-03-10T23:59:23.508Z", "upvotes": [], "downvotes": []}}, {"pk": 160, "model": "ed_news.comment", "fields": {"ranking_points": 0, "comment_text": "I just don't think you'll ever make a magnetic monopole.", "author": 5, "parent_submission": 11, "parent_comment": null, "visible": true, "flags": [], "submission_time": "2014-03-10T23:59:23.509Z", "upvotes": [], "downvotes": []}}, {"pk": 161, "model": "ed_news.comment", "fields": {"ranking_points": 0, "comment_text": "I just don't think you'll ever make a magnetic monopole.", "author": 4, "parent_submission": 11, "parent_comment": null, "visible": true, "flags": [], "submission_time": "2014-03-10T23:59:23.510Z", "upvotes": [], "downvotes": []}}, {"pk": 162, "model": "ed_news.comment", "fields": {"ranking_points": 0, "comment_text": "I just don't think you'll ever make a magnetic monopole.", "author": 6, "parent_submission": 11, "parent_comment": null, "visible": true, "flags": [], "submission_time": "2014-03-10T23:59:23.511Z", "upvotes": [], "downvotes": []}}, {"pk": 163, "model": "ed_news.comment", "fields": {"ranking_points": 0, "comment_text": "I just don't think you'll ever make a magnetic monopole.", "author": 8, "parent_submission": 11, "parent_comment": null, "visible": true, "flags": [], "submission_time": "2014-03-10T23:59:23.512Z", "upvotes": [], "downvotes": []}}, {"pk": 164, "model": "ed_news.comment", "fields": {"ranking_points": 0, "comment_text": "I just don't think you'll ever make a magnetic monopole.", "author": 6, "parent_submission": 11, "parent_comment": null, "visible": true, "flags": [], "submission_time": "2014-03-10T23:59:23.513Z", "upvotes": [], "downvotes": []}}, {"pk": 165, "model": "ed_news.comment", "fields": {"ranking_points": 0, "comment_text": "I just don't think you'll ever make a magnetic monopole.", "author": 3, "parent_submission": 11, "parent_comment": null, "visible": true, "flags": [], "submission_time": "2014-03-10T23:59:23.515Z", "upvotes": [], "downvotes": []}}, {"pk": 166, "model": "ed_news.comment", "fields": {"ranking_points": 29, "comment_text": "I just don't think you'll ever make a magnetic monopole.", "author": 6, "parent_submission": 12, "parent_comment": null, "visible": true, "flags": [], "submission_time": "2014-03-10T23:59:23.516Z", "upvotes": [], "downvotes": []}}, {"pk": 167, "model": "ed_news.comment", "fields": {"ranking_points": 29, "comment_text": "I just don't think you'll ever make a magnetic monopole.", "author": 8, "parent_submission": 12, "parent_comment": null, "visible": true, "flags": [], "submission_time": "2014-03-10T23:59:23.517Z", "upvotes": [], "downvotes": []}}, {"pk": 168, "model": "ed_news.comment", "fields": {"ranking_points": 29, "comment_text": "I just don't think you'll ever make a magnetic monopole.", "author": 3, "parent_submission": 12, "parent_comment": null, "visible": true, "flags": [], "submission_time": "2014-03-10T23:59:23.518Z", "upvotes": [], "downvotes": []}}, {"pk": 169, "model": "ed_news.comment", "fields": {"ranking_points": 29, "comment_text": "I just don't think you'll ever make a magnetic monopole.", "author": 6, "parent_submission": 12, "parent_comment": null, "visible": true, "flags": [], "submission_time": "2014-03-10T23:59:23.519Z", "upvotes": [], "downvotes": []}}, {"pk": 170, "model": "ed_news.comment", "fields": {"ranking_points": 29, "comment_text": "I just don't think you'll ever make a magnetic monopole.", "author": 4, "parent_submission": 12, "parent_comment": null, "visible": true, "flags": [], "submission_time": "2014-03-10T23:59:23.520Z", "upvotes": [], "downvotes": []}}, {"pk": 171, "model": "ed_news.comment", "fields": {"ranking_points": 29, "comment_text": "I just don't think you'll ever make a magnetic monopole.", "author": 8, "parent_submission": 12, "parent_comment": null, "visible": true, "flags": [], "submission_time": "2014-03-10T23:59:23.522Z", "upvotes": [], "downvotes": []}}, {"pk": 172, "model": "ed_news.comment", "fields": {"ranking_points": 29, "comment_text": "I just don't think you'll ever make a magnetic monopole.", "author": 7, "parent_submission": 12, "parent_comment": null, "visible": true, "flags": [], "submission_time": "2014-03-10T23:59:23.523Z", "upvotes": [], "downvotes": []}}, {"pk": 173, "model": "ed_news.comment", "fields": {"ranking_points": 29, "comment_text": "I just don't think you'll ever make a magnetic monopole.", "author": 7, "parent_submission": 12, "parent_comment": null, "visible": true, "flags": [], "submission_time": "2014-03-10T23:59:23.526Z", "upvotes": [], "downvotes": []}}, {"pk": 174, "model": "ed_news.comment", "fields": {"ranking_points": 29, "comment_text": "I just don't think you'll ever make a magnetic monopole.", "author": 8, "parent_submission": 12, "parent_comment": null, "visible": true, "flags": [], "submission_time": "2014-03-10T23:59:23.527Z", "upvotes": [], "downvotes": []}}, {"pk": 175, "model": "ed_news.comment", "fields": {"ranking_points": 29, "comment_text": "I just don't think you'll ever make a magnetic monopole.", "author": 5, "parent_submission": 12, "parent_comment": null, "visible": true, "flags": [], "submission_time": "2014-03-10T23:59:23.528Z", "upvotes": [], "downvotes": []}}, {"pk": 176, "model": "ed_news.comment", "fields": {"ranking_points": 29, "comment_text": "I just don't think you'll ever make a magnetic monopole.", "author": 7, "parent_submission": 12, "parent_comment": null, "visible": true, "flags": [], "submission_time": "2014-03-10T23:59:23.529Z", "upvotes": [], "downvotes": []}}, {"pk": 177, "model": "ed_news.comment", "fields": {"ranking_points": 29, "comment_text": "I just don't think you'll ever make a magnetic monopole.", "author": 3, "parent_submission": 12, "parent_comment": null, "visible": true, "flags": [], "submission_time": "2014-03-10T23:59:23.530Z", "upvotes": [], "downvotes": []}}, {"pk": 178, "model": "ed_news.comment", "fields": {"ranking_points": 29, "comment_text": "I just don't think you'll ever make a magnetic monopole.", "author": 3, "parent_submission": 12, "parent_comment": null, "visible": true, "flags": [], "submission_time": "2014-03-10T23:59:23.531Z", "upvotes": [], "downvotes": []}}, {"pk": 179, "model": "ed_news.comment", "fields": {"ranking_points": 29, "comment_text": "I just don't think you'll ever make a magnetic monopole.", "author": 8, "parent_submission": 12, "parent_comment": null, "visible": true, "flags": [], "submission_time": "2014-03-10T23:59:23.532Z", "upvotes": [], "downvotes": []}}, {"pk": 180, "model": "ed_news.comment", "fields": {"ranking_points": 29, "comment_text": "I just don't think you'll ever make a magnetic monopole.", "author": 8, "parent_submission": 12, "parent_comment": null, "visible": true, "flags": [], "submission_time": "2014-03-10T23:59:23.533Z", "upvotes": [], "downvotes": []}}, {"pk": 181, "model": "ed_news.comment", "fields": {"ranking_points": 30, "comment_text": "I just don't think you'll ever make a magnetic monopole.", "author": 8, "parent_submission": 13, "parent_comment": null, "visible": true, "flags": [], "submission_time": "2014-03-10T23:59:23.534Z", "upvotes": [], "downvotes": []}}, {"pk": 182, "model": "ed_news.comment", "fields": {"ranking_points": 30, "comment_text": "I just don't think you'll ever make a magnetic monopole.", "author": 3, "parent_submission": 13, "parent_comment": null, "visible": true, "flags": [], "submission_time": "2014-03-10T23:59:23.535Z", "upvotes": [], "downvotes": []}}, {"pk": 183, "model": "ed_news.comment", "fields": {"ranking_points": 30, "comment_text": "I just don't think you'll ever make a magnetic monopole.", "author": 2, "parent_submission": 13, "parent_comment": null, "visible": true, "flags": [], "submission_time": "2014-03-10T23:59:23.536Z", "upvotes": [], "downvotes": []}}, {"pk": 184, "model": "ed_news.comment", "fields": {"ranking_points": 30, "comment_text": "I just don't think you'll ever make a magnetic monopole.", "author": 6, "parent_submission": 13, "parent_comment": null, "visible": true, "flags": [], "submission_time": "2014-03-10T23:59:23.537Z", "upvotes": [], "downvotes": []}}, {"pk": 185, "model": "ed_news.comment", "fields": {"ranking_points": 30, "comment_text": "I just don't think you'll ever make a magnetic monopole.", "author": 4, "parent_submission": 13, "parent_comment": null, "visible": true, "flags": [], "submission_time": "2014-03-10T23:59:23.538Z", "upvotes": [], "downvotes": []}}, {"pk": 186, "model": "ed_news.comment", "fields": {"ranking_points": 30, "comment_text": "I just don't think you'll ever make a magnetic monopole.", "author": 6, "parent_submission": 13, "parent_comment": null, "visible": true, "flags": [], "submission_time": "2014-03-10T23:59:23.539Z", "upvotes": [], "downvotes": []}}, {"pk": 187, "model": "ed_news.comment", "fields": {"ranking_points": 30, "comment_text": "I just don't think you'll ever make a magnetic monopole.", "author": 5, "parent_submission": 13, "parent_comment": null, "visible": true, "flags": [], "submission_time": "2014-03-10T23:59:23.540Z", "upvotes": [], "downvotes": []}}, {"pk": 188, "model": "ed_news.comment", "fields": {"ranking_points": 30, "comment_text": "I just don't think you'll ever make a magnetic monopole.", "author": 2, "parent_submission": 13, "parent_comment": null, "visible": true, "flags": [], "submission_time": "2014-03-10T23:59:23.541Z", "upvotes": [], "downvotes": []}}, {"pk": 189, "model": "ed_news.comment", "fields": {"ranking_points": 30, "comment_text": "I just don't think you'll ever make a magnetic monopole.", "author": 2, "parent_submission": 13, "parent_comment": null, "visible": true, "flags": [], "submission_time": "2014-03-10T23:59:23.542Z", "upvotes": [], "downvotes": []}}, {"pk": 190, "model": "ed_news.comment", "fields": {"ranking_points": 30, "comment_text": "I just don't think you'll ever make a magnetic monopole.", "author": 7, "parent_submission": 13, "parent_comment": null, "visible": true, "flags": [], "submission_time": "2014-03-10T23:59:23.543Z", "upvotes": [], "downvotes": []}}, {"pk": 191, "model": "ed_news.comment", "fields": {"ranking_points": 30, "comment_text": "I just don't think you'll ever make a magnetic monopole.", "author": 2, "parent_submission": 13, "parent_comment": null, "visible": true, "flags": [], "submission_time": "2014-03-10T23:59:23.544Z", "upvotes": [], "downvotes": []}}, {"pk": 192, "model": "ed_news.comment", "fields": {"ranking_points": 30, "comment_text": "I just don't think you'll ever make a magnetic monopole.", "author": 4, "parent_submission": 13, "parent_comment": null, "visible": true, "flags": [], "submission_time": "2014-03-10T23:59:23.545Z", "upvotes": [], "downvotes": []}}, {"pk": 193, "model": "ed_news.comment", "fields": {"ranking_points": 30, "comment_text": "I just don't think you'll ever make a magnetic monopole.", "author": 8, "parent_submission": 13, "parent_comment": null, "visible": true, "flags": [], "submission_time": "2014-03-10T23:59:23.546Z", "upvotes": [], "downvotes": []}}, {"pk": 194, "model": "ed_news.comment", "fields": {"ranking_points": 30, "comment_text": "I just don't think you'll ever make a magnetic monopole.", "author": 2, "parent_submission": 13, "parent_comment": null, "visible": true, "flags": [], "submission_time": "2014-03-10T23:59:23.547Z", "upvotes": [], "downvotes": []}}, {"pk": 195, "model": "ed_news.comment", "fields": {"ranking_points": 30, "comment_text": "I just don't think you'll ever make a magnetic monopole.", "author": 7, "parent_submission": 13, "parent_comment": null, "visible": true, "flags": [], "submission_time": "2014-03-10T23:59:23.548Z", "upvotes": [], "downvotes": []}}, {"pk": 196, "model": "ed_news.comment", "fields": {"ranking_points": 29, "comment_text": "I just don't think you'll ever make a magnetic monopole.", "author": 4, "parent_submission": 14, "parent_comment": null, "visible": true, "flags": [], "submission_time": "2014-03-10T23:59:23.549Z", "upvotes": [], "downvotes": []}}, {"pk": 197, "model": "ed_news.comment", "fields": {"ranking_points": 29, "comment_text": "I just don't think you'll ever make a magnetic monopole.", "author": 8, "parent_submission": 14, "parent_comment": null, "visible": true, "flags": [], "submission_time": "2014-03-10T23:59:23.550Z", "upvotes": [], "downvotes": []}}, {"pk": 198, "model": "ed_news.comment", "fields": {"ranking_points": 29, "comment_text": "I just don't think you'll ever make a magnetic monopole.", "author": 5, "parent_submission": 14, "parent_comment": null, "visible": true, "flags": [], "submission_time": "2014-03-10T23:59:23.553Z", "upvotes": [], "downvotes": []}}, {"pk": 199, "model": "ed_news.comment", "fields": {"ranking_points": 29, "comment_text": "I just don't think you'll ever make a magnetic monopole.", "author": 7, "parent_submission": 14, "parent_comment": null, "visible": true, "flags": [], "submission_time": "2014-03-10T23:59:23.555Z", "upvotes": [], "downvotes": []}}, {"pk": 200, "model": "ed_news.comment", "fields": {"ranking_points": 29, "comment_text": "I just don't think you'll ever make a magnetic monopole.", "author": 8, "parent_submission": 14, "parent_comment": null, "visible": true, "flags": [], "submission_time": "2014-03-10T23:59:23.557Z", "upvotes": [], "downvotes": []}}, {"pk": 201, "model": "ed_news.comment", "fields": {"ranking_points": 29, "comment_text": "I just don't think you'll ever make a magnetic monopole.", "author": 4, "parent_submission": 14, "parent_comment": null, "visible": true, "flags": [], "submission_time": "2014-03-10T23:59:23.559Z", "upvotes": [], "downvotes": []}}, {"pk": 202, "model": "ed_news.comment", "fields": {"ranking_points": 29, "comment_text": "I just don't think you'll ever make a magnetic monopole.", "author": 8, "parent_submission": 14, "parent_comment": null, "visible": true, "flags": [], "submission_time": "2014-03-10T23:59:23.560Z", "upvotes": [], "downvotes": []}}, {"pk": 203, "model": "ed_news.comment", "fields": {"ranking_points": 29, "comment_text": "I just don't think you'll ever make a magnetic monopole.", "author": 4, "parent_submission": 14, "parent_comment": null, "visible": true, "flags": [], "submission_time": "2014-03-10T23:59:23.562Z", "upvotes": [], "downvotes": []}}, {"pk": 204, "model": "ed_news.comment", "fields": {"ranking_points": 29, "comment_text": "I just don't think you'll ever make a magnetic monopole.", "author": 6, "parent_submission": 14, "parent_comment": null, "visible": true, "flags": [], "submission_time": "2014-03-10T23:59:23.563Z", "upvotes": [], "downvotes": []}}, {"pk": 205, "model": "ed_news.comment", "fields": {"ranking_points": 29, "comment_text": "I just don't think you'll ever make a magnetic monopole.", "author": 8, "parent_submission": 14, "parent_comment": null, "visible": true, "flags": [], "submission_time": "2014-03-10T23:59:23.565Z", "upvotes": [], "downvotes": []}}, {"pk": 206, "model": "ed_news.comment", "fields": {"ranking_points": 29, "comment_text": "I just don't think you'll ever make a magnetic monopole.", "author": 5, "parent_submission": 14, "parent_comment": null, "visible": true, "flags": [], "submission_time": "2014-03-10T23:59:23.566Z", "upvotes": [], "downvotes": []}}, {"pk": 207, "model": "ed_news.comment", "fields": {"ranking_points": 29, "comment_text": "I just don't think you'll ever make a magnetic monopole.", "author": 2, "parent_submission": 14, "parent_comment": null, "visible": true, "flags": [], "submission_time": "2014-03-10T23:59:23.567Z", "upvotes": [], "downvotes": []}}, {"pk": 208, "model": "ed_news.comment", "fields": {"ranking_points": 29, "comment_text": "I just don't think you'll ever make a magnetic monopole.", "author": 3, "parent_submission": 14, "parent_comment": null, "visible": true, "flags": [], "submission_time": "2014-03-10T23:59:23.569Z", "upvotes": [], "downvotes": []}}, {"pk": 209, "model": "ed_news.comment", "fields": {"ranking_points": 29, "comment_text": "I just don't think you'll ever make a magnetic monopole.", "author": 6, "parent_submission": 14, "parent_comment": null, "visible": true, "flags": [], "submission_time": "2014-03-10T23:59:23.571Z", "upvotes": [], "downvotes": []}}, {"pk": 210, "model": "ed_news.comment", "fields": {"ranking_points": 29, "comment_text": "I just don't think you'll ever make a magnetic monopole.", "author": 7, "parent_submission": 14, "parent_comment": null, "visible": true, "flags": [], "submission_time": "2014-03-10T23:59:23.572Z", "upvotes": [], "downvotes": []}}, {"pk": 211, "model": "ed_news.comment", "fields": {"ranking_points": 29, "comment_text": "Yeah, I was kind of thinking that.", "author": 2, "parent_submission": 8, "parent_comment": 106, "visible": true, "flags": [], "submission_time": "2014-03-10T23:59:23.583Z", "upvotes": [], "downvotes": []}}, {"pk": 212, "model": "ed_news.comment", "fields": {"ranking_points": 0, "comment_text": "Yeah, I was kind of thinking that.", "author": 2, "parent_submission": 4, "parent_comment": 57, "visible": true, "flags": [], "submission_time": "2014-03-10T23:59:23.592Z", "upvotes": [], "downvotes": []}}, {"pk": 213, "model": "ed_news.comment", "fields": {"ranking_points": 29, "comment_text": "Yeah, I was kind of thinking that.", "author": 2, "parent_submission": 10, "parent_comment": 148, "visible": true, "flags": [], "submission_time": "2014-03-10T23:59:23.601Z", "upvotes": [], "downvotes": []}}, {"pk": 214, "model": "ed_news.comment", "fields": {"ranking_points": 0, "comment_text": "Yeah, I was kind of thinking that.", "author": 2, "parent_submission": 11, "parent_comment": 163, "visible": true, "flags": [], "submission_time": "2014-03-10T23:59:23.609Z", "upvotes": [], "downvotes": []}}, {"pk": 215, "model": "ed_news.comment", "fields": {"ranking_points": 0, "comment_text": "Yeah, I was kind of thinking that.", "author": 2, "parent_submission": 6, "parent_comment": 89, "visible": true, "flags": [], "submission_time": "2014-03-10T23:59:23.615Z", "upvotes": [], "downvotes": []}}, {"pk": 216, "model": "ed_news.comment", "fields": {"ranking_points": 0, "comment_text": "Yeah, I was kind of thinking that.", "author": 2, "parent_submission": 11, "parent_comment": 153, "visible": true, "flags": [], "submission_time": "2014-03-10T23:59:23.621Z", "upvotes": [], "downvotes": []}}, {"pk": 217, "model": "ed_news.comment", "fields": {"ranking_points": 29, "comment_text": "Yeah, I was kind of thinking that.", "author": 2, "parent_submission": 2, "parent_comment": 22, "visible": true, "flags": [], "submission_time": "2014-03-10T23:59:23.627Z", "upvotes": [], "downvotes": []}}, {"pk": 218, "model": "ed_news.comment", "fields": {"ranking_points": 0, "comment_text": "Yeah, I was kind of thinking that.", "author": 2, "parent_submission": 6, "parent_comment": 86, "visible": true, "flags": [], "submission_time": "2014-03-10T23:59:23.635Z", "upvotes": [], "downvotes": []}}, {"pk": 219, "model": "ed_news.comment", "fields": {"ranking_points": 0, "comment_text": "Yeah, I was kind of thinking that.", "author": 2, "parent_submission": 4, "parent_comment": 52, "visible": true, "flags": [], "submission_time": "2014-03-10T23:59:23.643Z", "upvotes": [], "downvotes": []}}, {"pk": 220, "model": "ed_news.comment", "fields": {"ranking_points": 29, "comment_text": "Yeah, I was kind of thinking that.", "author": 2, "parent_submission": 10, "parent_comment": 139, "visible": true, "flags": [], "submission_time": "2014-03-10T23:59:23.650Z", "upvotes": [], "downvotes": []}}, {"pk": 221, "model": "ed_news.comment", "fields": {"ranking_points": 0, "comment_text": "Yeah, I was kind of thinking that.", "author": 2, "parent_submission": 5, "parent_comment": 74, "visible": true, "flags": [], "submission_time": "2014-03-10T23:59:23.658Z", "upvotes": [], "downvotes": []}}, {"pk": 222, "model": "ed_news.comment", "fields": {"ranking_points": 0, "comment_text": "Yeah, I was kind of thinking that.", "author": 2, "parent_submission": 7, "parent_comment": 93, "visible": true, "flags": [], "submission_time": "2014-03-10T23:59:23.663Z", "upvotes": [], "downvotes": []}}, {"pk": 223, "model": "ed_news.comment", "fields": {"ranking_points": 0, "comment_text": "Yeah, I was kind of thinking that.", "author": 2, "parent_submission": 6, "parent_comment": 84, "visible": true, "flags": [], "submission_time": "2014-03-10T23:59:23.669Z", "upvotes": [], "downvotes": []}}, {"pk": 224, "model": "ed_news.comment", "fields": {"ranking_points": 29, "comment_text": "Yeah, I was kind of thinking that.", "author": 2, "parent_submission": 8, "parent_comment": 118, "visible": true, "flags": [], "submission_time": "2014-03-10T23:59:23.675Z", "upvotes": [], "downvotes": []}}, {"pk": 225, "model": "ed_news.comment", "fields": {"ranking_points": 29, "comment_text": "Yeah, I was kind of thinking that.", "author": 2, "parent_submission": 14, "parent_comment": 210, "visible": true, "flags": [], "submission_time": "2014-03-10T23:59:23.681Z", "upvotes": [], "downvotes": []}}, {"pk": 226, "model": "ed_news.comment", "fields": {"ranking_points": 0, "comment_text": "Yeah, I was kind of thinking that.", "author": 3, "parent_submission": 4, "parent_comment": 49, "visible": true, "flags": [], "submission_time": "2014-03-10T23:59:23.686Z", "upvotes": [], "downvotes": []}}, {"pk": 227, "model": "ed_news.comment", "fields": {"ranking_points": 0, "comment_text": "Yeah, I was kind of thinking that.", "author": 3, "parent_submission": 6, "parent_comment": 76, "visible": true, "flags": [], "submission_time": "2014-03-10T23:59:23.692Z", "upvotes": [], "downvotes": []}}, {"pk": 228, "model": "ed_news.comment", "fields": {"ranking_points": 29, "comment_text": "Yeah, I was kind of thinking that.", "author": 3, "parent_submission": 1, "parent_comment": 1, "visible": true, "flags": [], "submission_time": "2014-03-10T23:59:23.698Z", "upvotes": [], "downvotes": []}}, {"pk": 229, "model": "ed_news.comment", "fields": {"ranking_points": 0, "comment_text": "Yeah, I was kind of thinking that.", "author": 3, "parent_submission": 11, "parent_comment": 154, "visible": true, "flags": [], "submission_time": "2014-03-10T23:59:23.707Z", "upvotes": [], "downvotes": []}}, {"pk": 230, "model": "ed_news.comment", "fields": {"ranking_points": 29, "comment_text": "Yeah, I was kind of thinking that.", "author": 3, "parent_submission": 1, "parent_comment": 9, "visible": true, "flags": [], "submission_time": "2014-03-10T23:59:23.714Z", "upvotes": [], "downvotes": []}}, {"pk": 231, "model": "ed_news.comment", "fields": {"ranking_points": 29, "comment_text": "Yeah, I was kind of thinking that.", "author": 3, "parent_submission": 8, "parent_comment": 113, "visible": true, "flags": [], "submission_time": "2014-03-10T23:59:23.724Z", "upvotes": [], "downvotes": []}}, {"pk": 232, "model": "ed_news.comment", "fields": {"ranking_points": 0, "comment_text": "Yeah, I was kind of thinking that.", "author": 3, "parent_submission": 6, "parent_comment": 83, "visible": true, "flags": [], "submission_time": "2014-03-10T23:59:23.734Z", "upvotes": [], "downvotes": []}}, {"pk": 233, "model": "ed_news.comment", "fields": {"ranking_points": 30, "comment_text": "Yeah, I was kind of thinking that.", "author": 3, "parent_submission": 13, "parent_comment": 191, "visible": true, "flags": [], "submission_time": "2014-03-10T23:59:23.742Z", "upvotes": [], "downvotes": []}}, {"pk": 234, "model": "ed_news.comment", "fields": {"ranking_points": 0, "comment_text": "Yeah, I was kind of thinking that.", "author": 3, "parent_submission": 6, "parent_comment": 76, "visible": true, "flags": [], "submission_time": "2014-03-10T23:59:23.764Z", "upvotes": [], "downvotes": []}}, {"pk": 235, "model": "ed_news.comment", "fields": {"ranking_points": 0, "comment_text": "Yeah, I was kind of thinking that.", "author": 3, "parent_submission": 6, "parent_comment": 84, "visible": true, "flags": [], "submission_time": "2014-03-10T23:59:23.772Z", "upvotes": [], "downvotes": []}}, {"pk": 236, "model": "ed_news.comment", "fields": {"ranking_points": 29, "comment_text": "Yeah, I was kind of thinking that.", "author": 3, "parent_submission": 2, "parent_comment": 28, "visible": true, "flags": [], "submission_time": "2014-03-10T23:59:23.782Z", "upvotes": [], "downvotes": []}}, {"pk": 237, "model": "ed_news.comment", "fields": {"ranking_points": 29, "comment_text": "Yeah, I was kind of thinking that.", "author": 3, "parent_submission": 9, "parent_comment": 125, "visible": true, "flags": [], "submission_time": "2014-03-10T23:59:23.793Z", "upvotes": [], "downvotes": []}}, {"pk": 238, "model": "ed_news.comment", "fields": {"ranking_points": 0, "comment_text": "Yeah, I was kind of thinking that.", "author": 3, "parent_submission": 6, "parent_comment": 85, "visible": true, "flags": [], "submission_time": "2014-03-10T23:59:23.804Z", "upvotes": [], "downvotes": []}}, {"pk": 239, "model": "ed_news.comment", "fields": {"ranking_points": 0, "comment_text": "Yeah, I was kind of thinking that.", "author": 3, "parent_submission": 4, "parent_comment": 58, "visible": true, "flags": [], "submission_time": "2014-03-10T23:59:23.812Z", "upvotes": [], "downvotes": []}}, {"pk": 240, "model": "ed_news.comment", "fields": {"ranking_points": 0, "comment_text": "Yeah, I was kind of thinking that.", "author": 3, "parent_submission": 11, "parent_comment": 153, "visible": true, "flags": [], "submission_time": "2014-03-10T23:59:23.817Z", "upvotes": [], "downvotes": []}}, {"pk": 241, "model": "ed_news.comment", "fields": {"ranking_points": 29, "comment_text": "Yeah, I was kind of thinking that.", "author": 4, "parent_submission": 1, "parent_comment": 1, "visible": true, "flags": [], "submission_time": "2014-03-10T23:59:23.822Z", "upvotes": [], "downvotes": []}}, {"pk": 242, "model": "ed_news.comment", "fields": {"ranking_points": 29, "comment_text": "Yeah, I was kind of thinking that.", "author": 4, "parent_submission": 1, "parent_comment": 241, "visible": true, "flags": [], "submission_time": "2014-03-10T23:59:23.828Z", "upvotes": [], "downvotes": []}}, {"pk": 243, "model": "ed_news.comment", "fields": {"ranking_points": 30, "comment_text": "Yeah, I was kind of thinking that.", "author": 4, "parent_submission": 13, "parent_comment": 193, "visible": true, "flags": [], "submission_time": "2014-03-10T23:59:23.834Z", "upvotes": [], "downvotes": []}}, {"pk": 244, "model": "ed_news.comment", "fields": {"ranking_points": 0, "comment_text": "Yeah, I was kind of thinking that.", "author": 4, "parent_submission": 11, "parent_comment": 160, "visible": true, "flags": [], "submission_time": "2014-03-10T23:59:23.841Z", "upvotes": [], "downvotes": []}}, {"pk": 245, "model": "ed_news.comment", "fields": {"ranking_points": 29, "comment_text": "Yeah, I was kind of thinking that.", "author": 4, "parent_submission": 8, "parent_comment": 106, "visible": true, "flags": [], "submission_time": "2014-03-10T23:59:23.848Z", "upvotes": [], "downvotes": []}}, {"pk": 246, "model": "ed_news.comment", "fields": {"ranking_points": 29, "comment_text": "Yeah, I was kind of thinking that.", "author": 4, "parent_submission": 14, "parent_comment": 209, "visible": true, "flags": [], "submission_time": "2014-03-10T23:59:23.856Z", "upvotes": [], "downvotes": []}}, {"pk": 247, "model": "ed_news.comment", "fields": {"ranking_points": 0, "comment_text": "Yeah, I was kind of thinking that.", "author": 4, "parent_submission": 11, "parent_comment": 240, "visible": true, "flags": [], "submission_time": "2014-03-10T23:59:23.864Z", "upvotes": [], "downvotes": []}}, {"pk": 248, "model": "ed_news.comment", "fields": {"ranking_points": 29, "comment_text": "Yeah, I was kind of thinking that.", "author": 4, "parent_submission": 14, "parent_comment": 207, "visible": true, "flags": [], "submission_time": "2014-03-10T23:59:23.873Z", "upvotes": [], "downvotes": []}}, {"pk": 249, "model": "ed_news.comment", "fields": {"ranking_points": 0, "comment_text": "Yeah, I was kind of thinking that.", "author": 4, "parent_submission": 6, "parent_comment": 88, "visible": true, "flags": [], "submission_time": "2014-03-10T23:59:23.879Z", "upvotes": [], "downvotes": []}}, {"pk": 250, "model": "ed_news.comment", "fields": {"ranking_points": 29, "comment_text": "Yeah, I was kind of thinking that.", "author": 4, "parent_submission": 1, "parent_comment": 11, "visible": true, "flags": [], "submission_time": "2014-03-10T23:59:23.884Z", "upvotes": [], "downvotes": []}}, {"pk": 251, "model": "ed_news.comment", "fields": {"ranking_points": 0, "comment_text": "Yeah, I was kind of thinking that.", "author": 4, "parent_submission": 6, "parent_comment": 79, "visible": true, "flags": [], "submission_time": "2014-03-10T23:59:23.893Z", "upvotes": [], "downvotes": []}}, {"pk": 252, "model": "ed_news.comment", "fields": {"ranking_points": 0, "comment_text": "Yeah, I was kind of thinking that.", "author": 4, "parent_submission": 4, "parent_comment": 49, "visible": true, "flags": [], "submission_time": "2014-03-10T23:59:23.900Z", "upvotes": [], "downvotes": []}}, {"pk": 253, "model": "ed_news.comment", "fields": {"ranking_points": 0, "comment_text": "Yeah, I was kind of thinking that.", "author": 4, "parent_submission": 7, "parent_comment": 95, "visible": true, "flags": [], "submission_time": "2014-03-10T23:59:23.908Z", "upvotes": [], "downvotes": []}}, {"pk": 254, "model": "ed_news.comment", "fields": {"ranking_points": 0, "comment_text": "Yeah, I was kind of thinking that.", "author": 4, "parent_submission": 6, "parent_comment": 223, "visible": true, "flags": [], "submission_time": "2014-03-10T23:59:23.917Z", "upvotes": [], "downvotes": []}}, {"pk": 255, "model": "ed_news.comment", "fields": {"ranking_points": 29, "comment_text": "Yeah, I was kind of thinking that.", "author": 4, "parent_submission": 9, "parent_comment": 123, "visible": true, "flags": [], "submission_time": "2014-03-10T23:59:23.926Z", "upvotes": [], "downvotes": []}}, {"pk": 256, "model": "ed_news.comment", "fields": {"ranking_points": 0, "comment_text": "Yeah, I was kind of thinking that.", "author": 5, "parent_submission": 11, "parent_comment": 152, "visible": true, "flags": [], "submission_time": "2014-03-10T23:59:23.937Z", "upvotes": [], "downvotes": []}}, {"pk": 257, "model": "ed_news.comment", "fields": {"ranking_points": 0, "comment_text": "Yeah, I was kind of thinking that.", "author": 5, "parent_submission": 6, "parent_comment": 83, "visible": true, "flags": [], "submission_time": "2014-03-10T23:59:23.949Z", "upvotes": [], "downvotes": []}}, {"pk": 258, "model": "ed_news.comment", "fields": {"ranking_points": 30, "comment_text": "Yeah, I was kind of thinking that.", "author": 5, "parent_submission": 13, "parent_comment": 194, "visible": true, "flags": [], "submission_time": "2014-03-10T23:59:23.958Z", "upvotes": [], "downvotes": []}}, {"pk": 259, "model": "ed_news.comment", "fields": {"ranking_points": 0, "comment_text": "Yeah, I was kind of thinking that.", "author": 5, "parent_submission": 11, "parent_comment": 165, "visible": true, "flags": [], "submission_time": "2014-03-10T23:59:23.963Z", "upvotes": [], "downvotes": []}}, {"pk": 260, "model": "ed_news.comment", "fields": {"ranking_points": 0, "comment_text": "Yeah, I was kind of thinking that.", "author": 5, "parent_submission": 7, "parent_comment": 95, "visible": true, "flags": [], "submission_time": "2014-03-10T23:59:23.968Z", "upvotes": [], "downvotes": []}}, {"pk": 261, "model": "ed_news.comment", "fields": {"ranking_points": 0, "comment_text": "Yeah, I was kind of thinking that.", "author": 5, "parent_submission": 4, "parent_comment": 58, "visible": true, "flags": [], "submission_time": "2014-03-10T23:59:23.974Z", "upvotes": [], "downvotes": []}}, {"pk": 262, "model": "ed_news.comment", "fields": {"ranking_points": 29, "comment_text": "Yeah, I was kind of thinking that.", "author": 5, "parent_submission": 3, "parent_comment": 34, "visible": true, "flags": [], "submission_time": "2014-03-10T23:59:23.979Z", "upvotes": [], "downvotes": []}}, {"pk": 263, "model": "ed_news.comment", "fields": {"ranking_points": 30, "comment_text": "Yeah, I was kind of thinking that.", "author": 5, "parent_submission": 13, "parent_comment": 189, "visible": true, "flags": [], "submission_time": "2014-03-10T23:59:23.986Z", "upvotes": [], "downvotes": []}}, {"pk": 264, "model": "ed_news.comment", "fields": {"ranking_points": 29, "comment_text": "Yeah, I was kind of thinking that.", "author": 5, "parent_submission": 12, "parent_comment": 178, "visible": true, "flags": [], "submission_time": "2014-03-10T23:59:23.991Z", "upvotes": [], "downvotes": []}}, {"pk": 265, "model": "ed_news.comment", "fields": {"ranking_points": 30, "comment_text": "Yeah, I was kind of thinking that.", "author": 5, "parent_submission": 8, "parent_comment": 106, "visible": true, "flags": [], "submission_time": "2014-03-10T23:59:23.997Z", "upvotes": [], "downvotes": []}}, {"pk": 266, "model": "ed_news.comment", "fields": {"ranking_points": 30, "comment_text": "Yeah, I was kind of thinking that.", "author": 5, "parent_submission": 13, "parent_comment": 189, "visible": true, "flags": [], "submission_time": "2014-03-10T23:59:24.002Z", "upvotes": [], "downvotes": []}}, {"pk": 267, "model": "ed_news.comment", "fields": {"ranking_points": 0, "comment_text": "Yeah, I was kind of thinking that.", "author": 5, "parent_submission": 6, "parent_comment": 254, "visible": true, "flags": [], "submission_time": "2014-03-10T23:59:24.007Z", "upvotes": [], "downvotes": []}}, {"pk": 268, "model": "ed_news.comment", "fields": {"ranking_points": 29, "comment_text": "Yeah, I was kind of thinking that.", "author": 5, "parent_submission": 10, "parent_comment": 143, "visible": true, "flags": [], "submission_time": "2014-03-10T23:59:24.013Z", "upvotes": [], "downvotes": []}}, {"pk": 269, "model": "ed_news.comment", "fields": {"ranking_points": 0, "comment_text": "Yeah, I was kind of thinking that.", "author": 5, "parent_submission": 11, "parent_comment": 158, "visible": true, "flags": [], "submission_time": "2014-03-10T23:59:24.019Z", "upvotes": [], "downvotes": []}}, {"pk": 270, "model": "ed_news.comment", "fields": {"ranking_points": 30, "comment_text": "Yeah, I was kind of thinking that.", "author": 5, "parent_submission": 13, "parent_comment": 266, "visible": true, "flags": [], "submission_time": "2014-03-10T23:59:24.024Z", "upvotes": [], "downvotes": []}}, {"pk": 271, "model": "ed_news.comment", "fields": {"ranking_points": 29, "comment_text": "Yeah, I was kind of thinking that.", "author": 6, "parent_submission": 12, "parent_comment": 176, "visible": true, "flags": [], "submission_time": "2014-03-10T23:59:24.029Z", "upvotes": [], "downvotes": []}}, {"pk": 272, "model": "ed_news.comment", "fields": {"ranking_points": 0, "comment_text": "Yeah, I was kind of thinking that.", "author": 6, "parent_submission": 6, "parent_comment": 80, "visible": true, "flags": [], "submission_time": "2014-03-10T23:59:24.035Z", "upvotes": [], "downvotes": []}}, {"pk": 273, "model": "ed_news.comment", "fields": {"ranking_points": 29, "comment_text": "Yeah, I was kind of thinking that.", "author": 6, "parent_submission": 9, "parent_comment": 131, "visible": true, "flags": [], "submission_time": "2014-03-10T23:59:24.040Z", "upvotes": [], "downvotes": []}}, {"pk": 274, "model": "ed_news.comment", "fields": {"ranking_points": 29, "comment_text": "Yeah, I was kind of thinking that.", "author": 6, "parent_submission": 9, "parent_comment": 131, "visible": true, "flags": [], "submission_time": "2014-03-10T23:59:24.047Z", "upvotes": [], "downvotes": []}}, {"pk": 275, "model": "ed_news.comment", "fields": {"ranking_points": 30, "comment_text": "Yeah, I was kind of thinking that.", "author": 6, "parent_submission": 13, "parent_comment": 192, "visible": true, "flags": [], "submission_time": "2014-03-10T23:59:24.054Z", "upvotes": [], "downvotes": []}}, {"pk": 276, "model": "ed_news.comment", "fields": {"ranking_points": 0, "comment_text": "Yeah, I was kind of thinking that.", "author": 6, "parent_submission": 11, "parent_comment": 244, "visible": true, "flags": [], "submission_time": "2014-03-10T23:59:24.061Z", "upvotes": [], "downvotes": []}}, {"pk": 277, "model": "ed_news.comment", "fields": {"ranking_points": 29, "comment_text": "Yeah, I was kind of thinking that.", "author": 6, "parent_submission": 14, "parent_comment": 209, "visible": true, "flags": [], "submission_time": "2014-03-10T23:59:24.067Z", "upvotes": [], "downvotes": []}}, {"pk": 278, "model": "ed_news.comment", "fields": {"ranking_points": 0, "comment_text": "Yeah, I was kind of thinking that.", "author": 6, "parent_submission": 11, "parent_comment": 244, "visible": true, "flags": [], "submission_time": "2014-03-10T23:59:24.076Z", "upvotes": [], "downvotes": []}}, {"pk": 279, "model": "ed_news.comment", "fields": {"ranking_points": 29, "comment_text": "Yeah, I was kind of thinking that.", "author": 6, "parent_submission": 14, "parent_comment": 246, "visible": true, "flags": [], "submission_time": "2014-03-10T23:59:24.084Z", "upvotes": [], "downvotes": []}}, {"pk": 280, "model": "ed_news.comment", "fields": {"ranking_points": 30, "comment_text": "Yeah, I was kind of thinking that.", "author": 6, "parent_submission": 13, "parent_comment": 181, "visible": true, "flags": [], "submission_time": "2014-03-10T23:59:24.091Z", "upvotes": [], "downvotes": []}}, {"pk": 281, "model": "ed_news.comment", "fields": {"ranking_points": 30, "comment_text": "Yeah, I was kind of thinking that.", "author": 6, "parent_submission": 1, "parent_comment": 3, "visible": true, "flags": [], "submission_time": "2014-03-10T23:59:24.098Z", "upvotes": [], "downvotes": []}}, {"pk": 282, "model": "ed_news.comment", "fields": {"ranking_points": 29, "comment_text": "Yeah, I was kind of thinking that.", "author": 6, "parent_submission": 9, "parent_comment": 123, "visible": true, "flags": [], "submission_time": "2014-03-10T23:59:24.106Z", "upvotes": [], "downvotes": []}}, {"pk": 283, "model": "ed_news.comment", "fields": {"ranking_points": 29, "comment_text": "Yeah, I was kind of thinking that.", "author": 6, "parent_submission": 3, "parent_comment": 32, "visible": true, "flags": [], "submission_time": "2014-03-10T23:59:24.114Z", "upvotes": [], "downvotes": []}}, {"pk": 284, "model": "ed_news.comment", "fields": {"ranking_points": 29, "comment_text": "Yeah, I was kind of thinking that.", "author": 6, "parent_submission": 9, "parent_comment": 132, "visible": true, "flags": [], "submission_time": "2014-03-10T23:59:24.120Z", "upvotes": [], "downvotes": []}}, {"pk": 285, "model": "ed_news.comment", "fields": {"ranking_points": 30, "comment_text": "Yeah, I was kind of thinking that.", "author": 6, "parent_submission": 1, "parent_comment": 9, "visible": true, "flags": [], "submission_time": "2014-03-10T23:59:24.127Z", "upvotes": [], "downvotes": []}}, {"pk": 286, "model": "ed_news.comment", "fields": {"ranking_points": 30, "comment_text": "Yeah, I was kind of thinking that.", "author": 7, "parent_submission": 10, "parent_comment": 213, "visible": true, "flags": [], "submission_time": "2014-03-10T23:59:24.135Z", "upvotes": [], "downvotes": []}}, {"pk": 287, "model": "ed_news.comment", "fields": {"ranking_points": 30, "comment_text": "Yeah, I was kind of thinking that.", "author": 7, "parent_submission": 13, "parent_comment": 192, "visible": true, "flags": [], "submission_time": "2014-03-10T23:59:24.143Z", "upvotes": [], "downvotes": []}}, {"pk": 288, "model": "ed_news.comment", "fields": {"ranking_points": 0, "comment_text": "Yeah, I was kind of thinking that.", "author": 7, "parent_submission": 5, "parent_comment": 62, "visible": true, "flags": [], "submission_time": "2014-03-10T23:59:24.151Z", "upvotes": [], "downvotes": []}}, {"pk": 289, "model": "ed_news.comment", "fields": {"ranking_points": 0, "comment_text": "Yeah, I was kind of thinking that.", "author": 7, "parent_submission": 4, "parent_comment": 52, "visible": true, "flags": [], "submission_time": "2014-03-10T23:59:24.160Z", "upvotes": [], "downvotes": []}}, {"pk": 290, "model": "ed_news.comment", "fields": {"ranking_points": 30, "comment_text": "Yeah, I was kind of thinking that.", "author": 7, "parent_submission": 9, "parent_comment": 255, "visible": true, "flags": [], "submission_time": "2014-03-10T23:59:24.169Z", "upvotes": [], "downvotes": []}}, {"pk": 291, "model": "ed_news.comment", "fields": {"ranking_points": 29, "comment_text": "Yeah, I was kind of thinking that.", "author": 7, "parent_submission": 2, "parent_comment": 18, "visible": true, "flags": [], "submission_time": "2014-03-10T23:59:24.179Z", "upvotes": [], "downvotes": []}}, {"pk": 292, "model": "ed_news.comment", "fields": {"ranking_points": 29, "comment_text": "Yeah, I was kind of thinking that.", "author": 7, "parent_submission": 2, "parent_comment": 30, "visible": true, "flags": [], "submission_time": "2014-03-10T23:59:24.190Z", "upvotes": [], "downvotes": []}}, {"pk": 293, "model": "ed_news.comment", "fields": {"ranking_points": 29, "comment_text": "Yeah, I was kind of thinking that.", "author": 7, "parent_submission": 12, "parent_comment": 173, "visible": true, "flags": [], "submission_time": "2014-03-10T23:59:24.200Z", "upvotes": [], "downvotes": []}}, {"pk": 294, "model": "ed_news.comment", "fields": {"ranking_points": 0, "comment_text": "Yeah, I was kind of thinking that.", "author": 7, "parent_submission": 4, "parent_comment": 46, "visible": true, "flags": [], "submission_time": "2014-03-10T23:59:24.213Z", "upvotes": [], "downvotes": []}}, {"pk": 295, "model": "ed_news.comment", "fields": {"ranking_points": 30, "comment_text": "Yeah, I was kind of thinking that.", "author": 7, "parent_submission": 10, "parent_comment": 213, "visible": true, "flags": [], "submission_time": "2014-03-10T23:59:24.224Z", "upvotes": [], "downvotes": []}}, {"pk": 296, "model": "ed_news.comment", "fields": {"ranking_points": 30, "comment_text": "Yeah, I was kind of thinking that.", "author": 7, "parent_submission": 9, "parent_comment": 127, "visible": true, "flags": [], "submission_time": "2014-03-10T23:59:24.234Z", "upvotes": [], "downvotes": []}}, {"pk": 297, "model": "ed_news.comment", "fields": {"ranking_points": 29, "comment_text": "Yeah, I was kind of thinking that.", "author": 7, "parent_submission": 12, "parent_comment": 167, "visible": true, "flags": [], "submission_time": "2014-03-10T23:59:24.240Z", "upvotes": [], "downvotes": []}}, {"pk": 298, "model": "ed_news.comment", "fields": {"ranking_points": 0, "comment_text": "Yeah, I was kind of thinking that.", "author": 7, "parent_submission": 11, "parent_comment": 165, "visible": true, "flags": [], "submission_time": "2014-03-10T23:59:24.248Z", "upvotes": [], "downvotes": []}}, {"pk": 299, "model": "ed_news.comment", "fields": {"ranking_points": 0, "comment_text": "Yeah, I was kind of thinking that.", "author": 7, "parent_submission": 11, "parent_comment": 152, "visible": true, "flags": [], "submission_time": "2014-03-10T23:59:24.262Z", "upvotes": [], "downvotes": []}}, {"pk": 300, "model": "ed_news.comment", "fields": {"ranking_points": 0, "comment_text": "Yeah, I was kind of thinking that.", "author": 7, "parent_submission": 7, "parent_comment": 91, "visible": true, "flags": [], "submission_time": "2014-03-10T23:59:24.274Z", "upvotes": [], "downvotes": []}}, {"pk": 301, "model": "ed_news.comment", "fields": {"ranking_points": 0, "comment_text": "Yeah, I was kind of thinking that.", "author": 8, "parent_submission": 6, "parent_comment": 85, "visible": true, "flags": [], "submission_time": "2014-03-10T23:59:24.286Z", "upvotes": [], "downvotes": []}}, {"pk": 302, "model": "ed_news.comment", "fields": {"ranking_points": 0, "comment_text": "Yeah, I was kind of thinking that.", "author": 8, "parent_submission": 6, "parent_comment": 272, "visible": true, "flags": [], "submission_time": "2014-03-10T23:59:24.294Z", "upvotes": [], "downvotes": []}}, {"pk": 303, "model": "ed_news.comment", "fields": {"ranking_points": 0, "comment_text": "Yeah, I was kind of thinking that.", "author": 8, "parent_submission": 11, "parent_comment": 163, "visible": true, "flags": [], "submission_time": "2014-03-10T23:59:24.302Z", "upvotes": [], "downvotes": []}}, {"pk": 304, "model": "ed_news.comment", "fields": {"ranking_points": 0, "comment_text": "Yeah, I was kind of thinking that.", "author": 8, "parent_submission": 11, "parent_comment": 269, "visible": true, "flags": [], "submission_time": "2014-03-10T23:59:24.309Z", "upvotes": [], "downvotes": []}}, {"pk": 305, "model": "ed_news.comment", "fields": {"ranking_points": 0, "comment_text": "Yeah, I was kind of thinking that.", "author": 8, "parent_submission": 5, "parent_comment": 73, "visible": true, "flags": [], "submission_time": "2014-03-10T23:59:24.317Z", "upvotes": [], "downvotes": []}}, {"pk": 306, "model": "ed_news.comment", "fields": {"ranking_points": 29, "comment_text": "Yeah, I was kind of thinking that.", "author": 8, "parent_submission": 12, "parent_comment": 169, "visible": true, "flags": [], "submission_time": "2014-03-10T23:59:24.325Z", "upvotes": [], "downvotes": []}}, {"pk": 307, "model": "ed_news.comment", "fields": {"ranking_points": 0, "comment_text": "Yeah, I was kind of thinking that.", "author": 8, "parent_submission": 11, "parent_comment": 240, "visible": true, "flags": [], "submission_time": "2014-03-10T23:59:24.335Z", "upvotes": [], "downvotes": []}}, {"pk": 308, "model": "ed_news.comment", "fields": {"ranking_points": 30, "comment_text": "Yeah, I was kind of thinking that.", "author": 8, "parent_submission": 13, "parent_comment": 191, "visible": true, "flags": [], "submission_time": "2014-03-10T23:59:24.347Z", "upvotes": [], "downvotes": []}}, {"pk": 309, "model": "ed_news.comment", "fields": {"ranking_points": 30, "comment_text": "Yeah, I was kind of thinking that.", "author": 8, "parent_submission": 10, "parent_comment": 137, "visible": true, "flags": [], "submission_time": "2014-03-10T23:59:24.357Z", "upvotes": [], "downvotes": []}}, {"pk": 310, "model": "ed_news.comment", "fields": {"ranking_points": 0, "comment_text": "Yeah, I was kind of thinking that.", "author": 8, "parent_submission": 11, "parent_comment": 165, "visible": true, "flags": [], "submission_time": "2014-03-10T23:59:24.363Z", "upvotes": [], "downvotes": []}}, {"pk": 311, "model": "ed_news.comment", "fields": {"ranking_points": 30, "comment_text": "Yeah, I was kind of thinking that.", "author": 8, "parent_submission": 8, "parent_comment": 116, "visible": true, "flags": [], "submission_time": "2014-03-10T23:59:24.371Z", "upvotes": [], "downvotes": []}}, {"pk": 312, "model": "ed_news.comment", "fields": {"ranking_points": 0, "comment_text": "Yeah, I was kind of thinking that.", "author": 8, "parent_submission": 4, "parent_comment": 47, "visible": true, "flags": [], "submission_time": "2014-03-10T23:59:24.380Z", "upvotes": [], "downvotes": []}}, {"pk": 313, "model": "ed_news.comment", "fields": {"ranking_points": 30, "comment_text": "Yeah, I was kind of thinking that.", "author": 8, "parent_submission": 14, "parent_comment": 248, "visible": true, "flags": [], "submission_time": "2014-03-10T23:59:24.389Z", "upvotes": [], "downvotes": []}}, {"pk": 314, "model": "ed_news.comment", "fields": {"ranking_points": 30, "comment_text": "Yeah, I was kind of thinking that.", "author": 8, "parent_submission": 10, "parent_comment": 147, "visible": true, "flags": [], "submission_time": "2014-03-10T23:59:24.396Z", "upvotes": [], "downvotes": []}}, {"pk": 315, "model": "ed_news.comment", "fields": {"ranking_points": 30, "comment_text": "Yeah, I was kind of thinking that.", "author": 8, "parent_submission": 8, "parent_comment": 120, "visible": true, "flags": [], "submission_time": "2014-03-10T23:59:24.403Z", "upvotes": [], "downvotes": []}}]