[{"pk": 1, "model": "contenttypes.contenttype", "fields": {"model": "logentry", "name": "log entry", "app_label": "admin"}}, {"pk": 2, "model": "contenttypes.contenttype", "fields": {"model": "permission", "name": "permission", "app_label": "auth"}}, {"pk": 3, "model": "contenttypes.contenttype", "fields": {"model": "group", "name": "group", "app_label": "auth"}}, {"pk": 4, "model": "contenttypes.contenttype", "fields": {"model": "user", "name": "user", "app_label": "auth"}}, {"pk": 5, "model": "contenttypes.contenttype", "fields": {"model": "contenttype", "name": "content type", "app_label": "contenttypes"}}, {"pk": 6, "model": "contenttypes.contenttype", "fields": {"model": "session", "name": "session", "app_label": "sessions"}}, {"pk": 7, "model": "contenttypes.contenttype", "fields": {"model": "migrationhistory", "name": "migration history", "app_label": "south"}}, {"pk": 8, "model": "contenttypes.contenttype", "fields": {"model": "submission", "name": "submission", "app_label": "ed_news"}}, {"pk": 9, "model": "contenttypes.contenttype", "fields": {"model": "article", "name": "article", "app_label": "ed_news"}}, {"pk": 10, "model": "contenttypes.contenttype", "fields": {"model": "textpost", "name": "text post", "app_label": "ed_news"}}, {"pk": 11, "model": "contenttypes.contenttype", "fields": {"model": "userprofile", "name": "user profile", "app_label": "ed_news"}}, {"pk": 12, "model": "contenttypes.contenttype", "fields": {"model": "comment", "name": "comment", "app_label": "ed_news"}}, {"pk": "o2hd1ao33f0yfqwpfvw6e473hwz15qbr", "model": "sessions.session", "fields": {"expire_date": "2014-03-19T15:23:33.490Z", "session_data": "ZTM3OThmZWI0NzNkMDVkZTZhMDMwNWQ2M2ZhZTBmZTllYzdkZTljYTp7Il9hdXRoX3VzZXJfaWQiOjksIl9hdXRoX3VzZXJfYmFja2VuZCI6ImRqYW5nby5jb250cmliLmF1dGguYmFja2VuZHMuTW9kZWxCYWNrZW5kIn0="}}, {"pk": 1, "model": "south.migrationhistory", "fields": {"applied": "2014-03-05T15:23:27.343Z", "app_name": "ed_news", "migration": "0001_initial"}}, {"pk": 2, "model": "south.migrationhistory", "fields": {"applied": "2014-03-05T15:23:27.387Z", "app_name": "ed_news", "migration": "0002_auto__add_field_textpost_url"}}, {"pk": 3, "model": "south.migrationhistory", "fields": {"applied": "2014-03-05T15:23:27.436Z", "app_name": "ed_news", "migration": "0003_auto__del_field_article_url__del_field_textpost_url__add_field_submiss"}}, {"pk": 1, "model": "auth.permission", "fields": {"codename": "add_logentry", "name": "Can add log entry", "content_type": 1}}, {"pk": 2, "model": "auth.permission", "fields": {"codename": "change_logentry", "name": "Can change log entry", "content_type": 1}}, {"pk": 3, "model": "auth.permission", "fields": {"codename": "delete_logentry", "name": "Can delete log entry", "content_type": 1}}, {"pk": 4, "model": "auth.permission", "fields": {"codename": "add_permission", "name": "Can add permission", "content_type": 2}}, {"pk": 5, "model": "auth.permission", "fields": {"codename": "change_permission", "name": "Can change permission", "content_type": 2}}, {"pk": 6, "model": "auth.permission", "fields": {"codename": "delete_permission", "name": "Can delete permission", "content_type": 2}}, {"pk": 7, "model": "auth.permission", "fields": {"codename": "add_group", "name": "Can add group", "content_type": 3}}, {"pk": 8, "model": "auth.permission", "fields": {"codename": "change_group", "name": "Can change group", "content_type": 3}}, {"pk": 9, "model": "auth.permission", "fields": {"codename": "delete_group", "name": "Can delete group", "content_type": 3}}, {"pk": 10, "model": "auth.permission", "fields": {"codename": "add_user", "name": "Can add user", "content_type": 4}}, {"pk": 11, "model": "auth.permission", "fields": {"codename": "change_user", "name": "Can change user", "content_type": 4}}, {"pk": 12, "model": "auth.permission", "fields": {"codename": "delete_user", "name": "Can delete user", "content_type": 4}}, {"pk": 13, "model": "auth.permission", "fields": {"codename": "add_contenttype", "name": "Can add content type", "content_type": 5}}, {"pk": 14, "model": "auth.permission", "fields": {"codename": "change_contenttype", "name": "Can change content type", "content_type": 5}}, {"pk": 15, "model": "auth.permission", "fields": {"codename": "delete_contenttype", "name": "Can delete content type", "content_type": 5}}, {"pk": 16, "model": "auth.permission", "fields": {"codename": "add_session", "name": "Can add session", "content_type": 6}}, {"pk": 17, "model": "auth.permission", "fields": {"codename": "change_session", "name": "Can change session", "content_type": 6}}, {"pk": 18, "model": "auth.permission", "fields": {"codename": "delete_session", "name": "Can delete session", "content_type": 6}}, {"pk": 19, "model": "auth.permission", "fields": {"codename": "add_migrationhistory", "name": "Can add migration history", "content_type": 7}}, {"pk": 20, "model": "auth.permission", "fields": {"codename": "change_migrationhistory", "name": "Can change migration history", "content_type": 7}}, {"pk": 21, "model": "auth.permission", "fields": {"codename": "delete_migrationhistory", "name": "Can delete migration history", "content_type": 7}}, {"pk": 22, "model": "auth.permission", "fields": {"codename": "add_submission", "name": "Can add submission", "content_type": 8}}, {"pk": 23, "model": "auth.permission", "fields": {"codename": "change_submission", "name": "Can change submission", "content_type": 8}}, {"pk": 24, "model": "auth.permission", "fields": {"codename": "delete_submission", "name": "Can delete submission", "content_type": 8}}, {"pk": 25, "model": "auth.permission", "fields": {"codename": "add_article", "name": "Can add article", "content_type": 9}}, {"pk": 26, "model": "auth.permission", "fields": {"codename": "change_article", "name": "Can change article", "content_type": 9}}, {"pk": 27, "model": "auth.permission", "fields": {"codename": "delete_article", "name": "Can delete article", "content_type": 9}}, {"pk": 28, "model": "auth.permission", "fields": {"codename": "add_textpost", "name": "Can add text post", "content_type": 10}}, {"pk": 29, "model": "auth.permission", "fields": {"codename": "change_textpost", "name": "Can change text post", "content_type": 10}}, {"pk": 30, "model": "auth.permission", "fields": {"codename": "delete_textpost", "name": "Can delete text post", "content_type": 10}}, {"pk": 31, "model": "auth.permission", "fields": {"codename": "add_userprofile", "name": "Can add user profile", "content_type": 11}}, {"pk": 32, "model": "auth.permission", "fields": {"codename": "change_userprofile", "name": "Can change user profile", "content_type": 11}}, {"pk": 33, "model": "auth.permission", "fields": {"codename": "delete_userprofile", "name": "Can delete user profile", "content_type": 11}}, {"pk": 34, "model": "auth.permission", "fields": {"codename": "add_comment", "name": "Can add comment", "content_type": 12}}, {"pk": 35, "model": "auth.permission", "fields": {"codename": "change_comment", "name": "Can change comment", "content_type": 12}}, {"pk": 36, "model": "auth.permission", "fields": {"codename": "delete_comment", "name": "Can delete comment", "content_type": 12}}, {"pk": 8, "model": "auth.user", "fields": {"username": "user_0", "first_name": "", "last_name": "", "is_active": true, "is_superuser": false, "is_staff": false, "last_login": "2014-03-05T15:23:31.848Z", "groups": [], "user_permissions": [], "password": "pbkdf2_sha256$12000$0sYicQqhBqSi$Hvx1KSxw/EIPgd/5v2XAVM2D2eEqAPiBDFnUI6w/m9s=", "email": "", "date_joined": "2014-03-05T15:23:28.234Z"}}, {"pk": 9, "model": "auth.user", "fields": {"username": "user_1", "first_name": "", "last_name": "", "is_active": true, "is_superuser": false, "is_staff": false, "last_login": "2014-03-05T15:23:33.489Z", "groups": [], "user_permissions": [], "password": "pbkdf2_sha256$12000$U0Hw3aS61w9F$NZf4qxlOO9XKLQo9jqdsW5D/07PYuOIZF0ofmLo6mlA=", "email": "", "date_joined": "2014-03-05T15:23:28.287Z"}}, {"pk": 1, "model": "ed_news.submission", "fields": {"ranking_points": 84, "title": "I googled my username: user_00", "url": "http://google.com/#q=user_00", "visible": true, "flags": [], "submission_time": "2014-03-05T15:23:28.389Z", "submitter": 8, "upvotes": [8]}}, {"pk": 2, "model": "ed_news.submission", "fields": {"ranking_points": 84, "title": "I googled my username: user_01", "url": "http://google.com/#q=user_01", "visible": true, "flags": [], "submission_time": "2014-03-05T15:23:28.423Z", "submitter": 8, "upvotes": [8]}}, {"pk": 3, "model": "ed_news.submission", "fields": {"ranking_points": 64, "title": "I googled my username: user_10", "url": "http://google.com/#q=user_10", "visible": true, "flags": [], "submission_time": "2014-03-05T15:23:28.510Z", "submitter": 9, "upvotes": [9]}}, {"pk": 4, "model": "ed_news.submission", "fields": {"ranking_points": 84, "title": "I googled my username: user_11", "url": "http://google.com/#q=user_11", "visible": true, "flags": [], "submission_time": "2014-03-05T15:23:28.541Z", "submitter": 9, "upvotes": [9]}}, {"pk": 1, "model": "ed_news.article", "fields": {"upvotes": [8], "flags": []}}, {"pk": 2, "model": "ed_news.article", "fields": {"upvotes": [8], "flags": []}}, {"pk": 3, "model": "ed_news.article", "fields": {"upvotes": [9], "flags": []}}, {"pk": 4, "model": "ed_news.article", "fields": {"upvotes": [9], "flags": []}}, {"pk": 8, "model": "ed_news.userprofile", "fields": {"email_public": false, "user": 8, "show_invisible": false, "karma": 0}}, {"pk": 9, "model": "ed_news.userprofile", "fields": {"email_public": false, "user": 9, "show_invisible": false, "karma": 0}}, {"pk": 1, "model": "ed_news.comment", "fields": {"ranking_points": 29, "comment_text": "I just don't think you'll ever make a magnetic monopole.", "author": 8, "parent_submission": 1, "parent_comment": null, "visible": true, "flags": [], "submission_time": "2014-03-05T15:23:28.644Z", "upvotes": [], "downvotes": []}}, {"pk": 2, "model": "ed_news.comment", "fields": {"ranking_points": 29, "comment_text": "I just don't think you'll ever make a magnetic monopole.", "author": 8, "parent_submission": 1, "parent_comment": null, "visible": true, "flags": [], "submission_time": "2014-03-05T15:23:28.803Z", "upvotes": [], "downvotes": []}}, {"pk": 3, "model": "ed_news.comment", "fields": {"ranking_points": 29, "comment_text": "I just don't think you'll ever make a magnetic monopole.", "author": 8, "parent_submission": 1, "parent_comment": null, "visible": true, "flags": [], "submission_time": "2014-03-05T15:23:28.953Z", "upvotes": [], "downvotes": []}}, {"pk": 4, "model": "ed_news.comment", "fields": {"ranking_points": 29, "comment_text": "I just don't think you'll ever make a magnetic monopole.", "author": 8, "parent_submission": 2, "parent_comment": null, "visible": true, "flags": [], "submission_time": "2014-03-05T15:23:29.106Z", "upvotes": [], "downvotes": []}}, {"pk": 5, "model": "ed_news.comment", "fields": {"ranking_points": 29, "comment_text": "I just don't think you'll ever make a magnetic monopole.", "author": 8, "parent_submission": 2, "parent_comment": null, "visible": true, "flags": [], "submission_time": "2014-03-05T15:23:29.261Z", "upvotes": [], "downvotes": []}}, {"pk": 6, "model": "ed_news.comment", "fields": {"ranking_points": 29, "comment_text": "I just don't think you'll ever make a magnetic monopole.", "author": 8, "parent_submission": 2, "parent_comment": null, "visible": true, "flags": [], "submission_time": "2014-03-05T15:23:29.418Z", "upvotes": [], "downvotes": []}}, {"pk": 7, "model": "ed_news.comment", "fields": {"ranking_points": 29, "comment_text": "I just don't think you'll ever make a magnetic monopole.", "author": 8, "parent_submission": 3, "parent_comment": null, "visible": true, "flags": [], "submission_time": "2014-03-05T15:23:29.558Z", "upvotes": [], "downvotes": []}}, {"pk": 8, "model": "ed_news.comment", "fields": {"ranking_points": 29, "comment_text": "I just don't think you'll ever make a magnetic monopole.", "author": 8, "parent_submission": 3, "parent_comment": null, "visible": true, "flags": [], "submission_time": "2014-03-05T15:23:29.714Z", "upvotes": [], "downvotes": []}}, {"pk": 9, "model": "ed_news.comment", "fields": {"ranking_points": 29, "comment_text": "I just don't think you'll ever make a magnetic monopole.", "author": 9, "parent_submission": 3, "parent_comment": null, "visible": true, "flags": [], "submission_time": "2014-03-05T15:23:29.902Z", "upvotes": [], "downvotes": []}}, {"pk": 10, "model": "ed_news.comment", "fields": {"ranking_points": 29, "comment_text": "I just don't think you'll ever make a magnetic monopole.", "author": 8, "parent_submission": 4, "parent_comment": null, "visible": true, "flags": [], "submission_time": "2014-03-05T15:23:30.035Z", "upvotes": [], "downvotes": []}}, {"pk": 11, "model": "ed_news.comment", "fields": {"ranking_points": 29, "comment_text": "I just don't think you'll ever make a magnetic monopole.", "author": 8, "parent_submission": 4, "parent_comment": null, "visible": true, "flags": [], "submission_time": "2014-03-05T15:23:30.200Z", "upvotes": [], "downvotes": []}}, {"pk": 12, "model": "ed_news.comment", "fields": {"ranking_points": 29, "comment_text": "I just don't think you'll ever make a magnetic monopole.", "author": 9, "parent_submission": 4, "parent_comment": null, "visible": true, "flags": [], "submission_time": "2014-03-05T15:23:30.394Z", "upvotes": [], "downvotes": []}}, {"pk": 13, "model": "ed_news.comment", "fields": {"ranking_points": 0, "comment_text": "Yeah, I was kind of thinking that.", "author": 8, "parent_submission": null, "parent_comment": 5, "visible": true, "flags": [], "submission_time": "2014-03-05T15:23:30.542Z", "upvotes": [], "downvotes": []}}, {"pk": 14, "model": "ed_news.comment", "fields": {"ranking_points": 0, "comment_text": "Yeah, I was kind of thinking that.", "author": 8, "parent_submission": null, "parent_comment": 3, "visible": true, "flags": [], "submission_time": "2014-03-05T15:23:30.696Z", "upvotes": [], "downvotes": []}}, {"pk": 15, "model": "ed_news.comment", "fields": {"ranking_points": 0, "comment_text": "Yeah, I was kind of thinking that.", "author": 8, "parent_submission": null, "parent_comment": 6, "visible": true, "flags": [], "submission_time": "2014-03-05T15:23:30.868Z", "upvotes": [], "downvotes": []}}, {"pk": 16, "model": "ed_news.comment", "fields": {"ranking_points": 0, "comment_text": "Yeah, I was kind of thinking that.", "author": 8, "parent_submission": null, "parent_comment": 14, "visible": true, "flags": [], "submission_time": "2014-03-05T15:23:30.985Z", "upvotes": [], "downvotes": []}}, {"pk": 17, "model": "ed_news.comment", "fields": {"ranking_points": 0, "comment_text": "Yeah, I was kind of thinking that.", "author": 8, "parent_submission": null, "parent_comment": 11, "visible": true, "flags": [], "submission_time": "2014-03-05T15:23:31.112Z", "upvotes": [], "downvotes": []}}, {"pk": 18, "model": "ed_news.comment", "fields": {"ranking_points": 0, "comment_text": "Yeah, I was kind of thinking that.", "author": 8, "parent_submission": null, "parent_comment": 17, "visible": true, "flags": [], "submission_time": "2014-03-05T15:23:31.246Z", "upvotes": [], "downvotes": []}}, {"pk": 19, "model": "ed_news.comment", "fields": {"ranking_points": 0, "comment_text": "Yeah, I was kind of thinking that.", "author": 8, "parent_submission": null, "parent_comment": 9, "visible": true, "flags": [], "submission_time": "2014-03-05T15:23:31.429Z", "upvotes": [], "downvotes": []}}, {"pk": 20, "model": "ed_news.comment", "fields": {"ranking_points": 0, "comment_text": "Yeah, I was kind of thinking that.", "author": 8, "parent_submission": null, "parent_comment": 13, "visible": true, "flags": [], "submission_time": "2014-03-05T15:23:31.561Z", "upvotes": [], "downvotes": []}}, {"pk": 21, "model": "ed_news.comment", "fields": {"ranking_points": 0, "comment_text": "Yeah, I was kind of thinking that.", "author": 8, "parent_submission": null, "parent_comment": 7, "visible": true, "flags": [], "submission_time": "2014-03-05T15:23:31.702Z", "upvotes": [], "downvotes": []}}, {"pk": 22, "model": "ed_news.comment", "fields": {"ranking_points": 0, "comment_text": "Yeah, I was kind of thinking that.", "author": 8, "parent_submission": null, "parent_comment": 4, "visible": true, "flags": [], "submission_time": "2014-03-05T15:23:31.861Z", "upvotes": [], "downvotes": []}}, {"pk": 23, "model": "ed_news.comment", "fields": {"ranking_points": 0, "comment_text": "Yeah, I was kind of thinking that.", "author": 9, "parent_submission": null, "parent_comment": 18, "visible": true, "flags": [], "submission_time": "2014-03-05T15:23:32.003Z", "upvotes": [], "downvotes": []}}, {"pk": 24, "model": "ed_news.comment", "fields": {"ranking_points": 0, "comment_text": "Yeah, I was kind of thinking that.", "author": 9, "parent_submission": null, "parent_comment": 23, "visible": true, "flags": [], "submission_time": "2014-03-05T15:23:32.167Z", "upvotes": [], "downvotes": []}}, {"pk": 25, "model": "ed_news.comment", "fields": {"ranking_points": 0, "comment_text": "Yeah, I was kind of thinking that.", "author": 9, "parent_submission": null, "parent_comment": 14, "visible": true, "flags": [], "submission_time": "2014-03-05T15:23:32.335Z", "upvotes": [], "downvotes": []}}, {"pk": 26, "model": "ed_news.comment", "fields": {"ranking_points": 0, "comment_text": "Yeah, I was kind of thinking that.", "author": 9, "parent_submission": null, "parent_comment": 23, "visible": true, "flags": [], "submission_time": "2014-03-05T15:23:32.482Z", "upvotes": [], "downvotes": []}}, {"pk": 27, "model": "ed_news.comment", "fields": {"ranking_points": 0, "comment_text": "Yeah, I was kind of thinking that.", "author": 9, "parent_submission": null, "parent_comment": 11, "visible": true, "flags": [], "submission_time": "2014-03-05T15:23:32.647Z", "upvotes": [], "downvotes": []}}, {"pk": 28, "model": "ed_news.comment", "fields": {"ranking_points": 0, "comment_text": "Yeah, I was kind of thinking that.", "author": 9, "parent_submission": null, "parent_comment": 3, "visible": true, "flags": [], "submission_time": "2014-03-05T15:23:32.830Z", "upvotes": [], "downvotes": []}}, {"pk": 29, "model": "ed_news.comment", "fields": {"ranking_points": 0, "comment_text": "Yeah, I was kind of thinking that.", "author": 9, "parent_submission": null, "parent_comment": 5, "visible": true, "flags": [], "submission_time": "2014-03-05T15:23:32.971Z", "upvotes": [], "downvotes": []}}, {"pk": 30, "model": "ed_news.comment", "fields": {"ranking_points": 0, "comment_text": "Yeah, I was kind of thinking that.", "author": 9, "parent_submission": null, "parent_comment": 15, "visible": true, "flags": [], "submission_time": "2014-03-05T15:23:33.175Z", "upvotes": [], "downvotes": []}}, {"pk": 31, "model": "ed_news.comment", "fields": {"ranking_points": 0, "comment_text": "Yeah, I was kind of thinking that.", "author": 9, "parent_submission": null, "parent_comment": 2, "visible": true, "flags": [], "submission_time": "2014-03-05T15:23:33.367Z", "upvotes": [], "downvotes": []}}, {"pk": 32, "model": "ed_news.comment", "fields": {"ranking_points": 0, "comment_text": "Yeah, I was kind of thinking that.", "author": 9, "parent_submission": null, "parent_comment": 31, "visible": true, "flags": [], "submission_time": "2014-03-05T15:23:33.504Z", "upvotes": [], "downvotes": []}}]